Course ID;Course Title;Is Paid;Price;Subscribers;Reviews;Lectures;Level;Duration;Publish Date;Subject
288942;#1 Piano Hand Coordination: Play 10th Ballad in Eb Key songs;TRUE;"$35,00";3.137;18;68;All Levels;1.5 hours;2014-09-18;Musical Instruments
1170074;#10 Hand Coordination - Transfer Chord Ballad 9 - C & Bb Key;TRUE;"$75,00";1.593;1;41;Intermediate Level;1 hour;2017-04-12;Musical Instruments
1193886;#12 Hand Coordination: Let your Hands dance with Ballad 9;TRUE;"$75,00";482;1;47;Intermediate Level;1.5 hours;2017-04-26;Musical Instruments
1116700;#4 Piano Hand Coordination: Fun Piano Runs in 2 Beats C Key;TRUE;"$75,00";850;3;43;Intermediate Level;1 hour;2017-02-21;Musical Instruments
1120410;#5  Piano Hand Coordination:  Piano Runs in 2 Beats Eb Key;TRUE;"$75,00";940;3;32;Intermediate Level;37 mins;2017-02-21;Musical Instruments
1122832;#6 Piano Hand Coordination: Play Open 10 Ballad to 9/4 Song;TRUE;"$65,00";2.015;3;21;Intermediate Level;44 mins;2017-03-08;Musical Instruments
1123184;#7 Piano Hand Coordination: Play Piano Runs in 3 Beats 9/4;TRUE;"$65,00";2.015;2;25;Intermediate Level;1 hour;2017-03-08;Musical Instruments
768028;* An Integrated Approach to the Fundamentals of Accounting;TRUE;"$200,00";134;14;123;All Levels;5.5 hours;2016-03-15;Business Finance
206592;:::Beginners Guide To Creating Amazing Images with Canva:::;TRUE;"$25,00";72;5;17;Beginner Level;1 hour;2014-04-29;Graphic Design
738910;[Value Investing] Where White People Keep Their Money;TRUE;"$200,00";2.715;70;20;Expert Level;4 hours;2016-05-25;Business Finance
591880;1 - Concepts of Statistics For Beginners Step by Step;TRUE;"$200,00";273;4;15;Beginner Level;31 mins;2015-08-30;Business Finance
64605;1 Hour CSS;TRUE;"$100,00";18.324;333;16;Beginner Level;1 hour;2013-07-09;Web Development
64422;1 Hour HTML;TRUE;"$200,00";16.212;514;20;Beginner Level;1 hour;2013-07-09;Web Development
63612;1 Hour JavaScript;TRUE;"$200,00";22.999;602;18;Beginner Level;1 hour;2013-07-04;Web Development
72262;1 hour jQuery;TRUE;"$100,00";5.456;133;25;Beginner Level;1 hour;2013-08-03;Web Development
145220;1. Principles of Simple Interest ;TRUE;"$20,00";1.074;6;13;All Levels;1 hour;2014-01-13;Business Finance
302450;10 Numbers Every Business Owner Should Know;TRUE;"$20,00";13;1;9;All Levels;1 hour;2015-03-08;Business Finance
157336;10.  Bonds and Bond Pricing;TRUE;"$20,00";308;4;10;All Levels;1 hour;2014-02-11;Business Finance
897162;101 Awesome Rockabilly Guitar Licks;TRUE;"$40,00";407;64;33;Intermediate Level;2.5 hours;2016-08-10;Musical Instruments
384928;101 Blues riffs - learn how the harmonica superstars do it;TRUE;"$200,00";1.350;65;55;Intermediate Level;6.5 hours;2015-01-04;Musical Instruments
1165268;15  Motion Graphic Elements in After Effect (Series 2);TRUE;"$30,00";8;0;20;Intermediate Level;3 hours;2017-04-11;Graphic Design
315716;15 Mandamientos para ganar dinero en Bolsa;TRUE;"$20,00";45;2;49;All Levels;8.5 hours;2014-10-14;Business Finance
759972;150 Rock Guitar Licks You MUST Know;TRUE;"$45,00";252;14;21;All Levels;4.5 hours;2016-02-19;Musical Instruments
550842;16 Guitar Chords to Jam With - (Beginner - Intermediate);TRUE;"$20,00";1.224;19;20;Beginner Level;1 hour;2015-07-10;Musical Instruments
975916;17 Complete JavaScript   projects explained step by step;TRUE;"$185,00";327;26;106;Beginner Level;9.5 hours;2016-10-26;Web Development
638966;188% Profit in 1Year - Forex ALGO Robot Trading no indicator;TRUE;"$120,00";357;71;20;All Levels;2 hours;2016-05-03;Business Finance
486240;2 Easy Steps To Investment And Avoiding Traps;TRUE;"$20,00";828;1;20;All Levels;1 hour;2015-04-27;Business Finance
146454;2. Principles of Simple Interest - advanced problems;TRUE;"$20,00";10;1;12;Intermediate Level;1.5 hours;2014-01-20;Business Finance
54246;3 documentos clave para administrar tu empresa con éxito;TRUE;"$45,00";40;6;18;Intermediate Level;1 hour;2013-05-16;Business Finance
1089610;3 Little Pigs: A Multiple Timeframe Forex Trading Strategy;TRUE;"$20,00";18;0;6;All Levels;1.5 hours;2017-02-24;Business Finance
687248;3 step formula for playing guitar by ear;TRUE;"$25,00";3.937;54;20;Beginner Level;1.5 hours;2015-12-03;Musical Instruments
159388;3. Compound Interest ;TRUE;"$20,00";570;2;21;All Levels;2 hours;2014-02-11;Business Finance
1207112;30 Day Guitar Jump Start for Success;TRUE;"$105,00";31;4;92;Beginner Level;4 hours;2017-05-24;Musical Instruments
670640;31 Day Guitar Challenge;TRUE;"$40,00";1.029;22;32;Beginner Level;3.5 hours;2015-11-30;Musical Instruments
592594;3D Programming with WebGL and Babylon.js for Beginners;TRUE;"$200,00";549;49;18;Intermediate Level;2 hours;2015-08-31;Web Development
1164876;3DS MAX - Learn 3Ds MAX tutorial for Beginners in Urdu Hindi;TRUE;"$20,00";785;2;29;All Levels;4.5 hours;2017-04-18;Graphic Design
975982;4 Easy Daily Forex Trades: A Recipe for Trading Success;TRUE;"$200,00";319;19;12;All Levels;1 hour;2016-11-17;Business Finance
1234656;4 Week Rhythm Mastery;TRUE;"$20,00";0;0;28;Beginner Level;2.5 hours;2017-07-05;Musical Instruments
155616;4. Ordinary Simple Annuities: The Basics;TRUE;"$20,00";237;1;17;All Levels;1.5 hours;2014-01-31;Business Finance
599652;48 Logo Designs and Techniques;TRUE;"$20,00";113;9;48;All Levels;9 hours;2015-09-15;Graphic Design
830568;5 Exotic Guitar Scales and How to Use Them Effectively;TRUE;"$50,00";1.319;101;21;Intermediate Level;1 hour;2016-08-09;Musical Instruments
286070;5 lecciones que todo guitarrista debe tomar;FALSE;Free;4.452;263;14;Beginner Level;1 hour;2014-08-23;Musical Instruments
602450;6 Must Know Tricks to Successful Solos;TRUE;"$35,00";469;38;30;All Levels;4 hours;2015-09-28;Musical Instruments
166842;6. Annuities Due and Deferred;TRUE;"$20,00";170;0;16;All Levels;1.5 hours;2014-02-24;Business Finance
1231958;60 Minutes to Fundamental Accounting Skills;TRUE;"$75,00";0;0;9;Beginner Level;2.5 hours;2017-06-28;Business Finance
889824;61% Profit In 1 Month - Crush Your Forex Trading Paradigm;TRUE;"$20,00";1.027;29;25;All Levels;1.5 hours;2016-07-18;Business Finance
606928;7 Deadly Mistakes of Investing that Will Slash Your Profits!;TRUE;"$50,00";5.354;24;23;All Levels;1.5 hours;2015-09-21;Business Finance
1269190;7 Secrets To Designing In Black and White;TRUE;"$100,00";1.000;1;12;All Levels;1.5 hours;2017-06-27;Graphic Design
988804;7 Steps: Your Introduction to Trading;TRUE;"$25,00";1.076;22;176;Beginner Level;5 hours;2016-11-04;Business Finance
696630;"7 Ways A Beginner Guitarist Can Sound Better, Instantly!";FALSE;Free;4.529;193;7;Beginner Level;36 mins;2015-12-21;Musical Instruments
665042;8 Beautiful Ruby on Rails Apps in 30 Days & TDD - Immersive ;TRUE;"$100,00";5.962;466;132;All Levels;16 hours;2016-03-08;Web Development
614668;8 Steps To Achieve Financial Freedom And Escape Debt;TRUE;"$40,00";5;0;48;Beginner Level;5.5 hours;2015-11-13;Business Finance
794036;8 Stunden professionelles Cinema 4D Training;TRUE;"$50,00";18;1;38;All Levels;8.5 hours;2016-03-22;Graphic Design
172298;8. Amortization Schedules;TRUE;"$20,00";225;1;5;All Levels;1 hour;2014-03-19;Business Finance
383852;88 Logic - The Essential Guide To Learning Piano;TRUE;"$25,00";3;0;5;Beginner Level;32 mins;2015-01-13;Musical Instruments
158140;9. Sinking Funds;TRUE;"$20,00";205;1;5;All Levels;1 hour;2014-02-11;Business Finance
304490;A 13 Hour SQL Server 2014 /ASP.NET/CSS/C#/jQuery Course;TRUE;"$35,00";4.183;231;86;Intermediate Level;14 hours;2014-10-12;Web Development
955914;A beginner`s guide to fingerpicking and strumming guitar';FALSE;Free;3.481;29;20;Beginner Level;2 hours;2016-09-13;Musical Instruments
435626;A Beginners Guide to creating Vector Graphics With Photoshop;TRUE;"$20,00";1.207;5;19;Beginner Level;2 hours;2015-04-05;Graphic Design
1171994;A Beginner's Guide to Quantopian Futures API;TRUE;"$20,00";936;6;11;Intermediate Level;1.5 hours;2017-04-11;Business Finance
66383;A Beginners Guide to Technical Analysis of Stock Charts;TRUE;"$40,00";829;78;50;Beginner Level;8.5 hours;2013-09-15;Business Finance
221920;A Beginner's Guide to the Meteor JavaScript Framework;TRUE;"$50,00";898;132;40;Beginner Level;2 hours;2014-09-27;Web Development
247558;A Complete Guide to Becoming a Trader on the Forex Market;TRUE;"$25,00";562;11;15;All Levels;1 hour;2014-06-28;Business Finance
413713;A Complete Guide to Successful Freelance Logo Design Career;TRUE;"$145,00";2.745;61;67;All Levels;8.5 hours;2015-02-19;Graphic Design
1023196;A Complete Laravel basics from beginner to expert;TRUE;"$25,00";3.492;61;12;All Levels;1.5 hours;2016-12-06;Web Development
635570;A Guide to Analog Synths: For the modern EDM enthusiast.;TRUE;"$20,00";29;4;37;All Levels;3.5 hours;2016-04-20;Musical Instruments
904240;A Guide To Trade Binary Options Like An Expert;TRUE;"$55,00";4;0;21;All Levels;1 hour;2016-07-18;Business Finance
270976;A how to guide in HTML;FALSE;Free;7.318;205;8;Beginner Level;35 mins;2014-08-10;Web Development
76524;A new approach to piano and playing songs for beginners;TRUE;"$50,00";7.140;72;26;Beginner Level;1.5 hours;2013-08-11;Musical Instruments
302484;A Practical Guide to Wealth Creation;TRUE;"$35,00";6;0;7;All Levels;1 hour;2016-11-18;Business Finance
366514;A Value Investing Approach to the Stock Market;TRUE;"$20,00";1.189;12;15;All Levels;1.5 hours;2015-02-19;Business Finance
281690;A Very Complete Introduction To Laravel;TRUE;"$20,00";2.320;114;43;All Levels;6 hours;2014-08-24;Web Development
146450;A Year's Worth of Piano Lessons in One Weekend;TRUE;"$20,00";244;25;33;Beginner Level;6 hours;2014-04-30;Musical Instruments
223884;????iDraw??;TRUE;"$20,00";13;0;14;All Levels;1.5 hours;2014-06-12;Graphic Design
1214144;¡Triunfar en La Bolsa de Valores No Requiere de Experiencia!;FALSE;Free;338;7;6;Beginner Level;1 hour;2017-05-30;Business Finance
766320;????????????????????????????????????? Adobe Illustrator;TRUE;"$20,00";25;5;30;Beginner Level;9.5 hours;2016-02-25;Graphic Design
421546;?????????????? ?????????????????;FALSE;Free;2.079;258;25;All Levels;2 hours;2015-02-15;Business Finance
1250694;????????????????!?????????;TRUE;"$20,00";103;3;18;Beginner Level;1 hour;2017-06-27;Business Finance
829182;????????????????????????????????;TRUE;"$30,00";41;3;37;Beginner Level;3 hours;2016-05-25;Business Finance
1129652;???????!?ASALATO-????(???)?????????;TRUE;"$20,00";5;1;7;Beginner Level;35 mins;2017-04-19;Musical Instruments
1005312;?1??????!?????????????;TRUE;"$20,00";7.183;819;14;Beginner Level;1 hour;2017-01-19;Business Finance
814200;?????-Illustrator??????;TRUE;"$20,00";20;3;5;Beginner Level;41 mins;2016-04-26;Graphic Design
1100746;«???»???????????????;TRUE;"$25,00";3.840;296;33;Intermediate Level;1.5 hours;2017-02-21;Business Finance
597868;?????????? ?????????;TRUE;"$20,00";69;1;53;Beginner Level;3 hours;2015-11-07;Musical Instruments
687742;?????????? ?????????;TRUE;"$20,00";2;0;47;Beginner Level;3.5 hours;2016-02-18;Musical Instruments
847808;?????????? ?????????(???);TRUE;"$20,00";3;0;36;Beginner Level;1 hour;2016-10-03;Musical Instruments
733654;???????????! ???????????;TRUE;"$30,00";123;12;48;Beginner Level;3 hours;2016-02-16;Graphic Design
1139792;????????;TRUE;"$200,00";3;2;12;Beginner Level;36 mins;2017-03-17;Graphic Design
1093446;ABC do Adobe Illustrator;TRUE;"$35,00";115;15;56;Beginner Level;5.5 hours;2017-02-06;Graphic Design
1009068;ABC do Photoshop CC;TRUE;"$45,00";431;99;80;Beginner Level;7.5 hours;2016-11-21;Graphic Design
961774;ABC DO VIOLÃO E GUITARRA;TRUE;"$85,00";25;2;30;Beginner Level;2.5 hours;2017-03-03;Musical Instruments
1265814;ABRSM Grade III Piano Class - Handel Sonatina in G 2017-2018;TRUE;"$20,00";0;0;5;Beginner Level;31 mins;2017-07-06;Musical Instruments
548764;ACCA FA1 Recording Financial Transactions;TRUE;"$50,00";49;8;27;Beginner Level;3.5 hours;2015-07-14;Business Finance
557436;ACCA MA1 Management Information;TRUE;"$50,00";16;1;48;Beginner Level;3.5 hours;2015-08-24;Business Finance
535650;Accelerate Your Guitar Learning With Metal Techniques;TRUE;"$20,00";1.305;25;68;All Levels;6.5 hours;2015-08-18;Musical Instruments
886614;Accelerated ES6 JavaScript Training;TRUE;"$110,00";5.811;850;114;Intermediate Level;6 hours;2016-07-12;Web Development
886300;Accelerated JavaScript Training;TRUE;"$110,00";4.720;1.017;126;All Levels;7.5 hours;2016-07-12;Web Development
557208;Accounting - Basic Costing ;TRUE;"$40,00";108;2;37;Beginner Level;3.5 hours;2015-08-04;Business Finance
1219820;Accounting - The 6 most important rules you must learn;TRUE;"$20,00";0;0;9;All Levels;1 hour;2017-05-25;Business Finance
640100;Accounting & Financial Statement Analysis: Complete Training;TRUE;"$150,00";10.042;594;43;All Levels;3 hours;2015-10-22;Business Finance
317572;Accounting 1 Simplified for You;TRUE;"$45,00";2.490;95;13;Beginner Level;3 hours;2014-11-10;Business Finance
174800;Accounting 101: Guide to Business Accounting;TRUE;"$50,00";2.031;15;29;Beginner Level;14.5 hours;2014-04-21;Business Finance
402836;Accounting 101: How to read an Accounting Balance Sheet;TRUE;"$200,00";3.050;86;22;Beginner Level;2 hours;2015-01-27;Business Finance
267984;Accounting 101: Learn Business Finance Forecasting in 60mins;TRUE;"$95,00";1.730;12;12;All Levels;1.5 hours;2014-07-24;Business Finance
607362;Accounting 101-Master Class for Understanding Business;TRUE;"$20,00";37;2;43;All Levels;2.5 hours;2015-10-10;Business Finance
174790;Accounting 102: Guide to Business Accounting;TRUE;"$50,00";1.280;1;27;Intermediate Level;8.5 hours;2014-05-09;Business Finance
354324;Accounting 2 Simplified for You;TRUE;"$45,00";1.446;23;27;Beginner Level;5 hours;2014-12-09;Business Finance
1029322;Accounting and Business Basics;TRUE;"$200,00";5;0;10;All Levels;2 hours;2017-01-19;Business Finance
471440;Accounting and Finance for Bankers - A Comprehensive Study;TRUE;"$180,00";3.056;9;316;All Levels;24.5 hours;2015-04-10;Business Finance
531710;Accounting and the Triple Bottom Line;TRUE;"$30,00";6;2;19;Intermediate Level;33 mins;2015-07-10;Business Finance
510178;Accounting Bank Reconciliation Statement (College Level);TRUE;"$20,00";2.189;4;16;All Levels;1.5 hours;2015-05-25;Business Finance
494800;Accounting Basics - A Complete Study;TRUE;"$180,00";1.132;70;332;All Levels;29 hours;2015-05-06;Business Finance
671548;Accounting Basics 101 for Understanding Business;TRUE;"$20,00";7;2;18;All Levels;1 hour;2016-01-07;Business Finance
773650;"Accounting Basics by Hector Garcia, CPA";FALSE;Free;1.924;120;5;Beginner Level;1 hour;2016-02-25;Business Finance
441112;Accounting Basics in 66 Minutes (absolutely for beginners);TRUE;"$25,00";4.086;31;14;All Levels;1.5 hours;2015-03-08;Business Finance
521234;Accounting Books of Accounts (College Level);TRUE;"$20,00";911;2;18;All Levels;1.5 hours;2015-06-05;Business Finance
138004;Accounting Concepts For Technocrats;TRUE;"$20,00";261;2;35;Beginner Level;2.5 hours;2013-12-26;Business Finance
739972;Accounting Cycle: Learn the concepts in 60 minutes;TRUE;"$20,00";26;3;14;All Levels;1 hour;2016-01-26;Business Finance
577256;Accounting Department's Tips & Tricks - Beginner to Advanced;TRUE;"$95,00";1.222;14;61;All Levels;6 hours;2015-10-07;Business Finance
655300;Accounting for Beginners : Learn Basics in under 1 Hour;TRUE;"$50,00";1.971;13;20;Beginner Level;1.5 hours;2015-12-03;Business Finance
378464;Accounting for CA CPT Exams Part I;TRUE;"$50,00";874;2;120;All Levels;13.5 hours;2014-12-27;Business Finance
394636;Accounting for Deferred Taxes (Professional Course Level);TRUE;"$25,00";2.924;6;11;All Levels;1.5 hours;2015-01-15;Business Finance
258174;Accounting for Depreciation (Collage Level);TRUE;"$20,00";576;1;14;All Levels;1 hour;2014-07-09;Business Finance
298044;Accounting for everyone! ;TRUE;"$35,00";420;2;14;Beginner Level;1 hour;2014-11-19;Business Finance
508796;Accounting for School Students;TRUE;"$30,00";1.311;2;12;All Levels;1.5 hours;2015-05-22;Business Finance
48841;Accounting in 60 Minutes - A Brief Introduction;FALSE;Free;56.659;4.397;16;Beginner Level;1.5 hours;2013-04-07;Business Finance
221306;Accounting Is Easy (for Beginners);TRUE;"$20,00";3.870;12;90;All Levels;9 hours;2014-05-20;Business Finance
567070;Accounting Made Easy 2;TRUE;"$50,00";4.034;8;40;Intermediate Level;3 hours;2015-09-16;Business Finance
640062;Accounting Made Easy: A Quick Guide to Financial Accounting;TRUE;"$95,00";274;41;18;All Levels;1.5 hours;2015-10-26;Business Finance
1193288;Accounting Simplified;TRUE;"$30,00";3;0;41;All Levels;8.5 hours;2017-05-03;Business Finance
19653;Accounting Skills for Managers;TRUE;"$20,00";78;3;10;Beginner Level;1.5 hours;2012-06-27;Business Finance
343886;Accounting Standard 3 - An Analysis;TRUE;"$25,00";1.888;6;11;Intermediate Level;1 hour;2014-11-14;Business Finance
415802;Accounting Standards Basics (Professional Course Level);TRUE;"$20,00";2.222;9;12;All Levels;42 mins;2015-02-07;Business Finance
891490;"Accounting Superpowers: Learn Accounts, Understand Business!";TRUE;"$200,00";1.437;96;34;Beginner Level;2.5 hours;2016-08-08;Business Finance
455452;"Accounting, Finance and Banking - A Comprehensive Study";TRUE;"$180,00";507;36;395;All Levels;33 hours;2015-03-26;Business Finance
262370;Accounting: Get Hired Without Work Experience;TRUE;"$100,00";4.661;187;20;All Levels;1 hour;2014-09-01;Business Finance
99324;Acoustic Blues Guitar Lessons;FALSE;Free;8.217;109;10;Intermediate Level;1 hour;2013-09-30;Musical Instruments
112314;Acoustic Blues Guitar Lessons;TRUE;"$125,00";1.284;136;40;Intermediate Level;12.5 hours;2013-11-28;Musical Instruments
647276;Acoustic Blues Guitar Lessons;TRUE;"$75,00";189;18;101;Intermediate Level;4.5 hours;2016-01-10;Musical Instruments
517148;Acoustic Fingerstyle Guitar Course: Beginner to Advanced;TRUE;"$200,00";6.565;55;56;All Levels;4 hours;2015-08-04;Musical Instruments
198692;Acoustic Guitar After The Basics;TRUE;"$45,00";181;17;25;Intermediate Level;2.5 hours;2014-11-20;Musical Instruments
198690;Acoustic Guitar Basics;FALSE;Free;14.495;224;21;Beginner Level;2 hours;2014-08-07;Musical Instruments
832514;Acoustic Guitar Lessons For Beginners;TRUE;"$95,00";10;3;39;Beginner Level;3 hours;2016-04-27;Musical Instruments
1089062;Add realistic car paint to your pencil drawing in Photoshop!;TRUE;"$25,00";17;3;8;Beginner Level;1 hour;2017-02-02;Graphic Design
201894;Add Slide To Your Guitar Playing;TRUE;"$20,00";75;2;27;All Levels;44 mins;2014-05-28;Musical Instruments
425084;Administering Microsoft SQL Server 2012 Databases - 70-462;TRUE;"$60,00";586;65;98;All Levels;5.5 hours;2015-03-23;Web Development
935108;Adobe - Create a professional logo step-by-step (Beauty);TRUE;"$20,00";2.420;27;21;All Levels;1.5 hours;2016-08-27;Graphic Design
934790;Adobe - Create a professional logo step-by-step (Farming);TRUE;"$20,00";214;0;15;All Levels;1 hour;2016-08-18;Graphic Design
951912;Adobe - How to create a professional Video Title/ Web Banner;TRUE;"$20,00";1.606;8;9;All Levels;44 mins;2016-09-07;Graphic Design
895302;Adobe After Effect: Create 15 Advance Motion Graphic Element;TRUE;"$30,00";140;6;21;All Levels;2.5 hours;2016-07-07;Graphic Design
1152012;Adobe Experience Manager CMS Basics;TRUE;"$35,00";81;14;33;Beginner Level;1 hour;2017-05-02;Web Development
173134;Adobe Flash for Beginners - Build Flash Website From Scratch;TRUE;"$200,00";17.071;17;15;All Levels;1.5 hours;2014-03-01;Web Development
913194;Adobe Illustrator | Master in 3D;TRUE;"$25,00";445;4;14;All Levels;32 mins;2016-07-28;Graphic Design
628786;Adobe Illustrator Advanced Vector Artwork;TRUE;"$90,00";1.538;117;74;All Levels;7.5 hours;2017-02-06;Graphic Design
1022032;Adobe Illustrator CC;TRUE;"$20,00";43;12;46;Intermediate Level;9.5 hours;2016-12-26;Graphic Design
536780;Adobe Illustrator CC - From scratch ;TRUE;"$45,00";115;12;24;Beginner Level;5.5 hours;2015-06-26;Graphic Design
477634;Adobe Illustrator CC - Print Design for Beginners;TRUE;"$50,00";145;35;55;Beginner Level;6 hours;2016-03-08;Graphic Design
1013676;Adobe Illustrator CC 2017 for beginners;TRUE;"$195,00";2.489;39;12;Beginner Level;1.5 hours;2017-01-31;Graphic Design
1133716;Adobe Illustrator CC Advanced;TRUE;"$30,00";11;1;27;Beginner Level;1.5 hours;2017-03-08;Graphic Design
1136446;Adobe Illustrator CC Beginner;TRUE;"$30,00";2;0;37;Beginner Level;4 hours;2017-03-08;Graphic Design
140368;Adobe Illustrator CC for beginners;TRUE;"$20,00";270;28;118;Beginner Level;8 hours;2014-12-17;Graphic Design
733878;Adobe Illustrator Course in Urdu Basics Level Training;FALSE;Free;1.433;57;8;Beginner Level;1 hour;2016-01-19;Graphic Design
435138;Adobe Illustrator Creative Cloud:  Mastering the Upgrades;TRUE;"$20,00";22;3;57;Intermediate Level;2 hours;2015-03-16;Graphic Design
283038;Adobe Illustrator CS6 ?????? ???????;TRUE;"$35,00";48;15;74;All Levels;8 hours;2014-09-14;Graphic Design
585174;Adobe Illustrator Fast Track;TRUE;"$40,00";9;0;23;Beginner Level;2.5 hours;2015-08-18;Graphic Design
608090;Adobe Illustrator For Beginners: Design A Typographic Logo;TRUE;"$30,00";276;54;27;Beginner Level;1.5 hours;2015-10-15;Graphic Design
905244;Adobe Illustrator For Everyone: Create Detailed Vector Image;TRUE;"$185,00";165;17;11;All Levels;1.5 hours;2016-08-09;Graphic Design
872816;Adobe Illustrator in Under 10: Fast info at your Fingertips!;TRUE;"$30,00";1;0;34;All Levels;3.5 hours;2016-06-23;Graphic Design
1219520;Adobe Illustrator T-Shirt Design for Merch by Amazon;TRUE;"$20,00";390;44;15;All Levels;1 hour;2017-06-13;Graphic Design
983444;Adobe Illustrator Vectors For Hand Letterers;TRUE;"$100,00";23;2;9;Beginner Level;37 mins;2016-10-21;Graphic Design
452092;Adobe Illustrator: Create a Quick & Easy Unique Illustration;TRUE;"$95,00";1.418;57;19;Beginner Level;1.5 hours;2015-03-22;Graphic Design
933888;Adobe Illustrator: How to Draw Squared Animals Icons;TRUE;"$180,00";2.873;38;13;Beginner Level;32 mins;2017-01-10;Graphic Design
939882;Adobe Illustrator: Learn Easy Logo Design.;TRUE;"$20,00";371;5;26;All Levels;3.5 hours;2016-09-06;Graphic Design
1075366;Adobe InDesign CC 2017 Quick Start;TRUE;"$35,00";2;0;29;Beginner Level;2.5 hours;2017-04-17;Graphic Design
981684;Adobe InDesign CC Advanced;TRUE;"$30,00";114;24;50;Expert Level;3.5 hours;2016-10-18;Graphic Design
723818;Adobe Indesign CC Baslangiç;FALSE;Free;637;21;22;Beginner Level;2.5 hours;2016-01-14;Graphic Design
177584;Adobe InDesign CS6;TRUE;"$50,00";5;0;35;Beginner Level;5 hours;2014-03-31;Graphic Design
513212;Adobe InDesign Tips and Tricks;TRUE;"$80,00";4;0;8;All Levels;1 hour;2015-06-22;Graphic Design
651014;Adobe Photoshop (Complete Beginner);TRUE;"$200,00";98;3;33;Beginner Level;2 hours;2015-12-09;Graphic Design
705444;Adobe Photoshop CC - Fundamentos;TRUE;"$40,00";290;49;88;Beginner Level;7.5 hours;2016-01-06;Graphic Design
456388;Adobe Photoshop CC | The Essential Guide;TRUE;"$20,00";254;5;81;All Levels;4.5 hours;2015-05-12;Graphic Design
1080584;Adobe Photoshop CC for Photographers Advanced;TRUE;"$30,00";1;0;43;Expert Level;2.5 hours;2017-01-19;Graphic Design
986832;Adobe Photoshop CC Introduction;TRUE;"$30,00";1;0;55;Beginner Level;4.5 hours;2016-10-19;Graphic Design
1114470;Adobe Photoshop CS6 para Iniciantes;TRUE;"$40,00";5;0;63;Beginner Level;7 hours;2017-02-17;Graphic Design
638040;Adobe Photoshop Essentials: Master Adobe Photoshop CS6;TRUE;"$100,00";1.373;5;63;Beginner Level;2.5 hours;2015-11-18;Graphic Design
872262;Adobe Photoshop pentru Social Media;TRUE;"$20,00";0;0;12;Beginner Level;34 mins;2016-06-08;Graphic Design
1095488;Adobe photoshop The  Flying Land compositing;TRUE;"$70,00";2;0;23;All Levels;2.5 hours;2017-02-20;Graphic Design
632702;Adobe Suite : Unleash your creativity & benefit from it !;TRUE;"$200,00";1.005;4;46;All Levels;9.5 hours;2015-11-09;Graphic Design
31150;Advance Design of Logos and Brand Identity   ;TRUE;"$20,00";34;4;38;All Levels;2 hours;2013-02-16;Graphic Design
845794;Advance JavaScript for Coders: Learn OOP in JavaScript;TRUE;"$40,00";334;41;54;Intermediate Level;11.5 hours;2016-05-13;Web Development
855764;Advance Learning Tools Corel Draw Graphics Design;TRUE;"$40,00";797;13;70;Beginner Level;14 hours;2016-05-31;Graphic Design
467238;Advance Technical Analysis;TRUE;"$50,00";152;6;14;Expert Level;3.5 hours;2015-04-08;Business Finance
990284;Advance Unix : File Processing: AWK | GREP | VIM;TRUE;"$20,00";458;2;12;All Levels;1 hour;2017-05-03;Web Development
990532;Advance Unix : File Processing: AWK | SED | GREP | CUT | VIM;TRUE;"$75,00";578;40;84;Expert Level;5.5 hours;2017-01-27;Web Development
866584;Advanced Accounting A Complete Study for CA / CMA / CFA / CS;TRUE;"$150,00";1.535;16;462;All Levels;62 hours;2016-06-03;Business Finance
298558;Advanced Accounting for Investment Banking;TRUE;"$50,00";1.260;80;38;Intermediate Level;4 hours;2014-10-01;Business Finance
459468;Advanced Bassoon Studies - Learn to Master the Bassoon!?;TRUE;"$50,00";197;0;106;All Levels;6.5 hours;2015-04-15;Musical Instruments
1275790;Advanced Butterfly Spreads for Options Income Strategies;TRUE;"$60,00";16;1;8;Expert Level;1 hour;2017-07-04;Business Finance
373556;Advanced Clarinet Studies - Learn to Master the Clarinet!;TRUE;"$50,00";148;3;77;All Levels;4.5 hours;2015-01-01;Musical Instruments
471328;Advanced Euphonium Studies - Learn to Master the Euphonium!?;TRUE;"$50,00";106;7;89;All Levels;6 hours;2015-04-16;Musical Instruments
722682;Advanced Excel functions;TRUE;"$20,00";1.964;47;15;All Levels;1.5 hours;2016-01-12;Business Finance
960326;Advanced Features in Adobe Illustrator;TRUE;"$30,00";1.348;6;14;Intermediate Level;1 hour;2016-10-12;Graphic Design
42146;Advanced Finance and Accounting for Startups;TRUE;"$40,00";188;7;48;Intermediate Level;6.5 hours;2014-02-27;Business Finance
658766;Advanced Financial Management for CA / CS / CFA /CPA Exams;TRUE;"$150,00";375;15;194;All Levels;24.5 hours;2015-11-03;Business Finance
605074;Advanced Flute Studies - Learn to Master the Flute!?;TRUE;"$50,00";205;4;95;All Levels;5 hours;2015-09-07;Musical Instruments
368958;Advanced Graphic Design-Photoshop CC 2014 for Photographers;TRUE;"$20,00";314;11;19;All Levels;1.5 hours;2014-12-19;Graphic Design
619610;Advanced Horn Studies - Learn to Master the French Horn!?;TRUE;"$50,00";46;0;91;All Levels;7 hours;2015-09-23;Musical Instruments
26845;Advanced HTML5 Tutorial for Web Developers;TRUE;"$50,00";11.847;57;57;All Levels;7.5 hours;2012-10-17;Web Development
670034;Advanced Javascript;TRUE;"$200,00";6.601;1.304;26;Intermediate Level;3.5 hours;2015-11-21;Web Development
212398;Advanced Node.js Development;TRUE;"$55,00";2.565;32;41;Expert Level;3 hours;2014-08-28;Web Development
899702;Advanced Oboe Studies - Become a Master Oboist!?;TRUE;"$50,00";47;0;82;Expert Level;4 hours;2016-07-28;Musical Instruments
42634;"Advanced Options Concepts - Probability, Greeks, Simulation";TRUE;"$60,00";968;81;10;Intermediate Level;2 hours;2013-02-27;Business Finance
1269590;Advanced Options Trading Course;TRUE;"$40,00";1.252;2;6;Intermediate Level;32 mins;2017-06-29;Business Finance
737758;Advanced Prezi: Make Amazing Presentations ;TRUE;"$30,00";2.200;25;12;All Levels;1 hour;2016-01-24;Web Development
781532;Advanced React and Redux;TRUE;"$140,00";21.998;3.326;119;Intermediate Level;12 hours;2016-03-12;Web Development
184324;Advanced Saxophone Studies - Learn to Master the Saxophone!;TRUE;"$50,00";215;5;80;Intermediate Level;4 hours;2014-03-18;Musical Instruments
599504;Advanced Scalable Python Web Development Using Flask;TRUE;"$120,00";1.299;56;71;Intermediate Level;14 hours;2016-08-11;Web Development
530768;Advanced Stock Options for Serious Equity Investors!;TRUE;"$200,00";1.271;23;7;Expert Level;1.5 hours;2015-09-22;Business Finance
1263966;Advanced Technical Analysis PART1!;TRUE;"$100,00";9;1;19;Intermediate Level;3 hours;2017-06-27;Business Finance
866528;Advanced Trombone Studies - Learn to Master the Trombone!;TRUE;"$50,00";39;2;136;All Levels;8 hours;2016-07-05;Musical Instruments
188498;Advanced Trumpet Studies - Learn to Master the Trumpet!?;TRUE;"$50,00";184;4;82;Intermediate Level;4 hours;2014-03-26;Musical Instruments
459926;Advanced Tuba Studies - Become a Master of the Tuba!?;TRUE;"$50,00";173;0;63;All Levels;5 hours;2015-04-15;Musical Instruments
866384;Advanced WordPress Topics: Post Types Taxonomies & Metaboxes;TRUE;"$95,00";301;44;91;Intermediate Level;7.5 hours;2016-07-10;Web Development
677802;Adventure Capital: How to pay off debt ;TRUE;"$20,00";2.895;56;14;Beginner Level;1 hour;2015-11-23;Business Finance
849896;???????????????????;TRUE;"$20,00";139;36;29;Beginner Level;2 hours;2016-06-09;Business Finance
858764;??????????????????????;TRUE;"$20,00";58;11;28;All Levels;1.5 hours;2016-06-14;Business Finance
869716;????????????????????????;TRUE;"$20,00";68;10;45;Intermediate Level;2.5 hours;2016-07-01;Business Finance
863998;???????????????????????????;TRUE;"$20,00";91;7;30;All Levels;2 hours;2016-06-21;Business Finance
352782;??????????????2017??;TRUE;"$55,00";952;77;53;All Levels;3 hours;2014-12-10;Business Finance
212952;?????????|????????????;TRUE;"$20,00";701;55;16;Beginner Level;1.5 hours;2014-06-23;Business Finance
960786;????????????;TRUE;"$85,00";29;3;24;All Levels;39 mins;2016-11-28;Business Finance
217978;?????????;FALSE;Free;462;6;23;All Levels;3.5 hours;2014-05-17;Musical Instruments
1114164;Affinity Designer - making seamless patterns;TRUE;"$20,00";35;13;11;All Levels;1 hour;2017-02-20;Graphic Design
1069348;Affinity Designer - tworzenie wzorków;TRUE;"$20,00";1;1;11;Beginner Level;1.5 hours;2017-01-13;Graphic Design
1158854;Affinity Designer for beginners;TRUE;"$20,00";30;6;23;Beginner Level;4.5 hours;2017-05-01;Graphic Design
1105778;A-Frame WebVR Programming Tutorial Series (Virtual Reality);TRUE;"$40,00";6.648;16;22;Beginner Level;1.5 hours;2017-05-24;Web Development
956002;After Effects - Alles rund um das Tracking;TRUE;"$20,00";1;0;6;Beginner Level;1.5 hours;2016-09-13;Graphic Design
212506;Ahora aprende a tocar jazz en el piano;TRUE;"$30,00";4;0;9;All Levels;1.5 hours;2014-05-09;Musical Instruments
691760;Ajax  for Beginners: A Very Basic Introduction;TRUE;"$65,00";755;5;18;Beginner Level;2 hours;2016-01-25;Web Development
446608;AJAX : Let's build a COOL project;TRUE;"$70,00";4.183;292;38;All Levels;3.5 hours;2015-03-13;Web Development
955138;AJAX :basics for beginners;TRUE;"$35,00";1.241;23;9;All Levels;34 mins;2016-09-10;Web Development
16151;AJAX Development;TRUE;"$20,00";7.867;147;23;All Levels;3 hours;2012-05-15;Web Development
564366;"Ajax in JavaScript and JQuery, with PHP - Creating Chat App";TRUE;"$200,00";3.399;85;15;All Levels;1.5 hours;2015-07-27;Web Development
754156;Aktiver Vermögensaufbau mit ETF;TRUE;"$20,00";112;18;33;Beginner Level;2 hours;2016-02-22;Business Finance
594936;Algorithmic futures trading - Investing with no experience;TRUE;"$195,00";1.512;23;19;All Levels;1.5 hours;2015-09-14;Business Finance
258232;Algorithmic Trading In Forex: Create Your First Forex Robot!;TRUE;"$185,00";7.941;713;40;All Levels;6.5 hours;2014-08-11;Business Finance
517938;Algorithmic Trading in MATLAB: WFAToolbox App GUI (Finance);TRUE;"$20,00";1.749;41;21;All Levels;1 hour;2015-06-23;Business Finance
975074;ALGOTECH Hedge Fund Method for Stock Market Trading;TRUE;"$20,00";605;19;4;All Levels;19 mins;2016-10-10;Business Finance
82778;All about NodeJS;TRUE;"$50,00";8.755;931;133;All Levels;15.5 hours;2014-12-19;Web Development
1090194;All in one HTML CSS and JQuery;TRUE;"$20,00";3.444;35;16;All Levels;3 hours;2017-01-27;Web Development
177912;All You Need To Know About AngularJS - Training On AngularJS;TRUE;"$50,00";1.936;88;53;All Levels;5 hours;2014-03-07;Web Development
380668;All-in-One Premium Design Course - Scratch to Pro+ Edition;TRUE;"$200,00";919;57;56;All Levels;5.5 hours;2015-02-20;Graphic Design
749616;Alternate Picking Speed & Accuracy;TRUE;"$20,00";19;4;83;All Levels;3.5 hours;2016-05-12;Musical Instruments
799912;Alto Saxophone Lessons For Beginners;TRUE;"$95,00";51;7;42;Beginner Level;3 hours;2016-03-23;Musical Instruments
547190;Amazing Graphic Design for Beginners;TRUE;"$20,00";32;10;5;Beginner Level;42 mins;2015-07-08;Graphic Design
997916;Amazon Alexa Development: From Beginner to Intermediate;TRUE;"$140,00";1.858;110;52;All Levels;2.5 hours;2016-12-03;Web Development
446736;Amazon s3 Mastery - THE How-To' Guides For Amazon S3;TRUE;"$95,00";1.811;118;36;All Levels;3.5 hours;2015-03-18;Web Development
691180;An Abundance Mindset: How to Craft Yours;TRUE;"$50,00";33;4;40;Beginner Level;4.5 hours;2016-01-22;Business Finance
518188;An Easy Introduction to Adobe Photoshop;TRUE;"$20,00";1;0;6;Beginner Level;1 hour;2015-07-07;Graphic Design
707644;An Intro into Trading the Financial Markets;TRUE;"$100,00";1.006;14;17;Beginner Level;1.5 hours;2016-09-03;Business Finance
1179546;An Introduction to Financial Markets on Wall Street;TRUE;"$30,00";7;1;29;All Levels;2 hours;2017-04-28;Business Finance
177214;An Introduction to Management of Portfolios (MoP);TRUE;"$20,00";117;15;6;Beginner Level;1.5 hours;2014-03-06;Business Finance
323828;"An Introduction: MT4 Email, Sound, Notification Forex Alerts";TRUE;"$20,00";323;30;11;Intermediate Level;37 mins;2014-11-01;Business Finance
868128;Análise de Concessão de Crédito;TRUE;"$20,00";31;11;20;All Levels;10.5 hours;2016-06-29;Business Finance
1013190;Analysis and Evaluation of Economic Feasibility of Projects;TRUE;"$100,00";10;1;8;Intermediate Level;1 hour;2016-12-19;Business Finance
1028030;Analysis of Company Financial Statements;TRUE;"$20,00";832;34;34;All Levels;1.5 hours;2016-12-07;Business Finance
552058;Analyze Real Estate Investments | Financial Modeling;TRUE;"$20,00";120;18;21;All Levels;2 hours;2015-07-21;Business Finance
880202;Anatomy and Figure Drawing for Beginners;TRUE;"$150,00";2.252;240;111;Beginner Level;21 hours;2016-06-20;Graphic Design
62721;Anatomy for Figure Drawing: Mastering the Human Figure;TRUE;"$95,00";15.500;754;65;All Levels;68.5 hours;2013-10-16;Graphic Design
833442;Angular (Angular 2 or 4) & NodeJS - The MEAN Stack Guide;TRUE;"$150,00";17.297;3.166;111;All Levels;8.5 hours;2016-05-02;Web Development
825752;Angular 2 - Superheroic Framework;TRUE;"$20,00";702;21;30;Beginner Level;3 hours;2016-05-04;Web Development
997814;Angular 2 & TypeScript Beginner Web Development;TRUE;"$200,00";5.211;414;133;Beginner Level;19.5 hours;2016-11-14;Web Development
1004134;Angular 2 + Rails 5 Bootcamp;TRUE;"$150,00";1.967;372;60;Intermediate Level;9 hours;2016-11-15;Web Development
1155262;"Angular 2 Complete E-Commerce App Course - Java,Spring,MySQL";TRUE;"$195,00";949;129;89;All Levels;20.5 hours;2017-03-27;Web Development
874166;Angular 2 Crash Course with TypeScript;TRUE;"$100,00";16.409;589;74;All Levels;4 hours;2016-06-14;Web Development
500628;Angular 2 Demystified;TRUE;"$20,00";3.150;69;49;All Levels;3.5 hours;2015-05-18;Web Development
863954;Angular 2 From The Ground Up;TRUE;"$30,00";1.737;471;87;All Levels;11.5 hours;2016-06-02;Web Development
821788;Angular 2 Fundamentals for Web Developers;TRUE;"$40,00";450;61;41;All Levels;6 hours;2016-04-14;Web Development
671960;Angular 2 Jump Start With Typescript;TRUE;"$20,00";1.731;90;74;All Levels;4 hours;2015-12-08;Web Development
769390;Angular 2 Master Class with Alejandro Rangel;TRUE;"$30,00";4.157;206;80;All Levels;9.5 hours;2016-03-01;Web Development
1121650;Angular 2 Routing: Up And Running;FALSE;Free;3.357;84;13;Intermediate Level;37 mins;2017-02-21;Web Development
719002;Angular 2 with TypeScript for Beginners: The Pragmatic Guide;TRUE;"$150,00";40.070;8.341;194;All Levels;9.5 hours;2016-03-03;Web Development
866460;Angular 2+ with Typescript - Essential Training;TRUE;"$195,00";29.348;780;66;Beginner Level;3 hours;2016-11-29;Web Development
712960;"Angular 4 - Concepts, Code and Collective Wisdom";TRUE;"$50,00";851;164;75;Intermediate Level;4.5 hours;2016-04-20;Web Development
1247828;Angular 4 (2+) Crash Course for Beginners;TRUE;"$120,00";12.366;506;120;Beginner Level;9 hours;2017-06-23;Web Development
756150;Angular 4 (formerly Angular 2) - The Complete Guide;TRUE;"$190,00";73.783;19.649;329;All Levels;22 hours;2016-02-11;Web Development
1256136;Angular 4 Development Decoded;TRUE;"$20,00";1.802;13;8;Intermediate Level;1 hour;2017-06-21;Web Development
1277924;Angular 4 Front To Back;TRUE;"$40,00";44;0;68;All Levels;8.5 hours;2017-07-06;Web Development
929130;Angular 4: From Theory to Practice & FREE E-Book;TRUE;"$200,00";4.375;622;129;Intermediate Level;15.5 hours;2016-11-15;Web Development
1204590;Angular Advanced MasterClass & FREE E-Book;TRUE;"$150,00";228;9;72;Intermediate Level;6.5 hours;2017-07-03;Web Development
965870;Angular and Firebase - Build a Web App with Typescript;TRUE;"$150,00";1.966;359;65;All Levels;5 hours;2016-09-27;Web Development
959604;Angular JS Essentials;TRUE;"$195,00";4.687;99;24;Beginner Level;4 hours;2017-01-03;Web Development
833398;Angular Masterclass;TRUE;"$150,00";4.057;359;99;All Levels;6.5 hours;2016-05-09;Web Development
1102962;Angular Material - Quickstart;FALSE;Free;3.766;135;14;Beginner Level;42 mins;2017-03-09;Web Development
1045942;Angular NgRx Store Masterclass - Covers Angular 4;TRUE;"$150,00";1.399;212;89;Intermediate Level;8.5 hours;2017-01-19;Web Development
1145430;Angular Styling & Animations (for Angular 2 and Angular 4);TRUE;"$120,00";4.138;307;107;Intermediate Level;6 hours;2017-03-28;Web Development
1127988;Angular Tutorial For Beginners;FALSE;Free;5.397;112;36;Beginner Level;2.5 hours;2017-02-28;Web Development
957362;AngularJs :basics for beginners;TRUE;"$45,00";1.237;16;14;All Levels;1 hour;2016-09-19;Web Development
808622;AngularJS Authentication: Secure Your App with Auth0;FALSE;Free;21.689;1.080;13;All Levels;1 hour;2016-04-01;Web Development
420652;AngularJS Custom Directives with Dan Wahlin;TRUE;"$75,00";4.128;434;61;All Levels;6 hours;2015-02-21;Web Development
572268;AngularJS For .Net Developers From Scratch;TRUE;"$50,00";2.494;303;40;Intermediate Level;4.5 hours;2016-03-09;Web Development
412952;AngularJS For ASP.NET MVC Developers;TRUE;"$50,00";3.011;57;10;Intermediate Level;1 hour;2015-02-23;Web Development
511934;AngularJS For Beginners;FALSE;Free;30.531;1.948;53;All Levels;3 hours;2015-06-30;Web Development
332252;"AngularJS for Beginners, Single-Page Applications Made Easy";TRUE;"$200,00";1.284;46;30;All Levels;1.5 hours;2014-11-18;Web Development
173888;AngularJS for the Real World - Learn by creating a WebApp;TRUE;"$115,00";1.407;137;69;All Levels;7 hours;2015-09-07;Web Development
164554;AngularJS JumpStart with Dan Wahlin;TRUE;"$75,00";17.802;2.144;113;All Levels;10 hours;2014-03-24;Web Development
419318;AngularJS Masterclass - Deep Dive & Understand AngularJS;TRUE;"$100,00";2.912;309;85;All Levels;6 hours;2015-03-04;Web Development
572270;Angularjs-WebApi2-EFCodeFirst Web App On 3-Tier Architecture;TRUE;"$60,00";652;48;46;Intermediate Level;6.5 hours;2017-01-16;Web Development
837798;?? Illustrator CC : Be a Graphic Designer in Illustrator CC;TRUE;"$25,00";1.456;62;77;All Levels;6.5 hours;2016-07-06;Graphic Design
472592;App Design + Web Design + Photoshop = Combined Course;TRUE;"$115,00";1.087;6;24;Beginner Level;2 hours;2015-04-27;Graphic Design
364986;Apple Watch Design;TRUE;"$20,00";9.847;24;35;All Levels;4 hours;2014-12-29;Graphic Design
692176;Apply finance concepts for smart project management;FALSE;Free;3.465;161;24;Beginner Level;2 hours;2016-02-23;Business Finance
969348;AppML :basics for beginners;TRUE;"$30,00";770;0;8;All Levels;38 mins;2016-09-27;Web Development
1097486;Apprendre à trader sur le marché du Forex - guide complet;TRUE;"$140,00";187;47;38;Beginner Level;3 hours;2017-03-07;Business Finance
871682;Aprenda  a Investir;TRUE;"$20,00";34;4;9;All Levels;8 hours;2016-06-30;Business Finance
1178820;Aprenda a Investir no Tesouro Direto Passo a Passo;TRUE;"$35,00";62;10;19;All Levels;1 hour;2017-04-25;Business Finance
1021104;Aprenda a Investir seu Dinheiro;TRUE;"$85,00";150;28;19;All Levels;2.5 hours;2017-01-20;Business Finance
922828;Aprenda a tocar Pandeiro - Curso Iniciante - Samba/Choro;TRUE;"$90,00";85;22;20;Beginner Level;2 hours;2016-08-21;Musical Instruments
865630;Aprenda Cálculo Financeiro de Forma Simples;TRUE;"$20,00";76;14;21;All Levels;2 hours;2016-06-02;Business Finance
896742;Aprenda Modelagem 3D com o 123D Design;FALSE;Free;334;26;27;Beginner Level;1 hour;2016-07-07;Graphic Design
129274;Aprende a Ganar Dinero en la Bolsa;TRUE;"$30,00";112;16;42;All Levels;4 hours;2013-12-11;Business Finance
119276;Aprende a hacer paper trading (simulación) con Ninja Trader;TRUE;"$25,00";148;3;15;Beginner Level;1.5 hours;2013-11-15;Business Finance
195196;Aprende a improvisar en la guitarra eléctrica;TRUE;"$50,00";3;0;19;All Levels;3 hours;2014-05-05;Musical Instruments
501996;Aprende a invertir practicando;TRUE;"$35,00";26;9;42;All Levels;2 hours;2015-05-28;Business Finance
1062144;Aprende a invertir sin capital;TRUE;"$130,00";649;37;29;Beginner Level;1.5 hours;2017-05-01;Business Finance
173462;Aprende a invertir y deja que tu dinero trabaje para ti;TRUE;"$145,00";789;68;95;All Levels;14 hours;2014-03-03;Business Finance
734280;Aprende a llevar la contabilidad de forma informatizada;TRUE;"$25,00";6;1;27;Beginner Level;4.5 hours;2016-02-08;Business Finance
212492;Aprende a tocar blues en el piano y teclado;TRUE;"$50,00";10;4;22;All Levels;2.5 hours;2014-05-09;Musical Instruments
217628;Aprende a tocar el acordeón de botones;TRUE;"$50,00";22;4;21;All Levels;3.5 hours;2014-05-19;Musical Instruments
1152334;Aprende a tocar el acordeón de botones;TRUE;"$50,00";20;6;24;Beginner Level;2 hours;2017-05-17;Musical Instruments
286898;"Aprende a tocar el Acordeón 'de oído y con técnica"",https://www.udemy.com/aprende-a-tocar-el-acordeon-de-oido-y-con-tecnica/,true,25,93,21,34,Beginner Level,4 hours,2014-09-16T19:51:45Z
263432,Aprende los Secretos de la Armónica con HARP&SOUL""";TRUE;"$75,00";158;17;59;All Levels;2.5 hours;2014-07-28;Musical Instruments
217540;Aprende a tocar el bajo eléctrico ;TRUE;"$50,00";9;0;33;All Levels;3.5 hours;2014-05-16;Musical Instruments
219844;Aprende a tocar el clarinete.  ;TRUE;"$50,00";4;0;26;All Levels;3 hours;2014-05-19;Musical Instruments
219878;Aprende a tocar el contrabajo sin complicaciones;TRUE;"$50,00";3;1;20;All Levels;3 hours;2014-05-19;Musical Instruments
204014;Aprende a tocar el piano desde cero;TRUE;"$50,00";4;0;16;All Levels;4 hours;2014-04-30;Musical Instruments
217320;Aprende a tocar el saxofón como siempre has querido;TRUE;"$20,00";8;1;26;All Levels;3.5 hours;2014-05-16;Musical Instruments
211780;Aprende a tocar el teclado como los expertos;TRUE;"$50,00";11;1;37;All Levels;2.5 hours;2014-05-09;Musical Instruments
218540;Aprende a tocar el violín desde cero;TRUE;"$50,00";17;1;22;All Levels;2.5 hours;2014-05-19;Musical Instruments
219756;Aprende a tocar flauta transversal sin complicaciones;TRUE;"$50,00";6;2;23;All Levels;3 hours;2014-05-19;Musical Instruments
147104;Aprende a tocar Guitarra RAPIDO y FACIL con Guitarsimple;TRUE;"$40,00";57;7;16;Beginner Level;4 hours;2014-01-22;Musical Instruments
211026;Aprende a tocar Jazz y Ritmos Latinos en la guitarra;TRUE;"$50,00";6;0;17;All Levels;3 hours;2014-05-07;Musical Instruments
214218;"Aprende a tocar jazz, salsa y blues en el piano";TRUE;"$20,00";5;0;23;All Levels;3 hours;2014-05-19;Musical Instruments
218856;Aprende a tocar la flauta dulce de forma sencilla y gradual;TRUE;"$50,00";5;0;23;All Levels;3 hours;2014-05-19;Musical Instruments
34332;Aprende a tocar la guitarra;TRUE;"$50,00";7;1;25;All Levels;1.5 hours;2013-02-22;Musical Instruments
207408;Aprende a tocar la guitarra acústica como un profesional;TRUE;"$50,00";11;0;27;All Levels;3 hours;2014-05-05;Musical Instruments
207304;Aprende a tocar la guitarra eléctrica;TRUE;"$50,00";3;0;39;All Levels;5.5 hours;2014-04-30;Musical Instruments
218596;Aprende a tocar la trompeta;TRUE;"$50,00";6;2;30;All Levels;3 hours;2014-05-19;Musical Instruments
1243162;Aprende a tocar las escalas en el acordeón de botones.;TRUE;"$20,00";2;0;21;Beginner Level;1 hour;2017-06-17;Musical Instruments
208126;Aprende a tocar los mejores solos en la guitarra eléctrica;TRUE;"$30,00";5;1;16;All Levels;2 hours;2014-05-07;Musical Instruments
214770;Aprende a tocar Música Cristiana en el piano y teclado;TRUE;"$20,00";17;3;13;All Levels;1 hour;2014-05-16;Musical Instruments
214828;"Aprende a tocar percusiones: congas, bongós, maracas y más";TRUE;"$50,00";14;2;71;All Levels;3.5 hours;2014-05-16;Musical Instruments
214794;Aprende a tocar ritmo pop en el piano y teclado;TRUE;"$20,00";10;1;9;All Levels;43 mins;2014-05-16;Musical Instruments
212520;Aprende a tocar ritmos latinos en el teclado;TRUE;"$50,00";7;0;31;All Levels;3.5 hours;2014-05-09;Musical Instruments
13216;Aprende a Tocar Teclado - Piano;TRUE;"$35,00";119;8;52;All Levels;3.5 hours;2012-01-26;Musical Instruments
1226332;Aprende a utilizar Canva;TRUE;"$20,00";677;45;11;Beginner Level;40 mins;2017-05-28;Graphic Design
32033;Aprende batería con el nuevo método IDT;TRUE;"$20,00";335;32;25;All Levels;2 hours;2012-12-24;Musical Instruments
218658;Aprende cómo tocar el Bajo Sexto;TRUE;"$50,00";10;2;17;All Levels;3 hours;2014-05-19;Musical Instruments
645890;Aprende desde cero a operar el mercado de divisas FOREX;TRUE;"$90,00";16;4;24;All Levels;4 hours;2015-10-23;Business Finance
211714;Aprende diferentes ritmos con la guitarra rítmica;TRUE;"$20,00";10;1;12;All Levels;1 hour;2014-05-07;Musical Instruments
733922;Aprende el acordeón de oído y con técnica –Nivel Intermedio–;TRUE;"$25,00";38;7;51;Intermediate Level;4.5 hours;2016-02-03;Musical Instruments
782460;Aprende escalas y arpegios  Vol. I: Modo mayor;TRUE;"$50,00";85;2;30;Beginner Level;1.5 hours;2016-03-31;Musical Instruments
1223310;Aprende escalas y arpegios Vol.2 : Modo menor;TRUE;"$50,00";62;1;49;All Levels;2.5 hours;2017-05-29;Musical Instruments
586914;Aprende Photoshop con Ejercicios Prácticos.;TRUE;"$20,00";3;0;46;All Levels;4 hours;2015-12-22;Graphic Design
211052;Aprende todos los secretos de la guitarra flamenca;TRUE;"$50,00";13;2;23;All Levels;3.5 hours;2014-05-07;Musical Instruments
212438;Aprende todos los secretos de la salsa para piano;TRUE;"$50,00";7;0;17;All Levels;3 hours;2014-05-09;Musical Instruments
213984;Aprender a tocar la batería sin salir de casa;TRUE;"$50,00";10;0;23;All Levels;4 hours;2014-05-09;Musical Instruments
829616;Aprendiendo Piano: Ejercicios de calentamiento;FALSE;Free;1.876;109;11;Beginner Level;33 mins;2016-04-27;Musical Instruments
631444;Aprendiendo piano: Lectura de piezas clásicas Vol.I;TRUE;"$50,00";211;12;30;Beginner Level;1.5 hours;2015-10-08;Musical Instruments
888852;Aprendiendo piano: Lectura de piezas clásicas Vol.II;TRUE;"$40,00";113;4;18;Beginner Level;1.5 hours;2016-06-29;Musical Instruments
646918;Aprendiendo Piano: Tocando piezas populares Vol.I;TRUE;"$100,00";122;3;59;Beginner Level;3.5 hours;2015-11-14;Musical Instruments
782458;Aprendiendo Piano: Tocando piezas populares Vol.II;TRUE;"$100,00";72;2;24;Beginner Level;1.5 hours;2016-03-31;Musical Instruments
1240730;Architectural Drawing For Creatives;TRUE;"$195,00";5;0;156;All Levels;24 hours;2017-06-21;Graphic Design
1173716;Arpeggios for Guitar made Easy! Dominate the Fretboard;TRUE;"$65,00";26;5;23;All Levels;3 hours;2017-05-02;Musical Instruments
971022;ASP :basics for beginners;TRUE;"$35,00";764;7;8;All Levels;1 hour;2016-09-29;Web Development
997750;ASP NET CORE - ANGULAR 2 E-Commerce App;TRUE;"$200,00";897;129;171;All Levels;13 hours;2017-01-13;Web Development
1127048;ASP.NET C# - Enterprise Web Systems From Novice to Expert;TRUE;"$20,00";604;8;43;All Levels;3.5 hours;2017-04-11;Web Development
1183094;"ASP.NET Core MVC, Quick and Practical";TRUE;"$20,00";387;5;30;Intermediate Level;2.5 hours;2017-04-25;Web Development
1035923;ASP.NET MVC 5 Project - CMS and Shopping Cart with Paypal;TRUE;"$30,00";550;97;70;All Levels;9 hours;2016-12-14;Web Development
1097778;ASP.NET MVC 5 Project - Facebook Clone;TRUE;"$30,00";210;19;41;All Levels;5 hours;2017-02-09;Web Development
309820;ASP.Net MVC Quick Start;FALSE;Free;15.092;1.234;65;Intermediate Level;5.5 hours;2016-08-23;Web Development
876544;ASP.NET Web API 2 Hands-On;TRUE;"$20,00";2.660;276;16;All Levels;1.5 hours;2016-06-19;Web Development
577198;Asset Protection Using Offshore Companies;TRUE;"$20,00";480;3;21;All Levels;1 hour;2015-08-12;Business Finance
421054;Auditing Basics (Professional Course Level);TRUE;"$25,00";3.771;10;35;All Levels;2.5 hours;2015-02-13;Business Finance
1246252;Aula de Photoshop - Aprenda como recortar imagens;TRUE;"$65,00";15;1;14;Beginner Level;2 hours;2017-07-03;Graphic Design
1249378;AutoCAD Course - Learn Online AutoCAD in Urdu Hindi;FALSE;Free;105;2;22;All Levels;2 hours;2017-06-13;Graphic Design
793246;Autodesk Inventor 2016 : Complete Guide ;TRUE;"$20,00";23;4;83;Beginner Level;7.5 hours;2016-03-22;Graphic Design
284076;Automate Web Development With Gulp JS;TRUE;"$20,00";2.784;425;29;All Levels;3.5 hours;2014-08-23;Web Development
213154;Automate Your Finances;TRUE;"$20,00";690;17;21;Beginner Level;1 hour;2014-05-08;Business Finance
627706;Awaken the Accountant in You | Master the Accounting Basics;TRUE;"$35,00";1.135;10;16;Beginner Level;1.5 hours;2015-11-24;Business Finance
519212;Awesome Lead Guitar 1;TRUE;"$25,00";60;6;38;Beginner Level;4.5 hours;2015-12-15;Musical Instruments
1241254;AWS Serverless APIs & Apps - A Complete Introduction;TRUE;"$145,00";2.145;166;136;All Levels;8 hours;2017-06-19;Web Development
840300;B Com Accountancy I (Paper ECO 02 IGNOU);TRUE;"$50,00";2.946;6;284;All Levels;31.5 hours;2016-05-05;Business Finance
12214;Back 2 The Basics;TRUE;"$50,00";265;23;65;All Levels;3 hours;2013-07-19;Musical Instruments
450246;Back In Black the AC/DC Classic Rock Track;TRUE;"$20,00";13;1;72;Intermediate Level;2 hours;2015-04-10;Musical Instruments
79154;Back to School Web Development and Programming Bundle;TRUE;"$200,00";18.170;117;779;Beginner Level;44.5 hours;2013-08-19;Web Development
306556;Backbone Tutorial: Learn Backbonejs from Scratch;TRUE;"$90,00";4.957;634;60;All Levels;5.5 hours;2014-10-27;Web Development
42645;"Backspreads, Diagonals and Butterflies - Advanced Strategies";TRUE;"$60,00";737;41;10;Expert Level;2 hours;2013-03-03;Business Finance
805706;Bagpipe Instruction For Beginners;TRUE;"$30,00";31;4;5;Beginner Level;1 hour;2016-04-24;Musical Instruments
1105216;Bank Financial Management A Comprehensive Study;TRUE;"$50,00";1.081;6;21;All Levels;1.5 hours;2017-02-10;Business Finance
304426;Bank Reconciliation & VAT on Excel;TRUE;"$20,00";30;5;19;All Levels;1.5 hours;2014-09-22;Business Finance
260066;Banking Credit Analysis Process (for Bankers);TRUE;"$180,00";894;62;241;Beginner Level;17.5 hours;2014-07-12;Business Finance
168358;Basel II;TRUE;"$50,00";78;6;57;All Levels;3.5 hours;2014-03-06;Business Finance
476622;Basel Norms (Basel 1/ Basel 2/ Basel 3) Simplified;TRUE;"$40,00";500;45;34;Beginner Level;4 hours;2015-04-26;Business Finance
1221942;Basic Bookkeeping;TRUE;"$35,00";0;0;12;Beginner Level;44 mins;2017-05-23;Business Finance
824592;Basic Bookkeeping Hacks;TRUE;"$20,00";5.841;16;28;All Levels;1.5 hours;2016-06-14;Business Finance
267286;"Basic Concepts of Web Development, HTTP and Java Servlets";TRUE;"$35,00";2.797;59;10;Beginner Level;1 hour;2014-08-27;Web Development
596598;Basic Excel for Basic Bookkeeping and Accounting;TRUE;"$95,00";7.743;340;33;Beginner Level;1.5 hours;2015-09-10;Business Finance
559046;Basic Graphic Design for PowerPoint;TRUE;"$20,00";88;8;14;Beginner Level;1 hour;2015-07-26;Graphic Design
720144;Basic HTML CSS and Web Design;TRUE;"$30,00";4.030;92;46;Beginner Level;9 hours;2016-02-19;Web Development
641236;Basic JavaScript: Build 4 Basic JavaScript Projects;TRUE;"$40,00";670;33;37;Beginner Level;4.5 hours;2016-02-04;Web Development
132570;Basic Piano Hymn Playing;TRUE;"$20,00";1.842;21;28;Beginner Level;1.5 hours;2013-12-12;Musical Instruments
479496;Basic Technical Analysis;TRUE;"$50,00";40;1;27;Beginner Level;2.5 hours;2015-08-05;Business Finance
719698;Basic Technical Analysis: Learn the structure of the market;TRUE;"$20,00";4.919;79;16;Beginner Level;1.5 hours;2016-01-08;Business Finance
46927;Basics of Business Finance;TRUE;"$30,00";4.855;64;24;Beginner Level;4 hours;2013-03-22;Business Finance
385686;Basics of Business Statistics (College Level);TRUE;"$20,00";2.293;9;28;All Levels;2 hours;2015-01-06;Business Finance
934574;Basics of Commerce A Complete Study;TRUE;"$150,00";2.197;4;105;All Levels;5.5 hours;2016-12-21;Business Finance
388164;Basics of Economics (College Level);TRUE;"$25,00";2.516;12;20;All Levels;1.5 hours;2015-01-08;Business Finance
585208;Basics of Economics For Beginners A to Z - A Complete Course;TRUE;"$170,00";1.942;5;24;Beginner Level;1.5 hours;2015-08-24;Business Finance
160322;Basics of Finance and Budgeting;TRUE;"$20,00";578;7;34;Beginner Level;6 hours;2014-05-19;Business Finance
1000136;"Basics of Fixed Income Valuation, CFA Level I 2017 Prep";TRUE;"$20,00";4;0;14;Beginner Level;3.5 hours;2017-01-28;Business Finance
411778;Basics of investing in Mutual Funds;TRUE;"$20,00";1.589;26;42;Intermediate Level;1.5 hours;2015-03-03;Business Finance
1188410;Basics of Mutual Funds for CA / CMA / CS / CFA Exams;TRUE;"$125,00";1.045;2;17;Intermediate Level;1 hour;2017-04-24;Business Finance
1036456;Basics of Private Equity;TRUE;"$60,00";9;2;6;Intermediate Level;40 mins;2017-05-09;Business Finance
408894;Basics of Tax in India  (College Level);TRUE;"$20,00";718;5;28;All Levels;2 hours;2015-01-31;Business Finance
425338;Basics of Trading;TRUE;"$40,00";99;17;27;Beginner Level;1 hour;2015-04-06;Business Finance
820086;Bass Guitar Lessons For Beginners;TRUE;"$95,00";180;21;38;Beginner Level;2.5 hours;2016-04-26;Musical Instruments
812370;Bassoon Pro Series - You're going to love practicing Bassoon;TRUE;"$50,00";36;0;42;All Levels;6.5 hours;2016-04-08;Musical Instruments
531360;BDD with Ruby on Rails using RSpec 3 and Capybara;TRUE;"$175,00";2.706;179;103;All Levels;13 hours;2015-08-14;Web Development
537008;Be a Bootstrap Developer from scratch;TRUE;"$100,00";5.800;185;32;Beginner Level;3.5 hours;2015-07-20;Web Development
753940;Become a Bootstrap Expert: Build 20 Layouts!;TRUE;"$35,00";2.755;57;179;All Levels;17.5 hours;2016-02-08;Web Development
148028;Become a Career Day Trader: Asian-Pacific Futures Markets;TRUE;"$20,00";207;8;30;All Levels;3.5 hours;2014-01-27;Business Finance
11475;Become a Certified Web Developer;TRUE;"$100,00";26.673;1.090;185;All Levels;12 hours;2011-12-20;Web Development
467426;Become a Certified Web Developer - Beginner to Expert;TRUE;"$200,00";3.397;12;85;All Levels;8 hours;2015-04-06;Web Development
1209694;Become A Forex Trader - Forex trading like a professional;FALSE;Free;1.735;31;19;All Levels;2.5 hours;2017-05-28;Business Finance
897146;"Become a Full Stack Developer with Spring, AWS and Stripe";TRUE;"$75,00";1.696;193;60;Intermediate Level;10 hours;2016-07-08;Web Development
1012096;Become A Full Stack Web Developer in 14 Days;TRUE;"$195,00";467;20;126;All Levels;13.5 hours;2016-11-23;Web Development
280194;"Become a Graphic Designer, and earn a living from it";TRUE;"$35,00";2.354;12;37;All Levels;3 hours;2014-09-17;Graphic Design
106178;Become a Heroku Rails Ninja: Expert Level Deployment Tools;TRUE;"$50,00";7.090;52;30;Intermediate Level;8.5 hours;2014-02-15;Web Development
857270;Become a HTML and CSS Developer - Build a Responsive Site;FALSE;Free;3.894;91;29;Beginner Level;2 hours;2016-05-26;Web Development
288466;Become a Kick-Ass Web Developer: From Newbie to Pro;TRUE;"$200,00";6.751;44;353;All Levels;48.5 hours;2014-10-02;Web Development
530426;Become A Logo Designer ;TRUE;"$95,00";827;50;39;All Levels;2.5 hours;2015-07-14;Graphic Design
429366;Become a Logo Designer: Guide to Complimentary Logo Software;TRUE;"$35,00";485;9;21;All Levels;2.5 hours;2015-03-19;Graphic Design
278948;Become a Professional Graphic Designer;TRUE;"$35,00";3.618;345;207;All Levels;20.5 hours;2014-08-13;Graphic Design
885479;Become a Professional Logo Designer;TRUE;"$150,00";107;16;82;All Levels;8 hours;2016-06-28;Graphic Design
140238;Become a Professional Web Developer | Version 3.0;TRUE;"$200,00";6.851;276;454;All Levels;60 hours;2014-01-21;Web Development
800148;Become a Rockstar Web Developer - Learn By Coding;TRUE;"$200,00";2.076;125;56;All Levels;11 hours;2016-03-22;Web Development
99826;Become A Web Developer And Seller - Build Websites With HTML;TRUE;"$200,00";21.730;61;35;Beginner Level;2.5 hours;2013-10-05;Web Development
11174;Become a Web Developer from Scratch;TRUE;"$120,00";69.186;2.408;197;All Levels;27.5 hours;2011-11-19;Web Development
406504;Become an InDesign Pro in 10 Skills;TRUE;"$105,00";1.079;172;35;Beginner Level;5 hours;2015-08-21;Graphic Design
50522;Become Exceptional in HTML and HTML5;TRUE;"$20,00";16.486;86;34;All Levels;6.5 hours;2014-03-21;Web Development
1200874;Become PHP Facebook Developer: Password-Less Authentication;TRUE;"$195,00";4.001;8;37;All Levels;4 hours;2017-05-07;Web Development
647884;Beginner Acoustic Guitar Lessons;TRUE;"$25,00";8;0;12;Beginner Level;1 hour;2015-10-28;Musical Instruments
1009254;"Beginner API development in Node, Express, ES6, & MongoDB";TRUE;"$165,00";7.057;655;65;Beginner Level;18.5 hours;2016-11-12;Web Development
94532;Beginner Financial Analysis: Invest Like Warren Buffett;TRUE;"$50,00";83;4;19;Beginner Level;41 mins;2014-03-10;Business Finance
1042110;"Beginner Full Stack Web Development: HTML, CSS, React & Node";TRUE;"$200,00";2.687;331;138;Beginner Level;25.5 hours;2017-03-31;Web Development
80844;Beginner Guitar - 38 Easy Lessons You Needs to Get Started;TRUE;"$40,00";250;24;39;Beginner Level;3 hours;2013-09-05;Musical Instruments
552606;Beginner Guitar Essentials;TRUE;"$95,00";5;2;45;Beginner Level;4.5 hours;2015-08-06;Musical Instruments
452514;Beginner Guitar Lessons;TRUE;"$20,00";118;0;5;Beginner Level;1 hour;2015-03-23;Musical Instruments
812914;Beginner Guitar Lessons - Your Complete Foundation Course;TRUE;"$60,00";293;30;162;Beginner Level;18.5 hours;2016-04-11;Musical Instruments
585946;Beginner Guitar Lessons by Paul Gronow;TRUE;"$50,00";659;4;46;All Levels;3.5 hours;2016-03-02;Musical Instruments
1170198;Beginner Guitar Lessons: Learn To Play Guitar Today (WAVE 1);TRUE;"$45,00";65;18;56;Beginner Level;10 hours;2017-05-01;Musical Instruments
22825;Beginner Guitar Method;TRUE;"$200,00";85;2;23;Beginner Level;4 hours;2012-10-31;Musical Instruments
961630;Beginner Guitar Quick-Start Course;FALSE;Free;2.084;20;7;Beginner Level;1 hour;2016-09-28;Musical Instruments
858064;Beginner Level Popular Piano Program - Month 1;TRUE;"$30,00";7;2;13;Beginner Level;1 hour;2016-05-24;Musical Instruments
21386;Beginner Photoshop to HTML5 and CSS3;FALSE;Free;73.110;1.716;22;All Levels;2 hours;2012-07-27;Web Development
552650;Beginner Piano;TRUE;"$20,00";776;79;89;Beginner Level;4 hours;2015-08-05;Musical Instruments
769270;Beginner Step by Step Keharwa Theka Tabla Course;TRUE;"$20,00";916;26;16;Beginner Level;40 mins;2016-02-22;Musical Instruments
1210588;Beginner to Pro - Financial Analysis in Excel 2017;TRUE;"$95,00";2.451;11;36;All Levels;3 hours;2017-05-30;Business Finance
321410;Beginner to Pro in Excel: Financial Modeling and Valuation;TRUE;"$195,00";22.257;2.697;138;All Levels;7.5 hours;2014-11-25;Business Finance
383414;Beginner to Pro in PowerPoint: Complete PowerPoint Training;TRUE;"$150,00";5.786;518;50;All Levels;5 hours;2015-01-31;Business Finance
364716;"Beginner Violin 101: Care, Maintenance, and the Right Gear";FALSE;Free;5.543;107;29;All Levels;4 hours;2015-03-03;Musical Instruments
205810;Beginners Binary Options Course;FALSE;Free;10.540;799;14;Beginner Level;1.5 hours;2014-04-27;Business Finance
1113442;Beginners Chart Patterns Trading for Penny Stocks;TRUE;"$200,00";40;7;26;Beginner Level;1.5 hours;2017-02-22;Business Finance
779000;Beginners Forex strategy;FALSE;Free;2.144;47;20;Beginner Level;1 hour;2016-03-18;Business Finance
831640;Beginner's Guide to Book Cover Designing.;TRUE;"$25,00";2;1;11;Beginner Level;1 hour;2016-06-20;Graphic Design
832832;Beginners Guide To Ichimoku Trading;TRUE;"$20,00";265;16;17;All Levels;1 hour;2016-04-27;Business Finance
1252410;Beginners Guide to Kindle Ebook Covers Design With Fireworks;TRUE;"$20,00";0;0;16;All Levels;1.5 hours;2017-06-19;Graphic Design
41890;Beginners Guide to Playing Guitar - Step-by-step System;TRUE;"$85,00";384;25;98;Beginner Level;10.5 hours;2013-06-10;Musical Instruments
934614;Beginners Guide to Stock Market Investing;FALSE;Free;3.283;109;42;Beginner Level;2.5 hours;2016-09-15;Business Finance
810234;Beginners Guide: Photoshop Poster/Artwork;TRUE;"$20,00";775;5;6;Beginner Level;1 hour;2016-04-02;Graphic Design
993892;Beginners Guitar Course - 'Try it and love it method";TRUE;"$25,00";0;0;16;Beginner Level;2 hours;2016-10-31;Musical Instruments
1033670;Beginner's Guitar Lessons - Crash Course for Busy Adults;TRUE;"$50,00";1.194;9;29;Beginner Level;2 hours;2017-05-02;Musical Instruments
288854;"Beginner's Guitar: Tuning, Strumming, and Chords!";FALSE;Free;2.577;30;6;Beginner Level;37 mins;2015-07-03;Musical Instruments
1109736;Beginners Introduction to Web Development;TRUE;"$200,00";7.331;55;18;Beginner Level;1.5 hours;2017-02-13;Web Development
1032648;beginning accounting;TRUE;"$20,00";0;0;12;Intermediate Level;38 mins;2016-12-26;Business Finance
53157;Beginning Flute Lessons;TRUE;"$20,00";137;12;17;Beginner Level;2.5 hours;2013-05-29;Musical Instruments
465870;Beginning Oracle WebLogic for Administrators;FALSE;Free;9.786;989;7;Beginner Level;42 mins;2015-04-15;Web Development
978852;Beginning Web development Learn the basics of HTML;TRUE;"$95,00";9.832;71;59;Beginner Level;2 hours;2017-01-06;Web Development
139790;Bending the blue notes to give you killer sound on harmonica;TRUE;"$35,00";162;3;14;Intermediate Level;2 hours;2014-03-02;Musical Instruments
499632;Benefits of Thinking Mobile First Future of Website Design;TRUE;"$75,00";14.254;27;20;Beginner Level;1.5 hours;2015-05-13;Web Development
59922;Best Beginner Guitar Lessons by Sam Lyons;TRUE;"$20,00";14.560;20;32;All Levels;2 hours;2013-06-16;Musical Instruments
1251582;Best Practices in Corporate Budgeting;TRUE;"$50,00";0;0;9;Intermediate Level;2 hours;2017-06-29;Business Finance
337072;Bestseller! Learn Photoshop in 1 Hour (No Experience Needed);TRUE;"$200,00";5.471;72;39;Beginner Level;6.5 hours;2015-03-05;Graphic Design
563708;Bestseller!! Learn Illustrator CC in 1 Hour;TRUE;"$200,00";4.449;100;9;Beginner Level;1.5 hours;2015-07-28;Graphic Design
738360;Better way towards CSS using Less and Sass;TRUE;"$20,00";2.227;44;26;All Levels;1.5 hours;2016-02-16;Web Development
128384;Big Data and Apache Hadoop for Developers - Fundamentals;TRUE;"$30,00";1.154;89;9;Intermediate Level;3 hours;2013-12-10;Web Development
1072156;Binary Beginners Mastery Strategy.;FALSE;Free;927;8;14;Beginner Level;1 hour;2017-05-02;Business Finance
379196;Binary Options Beginners Guide : Nadex;TRUE;"$40,00";454;52;39;Beginner Level;2 hours;2015-01-09;Business Finance
249950;Binary Options Course - Level 2;FALSE;Free;5.874;207;9;Intermediate Level;2 hours;2014-06-26;Business Finance
1101382;Binary Options Masterclass;TRUE;"$200,00";70;11;16;All Levels;2 hours;2017-02-13;Business Finance
680044;"Binary Options: Trading Strategies, 90% Accuracy and Signals";TRUE;"$195,00";1.723;38;24;Beginner Level;1 hour;2015-12-14;Business Finance
501960;"Binary, Forex, Stock and Bitcoin Trading Strategy";FALSE;Free;3.757;70;14;All Levels;37 mins;2015-05-28;Business Finance
327788;Bitcoin - A Comprehensive Guide;TRUE;"$20,00";283;13;35;All Levels;2.5 hours;2015-01-27;Business Finance
1002282;Bitcoin - Ethereum: Trading -Watch me manage my own account!;TRUE;"$165,00";431;58;22;All Levels;2.5 hours;2016-11-12;Business Finance
255170;Bitcoin - The Complete Guide;TRUE;"$20,00";2.281;12;24;All Levels;5.5 hours;2014-07-04;Business Finance
1276364;Bitcoin & Ethereum Course (2 Course Bundle);TRUE;"$200,00";1;0;52;All Levels;2.5 hours;2017-07-05;Business Finance
414246;Bitcoin for Accountants;FALSE;Free;3.519;102;6;Beginner Level;1 hour;2015-02-06;Business Finance
370440;Bitcoin For Beginners;TRUE;"$50,00";37;3;22;Beginner Level;4 hours;2014-12-29;Business Finance
774174;Bitcoin For Beginners: Your Quick Start Guide To Bitcoin;FALSE;Free;10.670;444;15;All Levels;1 hour;2016-03-03;Business Finance
702138;Bitcoin Investing: The Complete Buy & Hold Strategy;TRUE;"$25,00";477;70;41;All Levels;4 hours;2016-01-10;Business Finance
49798;Bitcoin or How I Learned to Stop Worrying and Love Crypto;FALSE;Free;65.576;936;24;All Levels;8 hours;2013-04-20;Business Finance
737832;Bitcoin Peer Investing: How To Generate Double Digit Returns;TRUE;"$25,00";366;45;41;All Levels;2.5 hours;2016-01-24;Business Finance
1233350;Bitcoin Profits for Beginners;TRUE;"$100,00";61;18;30;Beginner Level;1.5 hours;2017-06-09;Business Finance
400976;Bitcoin Trading 101;TRUE;"$95,00";302;6;19;All Levels;2 hours;2015-01-29;Business Finance
153926;BITCOIN VISUALLY. Part I.;TRUE;"$50,00";115;6;31;Beginner Level;4 hours;2014-03-16;Business Finance
867440;"Bitcoin: el futuro del dinero, hoy";TRUE;"$200,00";57;22;19;Intermediate Level;3 hours;2016-06-06;Business Finance
201942;"Bitcoins - Past, Present, Future";TRUE;"$20,00";373;3;14;Beginner Level;1.5 hours;2014-04-23;Business Finance
101038;Bitesize Bookkeeping for busy people;TRUE;"$20,00";9;0;13;Beginner Level;1.5 hours;2015-03-29;Business Finance
301442;Black Algo Trading: Build Your Trading Robot;TRUE;"$200,00";20.195;1.113;227;All Levels;16 hours;2014-10-27;Business Finance
954842;Black Scholes Option Pricing Model;TRUE;"$25,00";3;0;10;Beginner Level;1 hour;2017-05-03;Business Finance
978462;Blender Modelling Series - Volume Two;TRUE;"$100,00";1.526;3;24;Beginner Level;2 hours;2016-10-12;Graphic Design
787686;Bluegrass Guitar Essentials: Webisodes 1 & 2;FALSE;Free;970;14;9;Intermediate Level;1 hour;2016-03-20;Musical Instruments
839030;Bluegrass Guitar Essentials: Webisodes 11 & 12;TRUE;"$30,00";9;1;24;All Levels;2 hours;2016-10-22;Musical Instruments
839032;"Bluegrass Guitar Essentials: Webisodes 13, 14, & 15";TRUE;"$30,00";14;1;13;Intermediate Level;1.5 hours;2016-12-15;Musical Instruments
802040;Bluegrass Guitar Essentials: Webisodes 3 & 4;TRUE;"$30,00";12;2;13;Intermediate Level;2 hours;2016-03-24;Musical Instruments
802038;Bluegrass Guitar Essentials: Webisodes 5 & 6;TRUE;"$30,00";11;2;16;Intermediate Level;3 hours;2016-04-13;Musical Instruments
839026;Bluegrass Guitar Essentials: Webisodes 7 & 8;TRUE;"$30,00";9;0;10;Intermediate Level;2 hours;2016-05-05;Musical Instruments
839028;Bluegrass Guitar Essentials: Webisodes 9 & 10;TRUE;"$30,00";10;0;12;Intermediate Level;2 hours;2016-08-06;Musical Instruments
147174;Blues Accelerator - 21 Days to Blues Guitar Mastery;TRUE;"$50,00";78;6;45;Beginner Level;7 hours;2014-01-16;Musical Instruments
42251;Blues and Advanced Guitar Lessons;TRUE;"$85,00";1.235;46;131;All Levels;7.5 hours;2013-06-10;Musical Instruments
1002272;Blues Bass - Quick Start Guide;TRUE;"$50,00";59;8;29;All Levels;1.5 hours;2016-11-24;Musical Instruments
648506;Blues Guitar Fundamentals;TRUE;"$50,00";3.312;107;21;Intermediate Level;1.5 hours;2016-06-27;Musical Instruments
100916;Blues Guitar Lessons - Blues Guitar - Robert Johnson;TRUE;"$20,00";297;7;7;Intermediate Level;2.5 hours;2013-10-07;Musical Instruments
101498;Blues Guitar Lessons - From Texas To Carolina;TRUE;"$20,00";1.297;12;9;Intermediate Level;2.5 hours;2013-10-13;Musical Instruments
101504;Blues Guitar Lessons - Ragtime Blues Guitar;TRUE;"$20,00";59;3;6;Expert Level;2 hours;2013-11-26;Musical Instruments
760066;Blues Guitar Lessons - Volume 1 - Blues Shuffle Essentials;TRUE;"$45,00";198;21;15;All Levels;2.5 hours;2016-02-12;Musical Instruments
760300;Blues Guitar Lessons - Volume 2 - Slow Blues Essentials;TRUE;"$45,00";178;21;11;All Levels;2 hours;2016-02-13;Musical Instruments
761122;Blues Guitar Lessons - Volume 3 - Minor Blues Essentials;TRUE;"$45,00";98;5;14;All Levels;2 hours;2016-02-13;Musical Instruments
970880;"Blues Guitar Lessons for Beginners: Chords, Rhythm and Lead";TRUE;"$95,00";2.558;19;16;Beginner Level;3 hours;2016-10-19;Musical Instruments
663696;Blues Guitar Lessons: Play Like the Greats - All Levels;TRUE;"$20,00";58;4;47;All Levels;2.5 hours;2015-11-17;Musical Instruments
806640;Blues Master - Advanced Techniques Piano Course;TRUE;"$75,00";7;2;14;All Levels;1 hour;2016-03-29;Musical Instruments
806638;Blues Master - Beginner's Techniques Piano Course;FALSE;Free;2.618;41;16;All Levels;1.5 hours;2016-03-29;Musical Instruments
806642;Blues Master - Professional Techniques Piano Course;TRUE;"$75,00";4;0;16;All Levels;1 hour;2016-03-29;Musical Instruments
953442;Blues School! A Course For Beginners in Blues Piano & Improv;TRUE;"$120,00";326;44;54;All Levels;3 hours;2017-02-22;Musical Instruments
466558;Bonds For Beginners - A Guide To The Bond Markets;TRUE;"$20,00";106;14;24;Beginner Level;34 mins;2015-04-20;Business Finance
441996;Bones of the Blues - learn 4 cool tunes to expert level now!;TRUE;"$200,00";248;9;21;All Levels;2 hours;2015-03-09;Musical Instruments
516394;Book Covers and Graphic Design with PowerPoint 2013/2016/365;TRUE;"$195,00";5.840;57;30;Beginner Level;4 hours;2015-06-03;Graphic Design
424770;Book Design With MS Word And Canva ;TRUE;"$95,00";1.825;24;33;All Levels;2.5 hours;2015-03-05;Graphic Design
713258;Bookkeeping Basics:  Understand the Fundamentals;TRUE;"$75,00";853;45;48;Beginner Level;4.5 hours;2016-11-06;Business Finance
494330;Bookkeeping Made Easy;TRUE;"$70,00";1.263;21;18;Beginner Level;1.5 hours;2015-07-14;Business Finance
302456;Bookkeeping Made Simple;TRUE;"$40,00";61;16;22;All Levels;2.5 hours;2015-07-16;Business Finance
257996;Bookkeeping made simple;TRUE;"$30,00";23;1;19;Beginner Level;1 hour;2015-02-13;Business Finance
1097288;Bookkeeping Practicals with Software;TRUE;"$35,00";1;0;130;Intermediate Level;31.5 hours;2017-02-07;Business Finance
304414;Bookkeeping Systems;TRUE;"$20,00";20;1;9;All Levels;1 hour;2014-09-22;Business Finance
403628;Bookkeeping to Command Senior Bookkeeping Wages;TRUE;"$55,00";683;16;58;All Levels;4.5 hours;2015-03-06;Business Finance
1197650;Boost your website speed without any coding!;TRUE;"$50,00";1.337;28;12;All Levels;1 hour;2017-05-14;Web Development
964118;Bootstrap :basics for beginners;TRUE;"$40,00";1.152;20;14;All Levels;1 hour;2016-09-21;Web Development
309370;Bootstrap 3 -> Profitable WordPress Theme Development!;TRUE;"$40,00";5.547;80;40;All Levels;3.5 hours;2014-10-22;Web Development
584758;Bootstrap 3 Beginners: Create a Professional Landing Page;TRUE;"$20,00";3.271;278;54;Beginner Level;2.5 hours;2015-09-20;Web Development
398456;Bootstrap 3 Introduction : Create RESPONSIVE Websites Fast;TRUE;"$50,00";2.351;302;16;All Levels;2.5 hours;2015-01-21;Web Development
723878;Bootstrap 4 Beginners: Code a Responsive Landing Page;TRUE;"$30,00";948;193;48;All Levels;3.5 hours;2016-09-13;Web Development
708578;Bootstrap 4 Quick Start: Code Modern Responsive Websites;FALSE;Free;41.478;2.104;13;All Levels;3 hours;2015-12-30;Web Development
1031626;Bootstrap 4 Responsive Web Design and Development;TRUE;"$20,00";3.086;17;73;Beginner Level;7.5 hours;2017-06-20;Web Development
1099956;Bootstrap 4 Theme Development Masterclass;TRUE;"$150,00";2.641;28;15;All Levels;39 mins;2017-02-24;Web Development
859422;Bootstrap 4.0 New Features: Build Responsive Website;TRUE;"$40,00";2.296;28;14;All Levels;1.5 hours;2016-06-16;Web Development
861122;Bootstrap 4: Exploring New Features;TRUE;"$75,00";5.022;38;13;All Levels;1 hour;2016-05-27;Web Development
53256;Bootstrap Basics: Program Responsive Websites;TRUE;"$75,00";4.743;393;28;All Levels;3 hours;2013-08-09;Web Development
1012040;Bootstrap Bootcamp - Responsive web development- 8 projects;TRUE;"$100,00";253;34;45;All Levels;7 hours;2016-12-12;Web Development
767656;Bootstrap Essential Training - Create Your Very Own Website;TRUE;"$20,00";2.643;34;83;All Levels;9 hours;2016-02-19;Web Development
653852;Bootstrap For Beginners: A  Basic Introduction;TRUE;"$55,00";1.186;14;9;Beginner Level;40 mins;2015-11-13;Web Development
674040;Bootstrap Tutorial - Essentials From Basic to Advanced;TRUE;"$195,00";1.494;23;62;All Levels;7.5 hours;2015-11-29;Web Development
768612;Bootstrap Tutorial for Beginners;TRUE;"$20,00";1.036;27;20;Beginner Level;2 hours;2016-02-21;Web Development
582636;Bootstrap unleash the power faster & easier web development;TRUE;"$150,00";18.101;88;68;All Levels;5.5 hours;2015-08-14;Web Development
825186;Bossa Nova - Guitar for Beginners;TRUE;"$20,00";589;6;8;Beginner Level;1 hour;2016-04-19;Musical Instruments
430962;Brass Master Class;TRUE;"$20,00";36;6;30;All Levels;2 hours;2015-06-09;Musical Instruments
304420;Breakeven Analysis and Pricing;TRUE;"$20,00";27;2;10;All Levels;1 hour;2014-09-22;Business Finance
158444;Breakout Patterns Workshop by Pattern Trader;TRUE;"$60,00";32;6;15;All Levels;1.5 hours;2016-09-09;Business Finance
770622;Bring your sketch to life - learn digital illustration;TRUE;"$70,00";1.202;68;36;Beginner Level;3.5 hours;2016-04-29;Graphic Design
648174;Buchführung lernen leicht gemacht;TRUE;"$40,00";446;39;70;Beginner Level;5 hours;2016-06-13;Business Finance
516168;Budget preparation for an EU project proposal;TRUE;"$50,00";18;4;5;Intermediate Level;1 hour;2015-06-01;Business Finance
700080;Budgeting for Business;TRUE;"$40,00";78;22;25;All Levels;2.5 hours;2016-01-11;Business Finance
828254;Budgeting Hacks to Build Wealth!;FALSE;Free;4.931;154;7;Beginner Level;32 mins;2016-05-31;Business Finance
851868;Build a Business or Personal Website Using Wordpress;TRUE;"$200,00";1.069;12;61;Beginner Level;4.5 hours;2016-07-25;Web Development
673016;Build A Career In Forex Trading- Learn Fundamental Analysis;TRUE;"$200,00";2.092;77;52;All Levels;3.5 hours;2015-11-23;Business Finance
1163894;Build a Chatbot integrated Website using Bootstrap 4;TRUE;"$50,00";165;13;28;All Levels;3 hours;2017-04-28;Web Development
992114;"Build A Complete CRUD Application With PHP, MYSQL & JQUERY";TRUE;"$20,00";9.762;94;112;All Levels;13.5 hours;2016-11-01;Web Development
1169378;Build a complete Fiverr clone with Node + Algolia + Paypal;TRUE;"$30,00";1.741;26;87;All Levels;9 hours;2017-05-20;Web Development
1111552;Build a Complete JQuery Plugin (Image Pop-up Dialog);TRUE;"$20,00";1.126;10;12;All Levels;1 hour;2017-02-23;Web Development
884988;Build a Complete Registration and Login System using PHP MVC;TRUE;"$80,00";325;50;106;All Levels;5 hours;2017-02-23;Web Development
283780;Build a DCF Model from Scratch;FALSE;Free;4.653;395;5;All Levels;31 mins;2014-09-14;Business Finance
297742;Build a DCF Valuation Model;TRUE;"$50,00";2.053;234;44;All Levels;5.5 hours;2014-10-01;Business Finance
260444;Build a file hosting/sharing site in less than 2 hours ;TRUE;"$20,00";976;29;13;All Levels;1.5 hours;2014-07-14;Web Development
235990;Build A Great Wordpress Website For Your Business in 2 Hours;TRUE;"$35,00";1.054;4;26;All Levels;2 hours;2014-06-10;Web Development
450068;Build a Photo Blog with Ruby on Rails;TRUE;"$20,00";2.281;32;21;Intermediate Level;1.5 hours;2015-04-02;Web Development
365426;Build A Professional Wordpress Website In An Hour;TRUE;"$20,00";1.294;11;15;All Levels;1 hour;2014-12-31;Web Development
409618;"Build a Real Time web app in node.js , Angular.js, mongoDB";TRUE;"$20,00";3.299;166;34;All Levels;4 hours;2015-03-04;Web Development
1144726;Build a Real-world App with ASP.NET Core and Angular 2 (4+);TRUE;"$190,00";5.332;828;160;Intermediate Level;10.5 hours;2017-03-27;Web Development
188692;Build a Responsive Website with a Modern Flat Design;FALSE;Free;16.527;354;17;All Levels;2 hours;2014-03-26;Web Development
874960;"Build a Responsive Website with HTML5, CSS3 and Bootstrap 4";TRUE;"$20,00";5.125;395;53;All Levels;7 hours;2016-08-09;Web Development
1111844;Build a Single Page Application with jQuery & AJAX;TRUE;"$60,00";486;59;27;Intermediate Level;2 hours;2017-02-18;Web Development
716136;build a solid foundation for trading options;TRUE;"$20,00";1.115;8;8;All Levels;1 hour;2016-05-26;Business Finance
667122;Build A Stock Downloader With Visual Studio 2015 And C#;TRUE;"$20,00";436;36;22;Intermediate Level;1.5 hours;2015-11-19;Web Development
297762;Build a Trading Comps Valuation Model;TRUE;"$50,00";1.032;60;55;All Levels;7 hours;2014-10-01;Business Finance
1027812;Build A Weather App With Ajax Using Open Weather Map API;TRUE;"$20,00";6.548;44;38;All Levels;4 hours;2016-12-01;Web Development
842058;Build A Web App With Spring Framework and Angular 2;TRUE;"$145,00";1.683;340;48;All Levels;8 hours;2016-05-08;Web Development
1024844;"Build A Web App with VueJS, Spring Framework and MongoDB";TRUE;"$145,00";251;32;25;All Levels;3.5 hours;2016-11-30;Web Development
747552;Build a website HTML5 CSS3 Beginner Course;TRUE;"$150,00";7.884;44;28;Beginner Level;2 hours;2016-02-02;Web Development
642696;Build a Website in 30 Minutes;TRUE;"$95,00";5.065;40;12;Beginner Level;32 mins;2015-11-13;Web Development
642940;Build A YouTube Downloader With C# And GitHub;TRUE;"$20,00";385;39;32;Intermediate Level;2.5 hours;2015-11-10;Web Development
495958;Build Advanced Responsive Websites with Foundation 6 & SASS;TRUE;"$200,00";1.276;245;271;All Levels;22.5 hours;2015-07-08;Web Development
795278;"Build Ajax Web Apps with Laravel 5.2, Bootstrap and jQuery";TRUE;"$100,00";1.023;131;44;All Levels;5 hours;2016-03-22;Web Development
461176;Build an Advanced Single Page with Bootstrap & WordPress;TRUE;"$95,00";481;75;77;Intermediate Level;6 hours;2015-04-08;Web Development
713098;Build an Amazon clone: Nodejs + MongoDB + Stripe Payment;TRUE;"$20,00";2.164;290;70;All Levels;8.5 hours;2016-01-08;Web Development
442504;Build an HTML5 and CSS3 Website in 35 Minutes;TRUE;"$20,00";1.904;25;17;Beginner Level;42 mins;2015-03-10;Web Development
997964;"Build An Online Bank With Java, Angular 2, Spring and More";TRUE;"$195,00";1.995;286;45;Beginner Level;6.5 hours;2016-11-01;Web Development
1246622;Build and Deploy a LAMP server on AWS;FALSE;Free;3.571;18;8;Beginner Level;1 hour;2017-06-19;Web Development
645714;Build Apps with ReactJS: The Complete Course;TRUE;"$40,00";1.433;145;34;All Levels;5.5 hours;2015-10-22;Web Development
1039596;Build Complex Express Sites with Redis and Socket IO;TRUE;"$125,00";223;26;27;Intermediate Level;3.5 hours;2016-12-22;Web Development
1201054;Build CRUD Application - PHP & Mysql;FALSE;Free;4.405;71;12;Beginner Level;1.5 hours;2017-05-04;Web Development
1009452;Build Enterprise Applications with Angular 2 (and Angular 4);TRUE;"$190,00";6.082;848;135;Intermediate Level;9.5 hours;2016-11-22;Web Development
637176;Build Financial Models & Value Companies The Easy Way;TRUE;"$20,00";1.609;137;18;All Levels;1 hour;2015-10-13;Business Finance
113706;Build Flat Responsive Website from Scratch - Complete Course;TRUE;"$35,00";12.105;144;54;All Levels;7.5 hours;2013-12-04;Web Development
875194;Build Incredible Chatbots;TRUE;"$100,00";2.234;253;115;All Levels;11.5 hours;2016-11-02;Web Development
991094;"Build Modern Responsive Website With HTML5, CSS3 & Bootstrap";TRUE;"$195,00";1.472;210;110;All Levels;13 hours;2017-02-08;Web Development
984072;"Build Modern Websites Quick With HTML,CSS and Bootstrap";TRUE;"$20,00";912;17;48;Beginner Level;4.5 hours;2016-10-18;Web Development
780058;Build Modern Websites Super Fast;TRUE;"$25,00";2.178;22;19;All Levels;1.5 hours;2016-03-10;Web Development
533416;Build Powerful Websites & Blogs using WordPress - No Coding;TRUE;"$20,00";1.024;14;26;Beginner Level;3 hours;2016-04-04;Web Development
365816;Build Professional WordPress Website;TRUE;"$145,00";4.020;95;52;All Levels;3.5 hours;2015-01-14;Web Development
701570;Build Real World Websites from Scratch using HTML5 and CSS3;TRUE;"$195,00";10.874;114;59;Beginner Level;7.5 hours;2016-01-25;Web Development
745306;"Build Realtime Apps | React Js, Golang & RethinkDB";TRUE;"$60,00";3.854;482;48;All Levels;3 hours;2016-01-29;Web Development
437398;Build Responsive Real World Websites with HTML5 and CSS3;TRUE;"$195,00";43.977;7.106;77;All Levels;12 hours;2015-03-24;Web Development
787236;"Build Responsive Website Using HTML5, CSS3, JS And Bootstrap";TRUE;"$95,00";22.623;783;73;All Levels;8 hours;2016-06-20;Web Development
954948;Build Responsive Websites  in an Hour using Portalfin;FALSE;Free;2.859;42;17;All Levels;44 mins;2016-09-25;Web Development
1011550;Build Sign Up and Login Forms With Bootstrap Modal;TRUE;"$20,00";1.898;19;31;All Levels;4 hours;2016-11-17;Web Development
684794;Build Web Apps Using EmberJS: The Complete Course;TRUE;"$40,00";627;126;31;All Levels;4.5 hours;2015-12-10;Web Development
545524;Build Websites And Apps By Outsourcing;TRUE;"$20,00";2.299;11;22;All Levels;2 hours;2015-07-20;Web Development
80940;Build Websites from Scratch with HTML & CSS;TRUE;"$145,00";51.257;1.955;77;Beginner Level;8 hours;2013-09-25;Web Development
551072;Build Websites from Scratch with Squarespace;TRUE;"$50,00";342;53;60;Beginner Level;3.5 hours;2015-07-16;Web Development
1036028;Build Wordpress CMS Clone with Laravel 5;TRUE;"$150,00";392;81;63;All Levels;8.5 hours;2016-12-19;Web Development
895040;Build WordPress Plugin to extend Beaver Builder;TRUE;"$50,00";1.705;26;17;Intermediate Level;2 hours;2016-07-04;Web Development
173548;Build Your First Website in 1 Week with HTML5 and CSS3;FALSE;Free;120.291;5.924;30;Beginner Level;3 hours;2014-04-08;Web Development
1094964;Build Your Own Backend REST API using Django REST Framework;TRUE;"$50,00";2.669;112;72;Intermediate Level;5.5 hours;2017-04-27;Web Development
679158;Build your own Beautiful Blog in WordPress + SEO;TRUE;"$200,00";2.421;6;28;All Levels;3 hours;2015-11-25;Web Development
1169848;"Build Your Own Calculator App with Javascript, HTML5 & CSS";TRUE;"$50,00";3.688;49;11;All Levels;1 hour;2017-04-13;Web Development
362360;Build Your Own Membership Website With Joomla;TRUE;"$95,00";1.134;9;24;All Levels;1.5 hours;2014-12-03;Web Development
576636;Build your own Naked Trading Forex Robot;TRUE;"$40,00";315;28;19;All Levels;2 hours;2015-08-11;Business Finance
862478;"Build Your Startup with No Coding (Design, Develop & Ship)";TRUE;"$30,00";775;245;82;All Levels;8 hours;2016-06-03;Web Development
598722;"Build, Grow, and Protect Your Assets: A Step-by-Step Guide";TRUE;"$195,00";226;26;26;All Levels;3.5 hours;2015-09-23;Business Finance
826366;Building a ASP.NET MVC 5 Membership Website;TRUE;"$95,00";654;86;239;Intermediate Level;25.5 hours;2016-06-26;Web Development
1233314;Building a Balanced Scorecard;TRUE;"$50,00";0;0;11;Intermediate Level;2 hours;2017-07-03;Business Finance
1148412;Building a eCommerce Startup in 4 Hours [Livestream];TRUE;"$50,00";1.114;8;23;Beginner Level;3 hours;2017-04-11;Web Development
554570;"Building a Portfolio in 90 minutes ( HTML, CSS, Js ) ";TRUE;"$20,00";5.272;111;24;All Levels;2 hours;2015-07-28;Web Development
575644;Building a Ruby on Rails Application with Neo4j;FALSE;Free;4.830;38;7;Intermediate Level;32 mins;2015-08-18;Web Development
155640;Building a Search Engine in PHP & MySQL;FALSE;Free;10.110;379;12;All Levels;2.5 hours;2014-02-03;Web Development
431576;Building a Social Network in PHP & MySQL From Scratch;TRUE;"$50,00";869;125;78;All Levels;14 hours;2015-03-17;Web Development
738552;Building a Website With Jekyll;TRUE;"$20,00";686;19;21;All Levels;3 hours;2016-01-25;Web Development
745468;Building An E-Commerce Store Using Java Spring Framework;TRUE;"$95,00";2.743;589;61;All Levels;14.5 hours;2016-02-01;Web Development
679992;Building Better APIs with GraphQL;TRUE;"$50,00";555;89;16;All Levels;2.5 hours;2015-11-29;Web Development
1107986;Building Data Visualizations with D3 and Angular 2;TRUE;"$125,00";293;30;31;Beginner Level;3.5 hours;2017-02-23;Web Development
1245244;Building Financial Statements in Excel;TRUE;"$35,00";1.181;1;18;Beginner Level;1 hour;2017-06-29;Business Finance
778226;Building HTML5 Canvas projects from scratch;TRUE;"$100,00";8.968;35;25;Beginner Level;2 hours;2016-03-03;Web Development
525114;Building Responsive Data Visualizations with D3 JS;TRUE;"$85,00";876;59;28;All Levels;2 hours;2015-06-12;Web Development
554136;Building Responsive Websites with Bootstrap 3 Framework;TRUE;"$75,00";1.322;14;27;Intermediate Level;3 hours;2015-07-22;Web Development
1113008;Building Up To Barre Chords;TRUE;"$20,00";20;6;12;All Levels;43 mins;2017-03-16;Musical Instruments
366608;Building Web Applications with Spring MVC;TRUE;"$85,00";714;48;28;All Levels;3 hours;2014-12-09;Web Development
873844;Building Web Apps Using Flask and Neo4j;TRUE;"$50,00";166;21;37;All Levels;2.5 hours;2016-06-10;Web Development
976598;Building Websites Create a fully functional Web contact form;TRUE;"$200,00";3.392;29;19;Beginner Level;1.5 hours;2016-10-06;Web Development
963412;Building Websites JavaScript and the DOM;TRUE;"$120,00";17.759;64;37;Beginner Level;3 hours;2016-09-26;Web Development
757450;Bulletproof Personal Finance: Expert Asset Allocation;TRUE;"$45,00";1.119;22;18;All Levels;1 hour;2016-02-10;Business Finance
600206;Business Accounting Made Easy;TRUE;"$50,00";1.168;5;26;Beginner Level;5.5 hours;2015-09-05;Business Finance
46933;Business Accounts For Managers;TRUE;"$30,00";16;0;23;Beginner Level;3 hours;2013-04-23;Business Finance
49886;Business Analysis:  Working with Use Cases;TRUE;"$90,00";2.338;224;5;All Levels;1.5 hours;2013-04-17;Business Finance
462474;Business Banking 101;TRUE;"$25,00";132;3;14;All Levels;1.5 hours;2015-04-06;Business Finance
870936;Business Card and Letterhead Design in Adobe Illustrator;TRUE;"$200,00";797;30;37;All Levels;2 hours;2016-08-10;Graphic Design
846214;BUSINESS CARD DESIGN IN POWERPOINT;TRUE;"$95,00";1.710;13;16;Beginner Level;1 hour;2016-05-15;Graphic Design
613422;Business Economics - Basics (College Level);TRUE;"$50,00";3.425;10;50;All Levels;4 hours;2015-09-16;Business Finance
211874;Business finances;TRUE;"$75,00";4.695;7;20;Beginner Level;1 hour;2014-05-07;Business Finance
42040;Buying Call and Put Options - Options beginner strategies;TRUE;"$60,00";266;20;14;Intermediate Level;3 hours;2013-02-18;Business Finance
43778;"Buying, Selling, and Storing Precious Metal";TRUE;"$20,00";74;1;14;All Levels;1 hour;2013-02-27;Business Finance
783748;Byte-Sized-Chunks: Cascading Style Sheets (CSS) with HTML;TRUE;"$20,00";2.160;16;28;All Levels;4 hours;2016-03-10;Web Development
783746;Byte-Sized-Chunks: Closures in Javascript;TRUE;"$20,00";1.292;2;12;All Levels;2 hours;2016-03-10;Web Development
783686;Byte-Sized-Chunks: Dynamic Prototypes in Javascript;TRUE;"$20,00";880;6;24;All Levels;3 hours;2016-03-10;Web Development
1049380;??????????????1????????????????????????????????;TRUE;"$65,00";37;0;49;Beginner Level;4 hours;2017-03-22;Graphic Design
1261122;???????????1???????????????;FALSE;Free;21;0;18;Beginner Level;1 hour;2017-06-22;Graphic Design
1185535;Cómo crear maquetas con Adobe XD;FALSE;Free;217;2;21;Beginner Level;3 hours;2017-05-28;Graphic Design
492344;Cómo Crear Políticas Contables bajo NIIF para PYMES;TRUE;"$20,00";27;5;6;All Levels;1 hour;2015-08-25;Business Finance
276680;Cómo Diseñar Logos;TRUE;"$25,00";422;120;31;Beginner Level;3.5 hours;2015-03-05;Graphic Design
369726;Cómo ganar dinero invirtiendo en bolsa;FALSE;Free;2.740;306;10;Beginner Level;2 hours;2016-04-02;Business Finance
559328;Cómo usar Metatrader 4 para hacer trading?;TRUE;"$20,00";25;1;25;All Levels;6 hours;2015-07-30;Business Finance
902474;CAGED Pentatonic System for Guitar - Level 1;TRUE;"$45,00";1.329;52;35;All Levels;1.5 hours;2016-07-28;Musical Instruments
920194;CAGED Pentatonic System for Guitar - Level 2;TRUE;"$45,00";1.220;13;26;All Levels;1.5 hours;2016-08-26;Musical Instruments
902476;CAGED Pentatonic System for Guitar - Level 3;TRUE;"$45,00";1.224;17;32;All Levels;1.5 hours;2016-09-28;Musical Instruments
895244;CAGED System for Guitar (Guitar Lessons from Lutz Academy);TRUE;"$50,00";450;15;7;All Levels;1.5 hours;2016-07-25;Musical Instruments
822514;CAIIB Advanced Bank Management (Part I);TRUE;"$25,00";2.953;20;211;All Levels;20.5 hours;2016-04-15;Business Finance
1101522;Cajon Step-by-Step: Beginner > Intermediate > Advanced;TRUE;"$35,00";73;9;45;All Levels;3 hours;2017-02-13;Musical Instruments
1018530;Cakephp:Creating a CRUD application;TRUE;"$40,00";803;2;7;All Levels;31 mins;2016-11-22;Web Development
682060;Calligraphy for Beginners: Creating Strong Lines;TRUE;"$40,00";246;30;12;Beginner Level;41 mins;2016-03-03;Graphic Design
808506;Candlestick Analysis For Professional Traders;TRUE;"$95,00";913;117;48;Expert Level;2 hours;2016-05-18;Business Finance
514496;Canva - Making Design Simple;TRUE;"$20,00";509;4;15;All Levels;32 mins;2015-06-24;Graphic Design
757900;Canva : Book Cover Design;TRUE;"$100,00";3.377;20;15;Beginner Level;2 hours;2016-02-26;Graphic Design
520468;Canva : Graphic Design Theory Volume1;TRUE;"$200,00";6.975;122;29;All Levels;2.5 hours;2015-06-05;Graphic Design
520766;Canva : Graphic Design Theory Volume2;TRUE;"$200,00";4.961;38;29;All Levels;2 hours;2015-06-20;Graphic Design
1258402;Canva Complete Course For Graphics Design | 20 Projects;TRUE;"$20,00";3;3;27;All Levels;2.5 hours;2017-06-27;Graphic Design
1120554;Canva Graphics Design Essential Training For Everyone;TRUE;"$200,00";12.340;124;46;All Levels;2.5 hours;2017-03-07;Graphic Design
897238;Canva Graphics Design for Entrepreneurs - Design 11 Projects;TRUE;"$200,00";18.303;202;54;All Levels;3.5 hours;2016-07-23;Graphic Design
809216;Canva: Design Album Cover Artwork in Minutes - No More Fees!;FALSE;Free;3.103;42;11;Beginner Level;40 mins;2016-04-07;Graphic Design
1100628;Canva: Design and Sell Your Own Professional Canva Designs;TRUE;"$200,00";793;26;52;All Levels;3 hours;2017-03-02;Graphic Design
782194;Canvas image Creator HTML5 JavaScript project from Scratch;TRUE;"$100,00";2.195;10;35;Intermediate Level;3.5 hours;2016-03-06;Web Development
169662;Capital Market Immersion;TRUE;"$195,00";613;33;142;All Levels;24.5 hours;2014-02-25;Business Finance
178602;Capital Market Road Map;TRUE;"$50,00";495;47;21;All Levels;4 hours;2014-03-11;Business Finance
363078;Capital Structuring Techiques for CA / CFA / CPA Exams;TRUE;"$125,00";4.480;12;50;Intermediate Level;7 hours;2014-12-05;Business Finance
943724;Car Sketching with Simple Analog Tools;TRUE;"$40,00";23;5;10;All Levels;37 mins;2016-08-29;Graphic Design
656914;Cartoon Game Logo Design using Photoshop;TRUE;"$20,00";1.076;11;15;All Levels;2.5 hours;2015-11-11;Graphic Design
1222836;Case Studies in Macro Economics;TRUE;"$50,00";114;1;22;Beginner Level;4 hours;2017-05-25;Business Finance
1168172;Case studies on credit appraisal for bankers;TRUE;"$20,00";0;0;15;Beginner Level;3.5 hours;2017-05-01;Business Finance
337320;Cash Flow Valuation: Develop Your Financial Literacy;TRUE;"$105,00";2.987;23;19;All Levels;2 hours;2014-12-22;Business Finance
874312;Cashflow Management for Small Businesses: A How To Guide;TRUE;"$25,00";2.914;11;5;All Levels;37 mins;2016-06-13;Business Finance
760452;Castañuelas por Sevillanas - Curso del toque de castañuelas;TRUE;"$40,00";22;2;17;All Levels;43 mins;2016-02-12;Musical Instruments
657050;Caza los Enormes Movimientos del Mercado;TRUE;"$20,00";6;2;13;All Levels;1.5 hours;2015-11-12;Business Finance
725872;Certificate in MYOB AccountRight Premier 2017 Course;TRUE;"$200,00";97;18;29;All Levels;3 hours;2016-03-10;Business Finance
192724;Certificate Program in Financial Accounting;TRUE;"$50,00";1.047;3;20;All Levels;4.5 hours;2014-04-24;Business Finance
192576;Certificate Program In Management Accounting;TRUE;"$50,00";1.532;7;24;All Levels;6 hours;2014-04-24;Business Finance
364428;CFA Corporate Finance Level 1 (Part 1);TRUE;"$180,00";621;1;107;All Levels;14.5 hours;2014-12-06;Business Finance
537878;CFA Corporate Finance Level 2;TRUE;"$50,00";2.474;6;128;All Levels;17.5 hours;2015-07-07;Business Finance
258954;CFA Level 1 - Derivatives;TRUE;"$30,00";110;6;25;All Levels;4 hours;2014-07-21;Business Finance
1084454;CFA Level 2- Quantitative Methods;TRUE;"$40,00";0;0;35;All Levels;5.5 hours;2017-07-02;Business Finance
1084454;CFA Level 2- Quantitative Methods;TRUE;"$40,00";0;0;35;All Levels;5.5 hours;2017-07-02;Business Finance
73046;CFA Level I Foundation Course: Introduction to Quants;TRUE;"$50,00";155;4;11;Beginner Level;5 hours;2013-08-05;Business Finance
73044;CFA Level I Foundation: Introduction to Financial Reporting;TRUE;"$50,00";226;5;13;Beginner Level;5.5 hours;2013-08-05;Business Finance
73898;CFA Level I Workshop 1: Ethics and Quantitative Methods;TRUE;"$20,00";147;4;5;All Levels;1 hour;2013-08-12;Business Finance
73938;CFA Level I Workshop 2: Financial Reporting & Analysis I ;TRUE;"$20,00";126;2;5;All Levels;1 hour;2013-08-12;Business Finance
73962;CFA Level I Workshop 3: Financial Reporting & Analysis II;TRUE;"$20,00";71;1;5;All Levels;1 hour;2013-08-12;Business Finance
74004;CFA Level I Workshop 4: Fixed Income and Equity;TRUE;"$20,00";139;3;6;All Levels;1.5 hours;2013-08-12;Business Finance
74016;"CFA Level I Workshop 5: Corp Finance, Quants II & Derivative";TRUE;"$20,00";110;1;5;All Levels;1 hour;2013-08-12;Business Finance
74028;"CFA Level I Workshop 6: Alternatives, PM and Economics ";TRUE;"$20,00";71;1;5;All Levels;1 hour;2013-08-12;Business Finance
619296;CFA: Fast Track your career in Finance;TRUE;"$20,00";1.393;27;21;Beginner Level;2 hours;2015-09-29;Business Finance
186556;CFA® Level 1 2014 – Alternative Investments;TRUE;"$30,00";831;1;13;All Levels;2 hours;2014-04-14;Business Finance
434100;CFA® Level 1 2014 – FI;TRUE;"$40,00";149;0;49;All Levels;4.5 hours;2015-03-08;Business Finance
420926;CFA® Level 1 2014 – Financial Reporting and Analysis;TRUE;"$50,00";152;2;102;All Levels;10 hours;2015-02-26;Business Finance
410576;CFA® Level 1 2014 – Portfolio Management;TRUE;"$40,00";124;2;10;All Levels;2 hours;2015-03-02;Business Finance
408232;CFA® Level 1 2014 – Quantitative Methods;TRUE;"$50,00";119;0;27;All Levels;5 hours;2015-02-26;Business Finance
164102;CFP - Introduction to Financial Planning;TRUE;"$30,00";1.192;12;38;Beginner Level;12 hours;2014-02-21;Business Finance
95176;ChalkTalk: Financial Accounting;TRUE;"$20,00";25;1;108;All Levels;3.5 hours;2014-01-23;Business Finance
834114;Character Concept Design for Beginners;TRUE;"$175,00";1.197;55;98;All Levels;16.5 hours;2016-09-18;Graphic Design
1236254;Character Design;TRUE;"$75,00";5;0;24;Intermediate Level;2 hours;2017-05-31;Graphic Design
1084642;Chart Patterns Trading Demystified;TRUE;"$200,00";1.023;8;29;All Levels;2.5 hours;2017-02-08;Business Finance
252950;Chartered Financial Analyst (CFA) - Level 1 - FRA;TRUE;"$30,00";517;5;17;Beginner Level;14.5 hours;2014-06-30;Business Finance
625568;Charting for Beginners 101: Technical Analysis Demystified;TRUE;"$45,00";2.230;102;10;All Levels;1.5 hours;2015-10-09;Business Finance
889438;ChatBots: Messenger ChatBot with API.AI and Node.JS;TRUE;"$50,00";2.577;529;64;All Levels;4.5 hours;2016-06-30;Web Development
868112;Chief Wealth Officer;TRUE;"$45,00";4;0;7;Beginner Level;1 hour;2016-06-03;Business Finance
672894;Christmas Piano Songs For The Very Beginner Vol. I;TRUE;"$40,00";1.060;3;15;Beginner Level;1.5 hours;2015-11-22;Musical Instruments
1084894;Chrome Extensions : Develop 5 chrome extensions from scratch;FALSE;Free;3.655;85;44;Beginner Level;2 hours;2017-03-30;Web Development
475914;Chugging - it don't mean a thing if it ain't got that swing!;TRUE;"$200,00";382;21;25;All Levels;2.5 hours;2015-04-20;Musical Instruments
336446;Circular Breathing for musicians - practical skills;TRUE;"$25,00";261;4;17;All Levels;1.5 hours;2014-11-06;Musical Instruments
771880;Clarinet Lessons For Beginners;TRUE;"$95,00";11;0;41;Beginner Level;3 hours;2016-02-26;Musical Instruments
810576;Clarinet Pro Series - Fall in love with the Clarinet;TRUE;"$50,00";95;3;30;All Levels;6 hours;2016-04-08;Musical Instruments
412970;Classical Guitar Essentials - The Basics Part 1;TRUE;"$65,00";861;19;52;Beginner Level;4.5 hours;2016-05-04;Musical Instruments
1051856;Classical Guitar Essentials - The Basics Part 2;TRUE;"$95,00";1.030;1;44;Intermediate Level;4.5 hours;2017-03-03;Musical Instruments
263672;Classical Guitar Finger-Picking: Right Hand Arpeggios;TRUE;"$195,00";200;11;19;All Levels;2 hours;2014-07-24;Musical Instruments
398224;Classical Guitar Master Class: 'Alman  ";TRUE;"$195,00";113;2;34;Intermediate Level;2 hours;2015-04-21;Musical Instruments
1160066;Classical Guitar Technique: 80/20;TRUE;"$175,00";54;0;18;All Levels;2.5 hours;2017-03-30;Musical Instruments
1004512;Clipping Masks & Shaped images in Adobe Photoshop CC;TRUE;"$90,00";1.905;12;14;All Levels;44 mins;2016-12-09;Graphic Design
1025536;Coach Guitar - Amazing New Way To Learn Guitar With Colors;TRUE;"$50,00";12;0;321;All Levels;3.5 hours;2016-12-27;Musical Instruments
1048182;Coach Guitar - Apprendre la GUITARE facile avec des COULEURS;TRUE;"$50,00";25;1;321;All Levels;3.5 hours;2016-12-27;Musical Instruments
944804;Coaching Bundle: Guitar for Music Educators: Part 1;TRUE;"$135,00";1;1;5;All Levels;30 mins;2016-09-01;Musical Instruments
939636;Coaching Bundle: Guitar for Music Educators: Part 2;TRUE;"$135,00";1;1;6;All Levels;30 mins;2016-09-02;Musical Instruments
1026760;Coaching Course: Rhythm Instruction for Music Educators P1;TRUE;"$130,00";0;0;6;All Levels;32 mins;2017-03-10;Musical Instruments
1026762;Coaching Course: Rhythm Instruction for Music Educators P2;TRUE;"$125,00";0;0;7;All Levels;38 mins;2017-03-10;Musical Instruments
1208148;Coaching Course:Investment Analysis for your clients;TRUE;"$200,00";1;0;6;Intermediate Level;34 mins;2017-06-23;Business Finance
481696;Code & Grow Rich:  Earn More As An Entrepreneur Or Developer;TRUE;"$200,00";7.211;52;491;All Levels;57 hours;2016-02-10;Web Development
884946;Code a 'Coming Soon' Landing Page in Bootstrap 4;FALSE;Free;13.535;473;18;All Levels;1.5 hours;2016-08-17;Web Development
158934;Code a personal splash page in 1 hour;TRUE;"$20,00";10.610;83;10;Beginner Level;1 hour;2014-02-12;Web Development
143028;Code a Responsive Website Using HTML5 and CSS for Beginners;TRUE;"$50,00";1.271;136;110;Beginner Level;7.5 hours;2014-01-09;Web Development
629088;Code your first Website using HTML & CSS: Project Learning;TRUE;"$20,00";9.554;368;16;Beginner Level;1.5 hours;2015-10-28;Web Development
269638;Codeigniter: How to use Codeigniter that drives knowledge;TRUE;"$150,00";14.606;235;21;All Levels;3 hours;2014-07-29;Web Development
402508;Codeless Website Development with Adobe Muse;TRUE;"$50,00";461;67;46;All Levels;3.5 hours;2015-02-25;Web Development
59014;Coding for Entrepreneurs Basic;FALSE;Free;161.029;279;27;Beginner Level;3.5 hours;2013-06-09;Web Development
47963;"Coding for Entrepreneurs: Learn Python, Django, and More.";TRUE;"$195,00";23.412;799;251;All Levels;45 hours;2013-04-08;Web Development
955194;Coding Made Easy: A Beginners Guide To JavaScript;TRUE;"$40,00";1.950;33;16;Beginner Level;1 hour;2016-09-18;Web Development
864482;Coding Made Easy: HTML & CSS For Beginners;TRUE;"$40,00";3.254;92;16;Beginner Level;1.5 hours;2016-06-07;Web Development
388286;CoffeeScript: The Good Parts—Write Better javaScript;TRUE;"$50,00";2.152;19;15;Beginner Level;2.5 hours;2015-01-13;Web Development
475032;Collection of Advanced Options concepts for Options traders;TRUE;"$40,00";2.025;34;9;Expert Level;1 hour;2015-04-13;Business Finance
16714;Color Basics for Print Designers;TRUE;"$20,00";372;21;10;All Levels;36 mins;2012-04-23;Graphic Design
823494;Comment jouer du Pianoforte;TRUE;"$100,00";172;2;41;All Levels;3 hours;2016-05-02;Musical Instruments
179446;Commercial Credit Analysis;TRUE;"$50,00";545;48;42;All Levels;7.5 hours;2014-03-12;Business Finance
581598;Commodity Futures Day Trading Strategies;TRUE;"$95,00";91;5;28;All Levels;5 hours;2015-08-28;Business Finance
1177156;Como Criar Logos de Sucesso - Start Designer;TRUE;"$25,00";0;0;29;Beginner Level;6 hours;2017-06-30;Graphic Design
673702;Como hacer empresa en 10 sesiones prácticas;TRUE;"$20,00";11;2;10;Intermediate Level;30 mins;2015-11-19;Business Finance
196620;Como Investir em Ações para Iniciantes;FALSE;Free;6.024;890;18;All Levels;1 hour;2014-04-11;Business Finance
1185390;Como Produzir Ebook e Livros com Adobe Indesign CC e CS6;TRUE;"$80,00";37;6;131;All Levels;12.5 hours;2017-04-19;Graphic Design
574132;Como utilizar o Corel Draw por completo!;TRUE;"$30,00";293;32;44;All Levels;7 hours;2015-08-17;Graphic Design
657734;Complete AJAX Course: Learn AJAX Techniques Using Bootstrap;TRUE;"$195,00";12.368;89;26;All Levels;3.5 hours;2015-11-13;Web Development
970874;"Complete AJAX Using Bootstrap, PHP From Basic To Advanced.";TRUE;"$195,00";4.708;111;18;All Levels;2.5 hours;2016-10-06;Web Development
328476;Complete ASP NET MVC Web Development - Newbie to Ninja!;TRUE;"$195,00";6.073;627;66;All Levels;9 hours;2014-11-24;Web Development
1114722;Complete Beginners Introduction to Guitar;TRUE;"$40,00";10;4;35;Beginner Level;1.5 hours;2017-02-27;Musical Instruments
1166070;Complete Bootstrap 4 course - build 3 projects;FALSE;Free;7.865;241;36;All Levels;5 hours;2017-04-07;Web Development
72644;Complete Claritas Investment Certificate;TRUE;"$50,00";388;56;35;All Levels;11.5 hours;2013-08-05;Business Finance
1027016;Complete Codeigniter: From Beginner to Advanced;TRUE;"$200,00";2.786;31;20;All Levels;3 hours;2017-01-24;Web Development
367460;Complete Digital Painting Training with Corel Painter;TRUE;"$30,00";4.353;23;57;All Levels;3.5 hours;2015-02-09;Graphic Design
1070976;"Complete E-Commerce Course - Java,Spring,Hibernate and MySQL";TRUE;"$195,00";1.371;165;83;All Levels;20 hours;2017-01-16;Web Development
1113822;Complete GST Course & Certification - Grow Your CA Practice;TRUE;"$75,00";2.792;923;274;All Levels;39 hours;2017-03-09;Business Finance
1250742;Complete GST Course For Small and Medium Enterprises;TRUE;"$75,00";8;0;45;Beginner Level;6 hours;2017-06-14;Business Finance
637452;Complete Guide to Business Loans;TRUE;"$30,00";35;4;35;Beginner Level;1.5 hours;2015-12-04;Business Finance
797040;Complete Guide to Front-End Web Development and Design;TRUE;"$200,00";1.119;111;204;Beginner Level;16.5 hours;2016-05-23;Web Development
697798;"Complete guide to install Wordpress, PHP on Cloud,AWS or VPS";TRUE;"$50,00";1.386;17;28;All Levels;3 hours;2016-01-06;Web Development
42271;Complete Guitar System - Beginner to Advanced;TRUE;"$145,00";32.935;2.713;310;All Levels;34 hours;2013-05-29;Musical Instruments
595728;Complete HTML5 and CSS3 Course +1 Start to Finish Project;TRUE;"$200,00";3.887;81;94;All Levels;8.5 hours;2015-09-07;Web Development
513958;Complete JavaScript Course for Beginners with Easy Examples;TRUE;"$200,00";7.449;91;32;All Levels;4 hours;2015-06-08;Web Development
989452;Complete JQuery And JQuery UI Course For Beginner;TRUE;"$80,00";7.169;277;20;Intermediate Level;1 hour;2016-10-27;Web Development
552198;Complete Login and Registration System in PHP and MYSQL;TRUE;"$200,00";4.714;149;28;All Levels;4 hours;2015-07-16;Web Development
611308;Complete PHP and MySql Course: From Beginner to Professional;TRUE;"$200,00";6.508;137;90;All Levels;6.5 hours;2015-10-05;Web Development
580466;Complete PHP Course With Bootstrap3 CMS System & Admin Panel;TRUE;"$195,00";55.332;1.225;144;All Levels;20 hours;2015-09-22;Web Development
681514;Complete PHP Course with OOP Start to Finish!;TRUE;"$200,00";4.529;54;29;All Levels;2 hours;2015-11-26;Web Development
366194;Complete Portrait and Figure Drawing (step-by-step);TRUE;"$20,00";124;8;16;All Levels;1.5 hours;2014-12-17;Graphic Design
631128;Complete Python Web Course: Build 8 Python Web Apps;TRUE;"$110,00";7.489;941;173;All Levels;16 hours;2015-11-08;Web Development
1134390;Complete React JS web developer with ES6 - Build 10 projects;TRUE;"$200,00";952;121;75;Beginner Level;12 hours;2017-03-22;Web Development
1062686;Complete RESPONSIVE Website Design with HTML5 & CSS3;TRUE;"$20,00";2.204;6;97;Beginner Level;9 hours;2017-02-03;Web Development
1253868;Complete Short Financial Ratio Course for Financial Analysis;TRUE;"$200,00";15;1;56;All Levels;3 hours;2017-06-28;Business Finance
1147458;Complete Trading Plan Course for Stocks & Forex (10 Hours);TRUE;"$200,00";1.087;14;61;All Levels;9.5 hours;2017-03-23;Business Finance
789324;Complete Web Development Course + Building 5 Websites!;TRUE;"$200,00";11.492;174;118;All Levels;24.5 hours;2016-03-21;Web Development
1050632;"Complete Web Development with HTML, CSS and Javascript";FALSE;Free;2.097;16;10;Intermediate Level;2 hours;2017-06-27;Web Development
98066;Complete Website & CMS in PHP & MySQL From Scratch!;TRUE;"$20,00";3.357;82;48;All Levels;12.5 hours;2014-04-18;Web Development
1090870;Complete WooCommerce Plugin Tutorial For Wordpress 2017;FALSE;Free;7.922;183;16;Beginner Level;1.5 hours;2017-01-27;Web Development
883000;Complete WordPress Theme Developer Course With Bootstrap;TRUE;"$150,00";3.415;312;160;All Levels;25 hours;2016-07-01;Web Development
911474;Complete Wordpress Theme Development Course;TRUE;"$150,00";1.050;223;64;All Levels;6.5 hours;2016-07-23;Web Development
40039;Comprehensive Forex Mastery Program;TRUE;"$45,00";650;107;97;All Levels;10 hours;2013-02-07;Business Finance
765562;"Comprehensive Guide to Financial Markets, Investing &Trading";TRUE;"$60,00";4.187;600;79;Beginner Level;9 hours;2016-02-29;Business Finance
125806;Comprehensive JavaScript Programming;TRUE;"$20,00";6.760;84;27;All Levels;3 hours;2013-11-26;Web Development
473622;Comprehensive TypeScript;TRUE;"$125,00";1.318;78;51;All Levels;4.5 hours;2015-04-13;Web Development
1268616;Condor Broken Wing Butterfly Options Trading Course System;FALSE;Free;16;0;15;All Levels;1.5 hours;2017-07-06;Business Finance
514844;Contabilidad Financiera: Conoce el Lenguaje de los Negocios.;TRUE;"$20,00";244;13;21;Beginner Level;2.5 hours;2015-06-16;Business Finance
581498;Contabilidad Gubernamental en México;TRUE;"$30,00";270;22;24;All Levels;3.5 hours;2015-08-14;Business Finance
932454;Contabilidad rápida y eficaz;TRUE;"$40,00";379;60;60;All Levels;2 hours;2016-08-18;Business Finance
1227792;Contabilità Generale;TRUE;"$200,00";4;1;40;All Levels;8.5 hours;2017-05-29;Business Finance
975414;Contango VXX - ETF Options Trading - Double Your Investment;TRUE;"$200,00";513;20;20;All Levels;1 hour;2016-10-06;Business Finance
667744;Convert HTML Websites into PHP: Learn by Doing in 40 Minutes;TRUE;"$50,00";540;13;15;All Levels;36 mins;2015-11-12;Web Development
902300;Convert Image to Vector in Adobe illustrator;FALSE;Free;3.251;158;13;Intermediate Level;31 mins;2016-07-13;Graphic Design
445102;Converting Type to Outlines in Adobe InDesign;TRUE;"$20,00";725;1;12;Intermediate Level;38 mins;2015-03-31;Graphic Design
742392;Conviértete en un experto de photoshop cc naked series;TRUE;"$30,00";24;5;122;Intermediate Level;12 hours;2016-01-29;Graphic Design
253246;Core Concepts in HTML 5;TRUE;"$75,00";1.532;19;23;Beginner Level;2 hours;2014-07-30;Web Development
1232312;Core Financial Statement Concepts;TRUE;"$50,00";0;0;9;Intermediate Level;1.5 hours;2017-06-28;Business Finance
587902;Core HTML How to get online quickly HTML to HTML5 ;TRUE;"$90,00";10.394;33;34;Beginner Level;3.5 hours;2015-08-21;Web Development
186096;"Core: A Web App Reference Guide for Django, Python, and More";TRUE;"$195,00";2.497;98;154;All Levels;26 hours;2014-05-29;Web Development
906760;Corel Draw x7;TRUE;"$20,00";164;43;62;All Levels;12 hours;2016-07-20;Graphic Design
873296;Corel Draw X7 Egitimi (Temelden Ileri Seviyeye);TRUE;"$105,00";28;6;103;All Levels;12 hours;2016-06-09;Graphic Design
883324;Corel Draw X7: Mão na Massa;TRUE;"$25,00";72;13;40;Beginner Level;4 hours;2016-06-20;Graphic Design
1262470;Corel Draw X8 Baslangiç Egitimi (YENI);TRUE;"$65,00";1;0;66;Beginner Level;6.5 hours;2017-06-21;Graphic Design
835082;Corel Painter 2016;TRUE;"$40,00";41;9;86;All Levels;8 hours;2016-05-11;Graphic Design
1232390;Corporate Ethics;TRUE;"$100,00";0;0;13;Beginner Level;3.5 hours;2017-07-03;Business Finance
777444;Corporate Finance - A Brief Introduction;FALSE;Free;11.724;649;17;Beginner Level;1.5 hours;2016-03-04;Business Finance
804298;Corporate Finance 101: Equity Valuation;TRUE;"$50,00";1.071;14;50;All Levels;6 hours;2016-03-29;Business Finance
797762;Corporate Finance 101: Financial Statement Analysis & Ratios;TRUE;"$50,00";967;16;43;All Levels;8 hours;2016-03-20;Business Finance
612528;Corporate Finance and Alternative Investment for CFA L1;TRUE;"$20,00";103;3;27;All Levels;4.5 hours;2015-09-17;Business Finance
1249164;Corporate Internal Controls and Fraud Controls;TRUE;"$50,00";1;0;12;Intermediate Level;2 hours;2017-06-29;Business Finance
548044;Corporation Tax Returns UK;TRUE;"$50,00";100;23;25;All Levels;2 hours;2015-07-23;Business Finance
1265678;CORSO COMPLETO DI E-ON VUE X-STREAM PER TUTTI;TRUE;"$70,00";3;1;20;All Levels;3.5 hours;2017-06-23;Graphic Design
676650;Corso introduttivo al trading profittevole;TRUE;"$20,00";132;9;9;Beginner Level;1 hour;2015-11-23;Business Finance
485889;Cost Accounting - A Comprehensive Study;TRUE;"$180,00";503;43;286;All Levels;29.5 hours;2015-04-26;Business Finance
781954;Cost Accounting and Financial Management - A Complete Study;TRUE;"$150,00";452;14;444;All Levels;45 hours;2016-03-04;Business Finance
371574;Cost Accounting Basics (Professional Course Level);TRUE;"$20,00";1.777;11;23;Beginner Level;1 hour;2014-12-17;Business Finance
471446;Cost Accounting Crash Course;TRUE;"$20,00";3.730;11;17;All Levels;2.5 hours;2015-04-10;Business Finance
479688;Cost Accounting Labour Costing (Professional Course Level);TRUE;"$20,00";1.542;1;24;All Levels;2 hours;2015-04-20;Business Finance
454724;Cost Accounting Marginal Costing Theory and Practice;TRUE;"$20,00";1.923;4;31;All Levels;2.5 hours;2015-03-24;Business Finance
484134;Cost Accounting Operating Costing(Professional Course Level);TRUE;"$20,00";731;2;8;All Levels;1 hour;2015-04-24;Business Finance
463834;Cost Accounting Overheads (Professional Course Level);TRUE;"$20,00";2.383;6;19;All Levels;2.5 hours;2015-03-31;Business Finance
788720;Cost of Capital and Weighted Average Cost of Capital;FALSE;Free;405;3;22;All Levels;1 hour;2016-04-11;Business Finance
647336;Country Guitar Fundamentals;TRUE;"$50,00";1.174;39;23;Intermediate Level;1.5 hours;2016-12-23;Musical Instruments
1190334;Course Bundle | Exploring Art : Silhouette & Linear Line Art;TRUE;"$80,00";827;1;15;All Levels;1 hour;2017-04-24;Graphic Design
1273896;Covered Calls - Powerful Income Strategy for Stock Traders;TRUE;"$60,00";22;0;8;Beginner Level;1 hour;2017-07-03;Business Finance
903326;CPA 10 COMPLETO;TRUE;"$25,00";101;25;18;All Levels;5 hours;2016-08-10;Business Finance
116128;CPA 101: How To Master Affiliate Marketing In No Time;TRUE;"$100,00";11.517;92;21;All Levels;1.5 hours;2013-11-09;Business Finance
657518;Cracking the Violin Code!;TRUE;"$120,00";746;82;40;All Levels;5.5 hours;2015-11-17;Musical Instruments
835712;Crash Course - Learn to Create a PHP MVC Framework;TRUE;"$50,00";1.282;117;12;All Levels;1 hour;2016-05-01;Web Development
471428;Crash Course on Cost of Capital and Capital Structuring;FALSE;Free;5.007;41;19;All Levels;3 hours;2015-04-13;Business Finance
471546;Crash Course on Working Capital Management;TRUE;"$20,00";3.177;8;8;All Levels;1 hour;2015-04-16;Business Finance
92760;Crash Course: Fundamentals Of HTML & CSS From Scratch.;TRUE;"$20,00";7.368;216;52;Beginner Level;2 hours;2013-09-20;Web Development
188604;Crea personajes fantásticos con Photoshop;TRUE;"$20,00";1;0;8;Beginner Level;1 hour;2014-04-04;Graphic Design
393850;Creación de iconos con Illustrator;TRUE;"$20,00";27;3;54;All Levels;3 hours;2015-01-17;Graphic Design
650720;Creare un logo con Adobe Illustrator;FALSE;Free;1.447;121;13;All Levels;1 hour;2015-10-29;Graphic Design
63712;create 9 professional logo design full version;TRUE;"$35,00";91;3;34;All Levels;2 hours;2013-07-23;Graphic Design
506568;Create A Business From Home Trading Stocks Today In 2017;TRUE;"$75,00";10.149;83;16;All Levels;2 hours;2015-05-26;Business Finance
791610;Create a business website with WordPress;TRUE;"$50,00";1.624;31;38;All Levels;4 hours;2016-03-14;Web Development
92194;Create a classified website in 2 hours - guaranteed;TRUE;"$50,00";3.411;84;22;All Levels;1 hour;2013-11-09;Web Development
416738;Create a Client Network by Hosting WordPress Sites;TRUE;"$35,00";1.061;8;17;Intermediate Level;1 hour;2015-03-02;Web Development
159760;Create A Custom Responsive WordPress Website For A Client;TRUE;"$95,00";7.517;89;47;All Levels;4.5 hours;2014-04-21;Web Development
718426;Create a Dynamic User Registration Form from scratch;TRUE;"$100,00";7.213;50;38;Beginner Level;3 hours;2016-01-09;Web Development
1068664;Create a Majestic Bear on Adobe Illustrator;TRUE;"$55,00";3;0;10;All Levels;1 hour;2017-05-02;Graphic Design
1205894;Create a MEAN App by Example - Full Stack Course;TRUE;"$50,00";421;26;33;Intermediate Level;3.5 hours;2017-05-08;Web Development
455680;Create a Membership Site with Wishlist Member & Wordpress;TRUE;"$95,00";557;39;28;All Levels;2.5 hours;2015-03-31;Web Development
654422;Create a PHP Contact Form in Bootstrap;TRUE;"$20,00";2.238;65;12;All Levels;1 hour;2015-12-27;Web Development
716310;Create a Powerful Website with the Cool Bootstrap Framework;FALSE;Free;7.142;41;25;All Levels;4 hours;2016-02-02;Web Development
374590;Create a Professional Website Without Programming/Coding;FALSE;Free;5.421;93;20;All Levels;1.5 hours;2015-01-17;Web Development
418386;Create a REAL Social Network like Facebook in PHP + MySQL;TRUE;"$45,00";1.002;178;174;All Levels;16.5 hours;2016-09-19;Web Development
41356;Create a Responsive Business Website with WordPress;TRUE;"$95,00";1.659;73;38;All Levels;5.5 hours;2013-03-25;Web Development
311916;Create a Responsive Website with Bootstrap 3;TRUE;"$50,00";4.076;39;22;Intermediate Level;3 hours;2014-10-28;Web Development
261148;create a search engine for your website!;TRUE;"$20,00";1.832;6;12;Intermediate Level;1.5 hours;2014-07-17;Web Development
1134456;"Create a Simple Photo Gallery with Dropzonejs, Slick and PHP";FALSE;Free;2.464;17;9;All Levels;44 mins;2017-03-07;Web Development
1189508;Create a social network using PHP Mysqli HTML Css and JQuery;TRUE;"$40,00";1.477;17;27;Intermediate Level;6 hours;2017-04-24;Web Development
682484;Create a Website from Scratch using HTML CSS step by step;TRUE;"$75,00";12.882;95;20;Beginner Level;1.5 hours;2015-11-27;Web Development
744618;Create a Website Similar to Facebook from Scratch!;TRUE;"$25,00";2.197;9;12;All Levels;1.5 hours;2016-02-09;Web Development
1176460;Create Ajax Chat App with PHP & Mysql;TRUE;"$45,00";540;11;19;Beginner Level;1 hour;2017-04-15;Web Development
522784;Create an Accelerated Learning Flowchart with Watercolors;TRUE;"$200,00";668;5;16;All Levels;2.5 hours;2015-06-08;Graphic Design
372442;Create an E-commerce website without any coding;TRUE;"$20,00";1.393;40;9;All Levels;31 mins;2014-12-18;Web Development
994740;Create an eCommerce Wordpress Website 2016 - New Divi Theme!;TRUE;"$30,00";3.503;123;41;Beginner Level;4 hours;2016-10-27;Web Development
19260;Create an Engaging Website with Twitter Bootstrap 2.x;TRUE;"$20,00";1.463;56;24;All Levels;1 hour;2012-06-18;Web Development
294794;Create An HTML5 Video Player From Scratch;FALSE;Free;32.260;1.005;12;Beginner Level;1.5 hours;2014-09-05;Web Development
125162;Create and Deploy a Web App in 3 Hours;TRUE;"$50,00";4.123;23;34;Beginner Level;3.5 hours;2013-12-04;Web Development
1027480;Create Animated Gif Advertising Banners in Photoshop CC;TRUE;"$85,00";1.310;9;20;All Levels;1 hour;2017-01-10;Graphic Design
922464;Create Awesome Ebook Covers Using Microsoft Word;TRUE;"$45,00";447;6;23;All Levels;3.5 hours;2016-08-05;Graphic Design
631148;Create Beautiful Compelling Social Media Banners With Canva;TRUE;"$50,00";1.098;3;34;Beginner Level;1.5 hours;2015-10-14;Graphic Design
726314;Create Beautiful Image Maps for Your Website;TRUE;"$20,00";0;0;8;Intermediate Level;37 mins;2016-01-18;Graphic Design
510098;Create Beautiful Music On The Piano Like a Pro In Minutes;TRUE;"$95,00";115;17;17;All Levels;1.5 hours;2015-08-10;Musical Instruments
1125728;Create Beveled Lettering in Adobe Illustrator;TRUE;"$20,00";2;0;8;Intermediate Level;35 mins;2017-02-26;Graphic Design
761768;"Create Complete Sign up System using PHP, jQuery and Ajax";TRUE;"$200,00";4.033;40;25;All Levels;3 hours;2016-02-15;Web Development
552594;Create Complete Web Applications easily with APEX 5;TRUE;"$30,00";912;128;81;Intermediate Level;7 hours;2015-07-14;Web Development
1045862;Create eye-catching WordPress website from scratch;TRUE;"$30,00";2.342;15;19;Beginner Level;4.5 hours;2016-12-28;Web Development
576646;Create Fast RESTful APIs with Lumen and Homestead by Laravel;TRUE;"$60,00";1.157;105;31;All Levels;3 hours;2015-10-25;Web Development
753934;Create Flat Designs with Inkscape ;TRUE;"$30,00";259;3;11;Beginner Level;1.5 hours;2016-02-14;Graphic Design
910624;"Create free, fast and secure static website";TRUE;"$50,00";322;9;9;Beginner Level;31 mins;2016-07-21;Web Development
499904;Create full featured Landing Page in Ruby on Rails in 3 hour;TRUE;"$30,00";1.550;15;23;All Levels;3 hours;2015-05-15;Web Development
358508;Create Jekyll blog and host it on Github like a Ninja;TRUE;"$20,00";5.056;74;11;Beginner Level;2 hours;2014-12-13;Web Development
222976;Create Kindle eBook Covers with PowerPoint;TRUE;"$30,00";87;7;23;All Levels;2 hours;2014-06-17;Graphic Design
1092766;Create Mobile App Design from Scratch in Photoshop;TRUE;"$125,00";1.359;7;24;Beginner Level;2.5 hours;2017-02-01;Graphic Design
665686;Create Newsletter Subscription Form with PHP/AJAX in 40 Min;TRUE;"$50,00";586;10;17;All Levels;38 mins;2015-11-11;Web Development
553832;Create Professional Character Designs in Photoshop;TRUE;"$20,00";228;11;21;Intermediate Level;4 hours;2015-07-14;Graphic Design
1145736;Create Professional Looking Infographics With No Experience;TRUE;"$180,00";9.367;104;21;Beginner Level;2 hours;2017-03-21;Graphic Design
200742;Create Single Page Website using Twitter Bootstrap 3;TRUE;"$20,00";7.449;111;13;Intermediate Level;1 hour;2014-04-19;Web Development
382856;Create Startup Landing Page with Viral Marketing Strategies;FALSE;Free;12.974;120;13;Beginner Level;1 hour;2015-01-03;Web Development
874656;Create Stunning Infographics to Share your Ideas;FALSE;Free;5.175;470;7;Beginner Level;30 mins;2016-08-14;Graphic Design
1227748;create stunning Photoshop compositions in minutes;TRUE;"$20,00";5;0;29;All Levels;2 hours;2017-06-07;Graphic Design
1237912;Create Trading Robot Without Coding Skills!;TRUE;"$145,00";5;0;13;All Levels;1 hour;2017-06-16;Business Finance
811452;Create Website from scratch in Urdu & Hindi;FALSE;Free;3.033;91;9;Intermediate Level;1 hour;2016-06-05;Web Development
792703;Create WordPress Plugins;TRUE;"$50,00";964;19;21;All Levels;2.5 hours;2016-04-08;Web Development
806020;Create Your First Wordpress Site in Under an Hour;TRUE;"$20,00";4.867;128;12;Beginner Level;1 hour;2016-03-30;Web Development
676764;Create Your Own Automated Stock Trading Robot In EXCEL!;TRUE;"$150,00";461;45;44;All Levels;5 hours;2015-12-09;Business Finance
447362;Create Your Own Hedge Fund: Trade Stocks Like A Fund Manager;TRUE;"$175,00";4.005;237;25;Intermediate Level;2 hours;2015-04-12;Business Finance
978272;Create your own Photoshop brush preset!;TRUE;"$20,00";4;1;8;Beginner Level;37 mins;2016-11-18;Graphic Design
348920;Create Your Own Successful Online School To Sell Courses;TRUE;"$95,00";2.814;14;39;Beginner Level;2 hours;2014-11-18;Web Development
106156;"Create, Update and Manage Your Own Website Using Drupal 7";TRUE;"$120,00";2.837;68;49;All Levels;7 hours;2013-10-16;Web Development
471136;Creating 2D Game Assets;TRUE;"$25,00";57;0;12;All Levels;2 hours;2015-04-17;Graphic Design
69414;Creating a Responsive HTML Email;TRUE;"$20,00";2.520;183;34;All Levels;1.5 hours;2013-08-12;Web Development
692920;Creating an animated greeting card via Google Slides;TRUE;"$20,00";1.504;10;9;Beginner Level;1.5 hours;2016-01-05;Graphic Design
699380;Creating an animated greeting card via Google Slides;TRUE;"$20,00";770;8;8;Intermediate Level;1 hour;2016-05-06;Graphic Design
699376;Creating an animated greeting card via Google Slides;TRUE;"$20,00";549;10;8;Beginner Level;1 hour;2016-04-12;Graphic Design
34882;Creating an MP3 Player with HTML5;TRUE;"$20,00";14.551;169;14;All Levels;1.5 hours;2013-01-31;Web Development
699382;Creating animation puzzles with Google Slides;TRUE;"$20,00";679;5;9;Intermediate Level;1 hour;2016-05-30;Graphic Design
875882;Creating Animations using HTML5 Canvas;TRUE;"$25,00";4.010;17;12;All Levels;1 hour;2016-06-13;Web Development
873824;Creating Custom Web Maps;TRUE;"$50,00";208;48;29;Intermediate Level;2 hours;2016-06-10;Web Development
1023070;Creating FaceBook Design Using Bootstrap - Handson Project;TRUE;"$80,00";4.616;20;19;All Levels;2 hours;2016-12-06;Web Development
581352;Creating Icons with Adobe Illustrator;TRUE;"$30,00";2.266;26;10;All Levels;1 hour;2015-08-13;Graphic Design
869448;Creating Interactive HTML5 Video;TRUE;"$25,00";838;13;23;Intermediate Level;2 hours;2016-06-06;Web Development
1034636;Creating User Authentication System in CodeIgniter;TRUE;"$200,00";2.783;9;21;All Levels;1.5 hours;2016-12-22;Web Development
446936;Creative logo design with Inkscape for free;TRUE;"$40,00";1.530;49;25;All Levels;4 hours;2015-11-12;Graphic Design
953220;Creative Perspective Illustration with GIMP;TRUE;"$50,00";43;3;57;All Levels;6.5 hours;2016-11-24;Graphic Design
1169196;"Credit concepts and checklist for bankers, credit analyst";TRUE;"$20,00";0;0;10;Beginner Level;2.5 hours;2017-04-24;Business Finance
304410;Credit Control Procedures;TRUE;"$20,00";3;0;6;All Levels;34 mins;2014-09-22;Business Finance
138560;Credit Repair from a Financial Institution;TRUE;"$20,00";157;13;9;All Levels;2.5 hours;2014-01-14;Business Finance
742106;Credit Risk Analysis;TRUE;"$20,00";194;24;19;Intermediate Level;3.5 hours;2016-01-28;Business Finance
42491;CREDIT SPREAD SURGERY - Bear Call and Bull Put Mastery ;TRUE;"$60,00";607;55;16;Intermediate Level;2 hours;2013-03-05;Business Finance
1221032;Criando um poster com foto colagem digital;TRUE;"$25,00";1;0;8;Beginner Level;41 mins;2017-05-25;Graphic Design
1083784;Crie seu Cartão de Visita no CorelDRAW X8;TRUE;"$20,00";28;3;38;Beginner Level;4 hours;2017-03-02;Graphic Design
994362;Critical Web Dev Skills & Tools for the Non-Tech Hustler;FALSE;Free;3.118;8;33;All Levels;1.5 hours;2016-12-20;Web Development
859446;Cross-Platform Development with ASP.NET Core 1.0 MVC;TRUE;"$35,00";601;126;64;All Levels;5.5 hours;2016-07-11;Web Development
685190;Crowdfunding for Filmmakers;TRUE;"$65,00";32;6;30;All Levels;4 hours;2015-12-01;Business Finance
598094;Crowdfunding to Win;TRUE;"$40,00";627;15;15;All Levels;1.5 hours;2015-09-23;Business Finance
773934;CryptoArbitrager: Bitcoin Trading Robot (no mining);TRUE;"$150,00";1.224;42;14;All Levels;33 mins;2016-03-23;Business Finance
1282064;Cryptocurrency (BTC & ETH) Investment & Trading Course 2017;TRUE;"$20,00";0;0;7;Beginner Level;2.5 hours;2017-07-06;Business Finance
1247394;Cryptocurrency Trading: Complete Guide To Trading Altcoins;TRUE;"$95,00";367;42;35;All Levels;5 hours;2017-06-21;Business Finance
514036;Crystal ball trading - foresee price with seasonal patterns;TRUE;"$145,00";807;19;23;All Levels;6 hours;2015-06-14;Business Finance
943386;CSS :basics for beginners;TRUE;"$30,00";1.085;8;13;All Levels;32 mins;2016-08-29;Web Development
113518;CSS and CSS3 For Absolute Beginners;TRUE;"$75,00";10.890;212;33;Beginner Level;5 hours;2013-11-01;Web Development
905096;CSS Animations: Create Amazing Effects on Your Website;TRUE;"$50,00";300;31;38;All Levels;3 hours;2016-08-11;Web Development
24334;CSS Development (with CSS3!);TRUE;"$20,00";25.864;188;32;All Levels;5 hours;2012-10-31;Web Development
641732;Css For Beginners;TRUE;"$85,00";1.156;13;28;Beginner Level;2.5 hours;2015-10-21;Web Development
366720;CSS Image filters - The modern web images color manipulation;FALSE;Free;6.315;53;16;All Levels;1.5 hours;2014-12-10;Web Development
653754;Css Positioning For Absolute Beginners: A Basic Introduction;TRUE;"$65,00";4.797;97;11;Beginner Level;1 hour;2015-10-30;Web Development
923146;CSS Specialist: Comprehensive CSS Training;TRUE;"$100,00";487;31;52;Beginner Level;6 hours;2016-08-08;Web Development
742712;CSS Tutorial For Beginners: Style Your Wordpress Templates;TRUE;"$35,00";1.049;22;47;Beginner Level;3.5 hours;2016-01-27;Web Development
922600;CSS Web Development Crash Course;TRUE;"$20,00";10.008;53;26;Beginner Level;2.5 hours;2016-12-01;Web Development
482404;CSS3 for beginners;TRUE;"$195,00";3.831;15;25;Beginner Level;1.5 hours;2015-04-23;Web Development
786494;CSS3 Gradients for Web Designers;TRUE;"$20,00";1.209;9;21;All Levels;1.5 hours;2016-08-19;Web Development
745120;"CSSCasts; CSS libraries Plugins Tips & Tricks for Developers";TRUE;"$200,00";1.874;40;224;All Levels;44.5 hours;2016-03-16;Web Development
831170;CurrencyFair - Avoid Bank Charges when converting currencies;FALSE;Free;1.730;34;11;All Levels;40 mins;2016-05-05;Business Finance
666254;Curso Avanzado de Trading;TRUE;"$125,00";106;11;100;All Levels;20.5 hours;2015-11-28;Business Finance
700942;"Curso básico de Gimp; software gratis de diseño gráfico";TRUE;"$60,00";190;25;36;Beginner Level;2 hours;2015-12-22;Graphic Design
648350;Curso Blender 3D  do Básico ao Avançado ;TRUE;"$20,00";353;79;154;All Levels;14.5 hours;2015-10-25;Graphic Design
1080466;Curso Completo de Bitcoin - Ganhe 0.00005 Bitcoin;TRUE;"$30,00";394;109;73;All Levels;5.5 hours;2017-02-06;Business Finance
680046;Curso Completo de Opciones Binarias: Estrategias 90% Acierto;TRUE;"$145,00";335;16;26;All Levels;1.5 hours;2015-12-16;Business Finance
804096;Curso Completo de SolidWorks 2016.;TRUE;"$30,00";129;27;43;All Levels;9 hours;2016-12-29;Graphic Design
617976;Curso Completo del Mercado FOREX;TRUE;"$200,00";359;86;50;All Levels;5.5 hours;2015-11-18;Business Finance
1144780;Curso de batería online de Patricio Iglesias (Santa Sabina);TRUE;"$35,00";5;1;17;Intermediate Level;4 hours;2017-03-28;Musical Instruments
1216752;Curso de Bateria - Explorando Diferentes Divisões;TRUE;"$55,00";5;2;19;Intermediate Level;2 hours;2017-05-18;Musical Instruments
686430;Curso de Corel Draw: Como Hacer Todo para tu Fiesta Temática;TRUE;"$125,00";10;3;55;Beginner Level;2.5 hours;2016-04-27;Graphic Design
998706;Curso de Day Trader para Iniciantes;FALSE;Free;1.278;200;13;Beginner Level;1.5 hours;2016-11-03;Business Finance
603902;Curso de Didgeridoo nivel principiante;TRUE;"$50,00";0;0;31;Beginner Level;1 hour;2016-04-11;Musical Instruments
601092;Curso de Diseño e Ilustracion de Armas para Videojuegos;TRUE;"$40,00";183;18;19;All Levels;2.5 hours;2015-09-21;Graphic Design
966522;Curso de ejercicios técnicos al piano Vol.1;TRUE;"$60,00";186;9;24;All Levels;1.5 hours;2016-09-30;Musical Instruments
1232356;Curso de ejercicios técnicos al piano Vol.2;TRUE;"$50,00";62;1;22;All Levels;1 hour;2017-05-29;Musical Instruments
852426;Curso de Guitarra para Principiantes;TRUE;"$20,00";53;5;39;Beginner Level;3 hours;2016-06-01;Musical Instruments
513528;Curso de guitarra para principiantes.;TRUE;"$20,00";4;0;7;Beginner Level;1 hour;2015-06-11;Musical Instruments
644020;Curso de Iniciación al Trading;TRUE;"$85,00";31;5;40;All Levels;10.5 hours;2015-11-26;Business Finance
651352;Curso de Maya 3D;TRUE;"$20,00";62;9;41;All Levels;4 hours;2016-02-09;Graphic Design
988678;Curso de piano 101 - Tocando partituras y acordes -;TRUE;"$170,00";245;26;93;All Levels;4.5 hours;2016-10-28;Musical Instruments
834422;Curso de Teclado;TRUE;"$40,00";1;0;26;Beginner Level;1.5 hours;2016-05-16;Musical Instruments
822926;Curso de Trading práctico basado en casos reales;TRUE;"$20,00";44;6;55;All Levels;10 hours;2016-08-29;Business Finance
725566;Curso de Violão Popular;TRUE;"$25,00";287;42;27;Beginner Level;6 hours;2016-01-27;Musical Instruments
1174974;Curso de Violão Prático;TRUE;"$70,00";5;0;10;Beginner Level;1.5 hours;2017-04-12;Musical Instruments
1202746;Curso Online de Adobe Illustrator CC e CS6;TRUE;"$80,00";126;18;119;All Levels;13 hours;2017-05-04;Graphic Design
687642;Custom Theme Creation for WordPress using HTML5 and CSS3;TRUE;"$35,00";298;20;24;Beginner Level;1.5 hours;2015-12-06;Web Development
837950;Customizr - Learn WordPress with the ultimate creative theme;FALSE;Free;4.735;81;69;Beginner Level;5 hours;2016-05-05;Web Development
1016420;???????? ? ?????????? ?????????;TRUE;"$50,00";205;20;20;Beginner Level;5 hours;2016-11-20;Business Finance
786984;???????? ??????-???????????? ??????????;TRUE;"$150,00";23;6;25;All Levels;1.5 hours;2016-03-10;Business Finance
769340;???????? ?????????: ??? ?????????? ?? ?????????????;TRUE;"$150,00";20;5;29;All Levels;2 hours;2016-02-25;Business Finance
1141560;Débuter avec KRITA;TRUE;"$25,00";3;0;14;Intermediate Level;2 hours;2017-05-01;Graphic Design
994312;Découvrez InDesign en 1 heure;TRUE;"$20,00";38;3;25;Beginner Level;1 hour;2016-11-21;Graphic Design
829962;Darbuka Drumming: Learn how to play the Darbuka Dounbek;FALSE;Free;1.094;45;11;Beginner Level;1 hour;2016-04-23;Musical Instruments
1246684;Dash Crypto Currency Technical and Trading Overview Bootcamp;TRUE;"$20,00";4;1;14;All Levels;1 hour;2017-06-19;Business Finance
679238;Day Trading - Learn to Day Trade / Swing Trade In One Hour.;TRUE;"$95,00";335;25;29;All Levels;1.5 hours;2015-11-27;Business Finance
380542;Day Trading in Stocks: Strategies for Beginner Investors;TRUE;"$50,00";217;19;9;All Levels;2 hours;2015-01-08;Business Finance
245822;Day Trading Market Structure Signals;FALSE;Free;5.529;90;5;All Levels;2 hours;2014-06-18;Business Finance
1107954;"Day trading strategy for all level, with 72% success rate";TRUE;"$95,00";51;9;15;All Levels;32 mins;2017-03-02;Business Finance
517466;Day Trading: High ROI Day Trading ;TRUE;"$150,00";17;2;51;Intermediate Level;6.5 hours;2015-07-29;Business Finance
294914;Debt Collection Management: Get Paid On Time EVERY TIME!;TRUE;"$20,00";1.255;8;38;All Levels;3 hours;2015-01-27;Business Finance
759262;Decide whether to Invest in a Business ;TRUE;"$20,00";1;0;43;Beginner Level;1 hour;2016-02-15;Business Finance
1181578;Deinen Roman setzen mit PagePlus in 10 einfachen Schritten;FALSE;Free;69;6;25;All Levels;3.5 hours;2017-04-24;Graphic Design
666910;Demystifying Your Personal Tax Return;FALSE;Free;3.426;27;14;Beginner Level;1 hour;2015-11-25;Business Finance
1027678;"Depreciation, Amortization and Depletion";TRUE;"$25,00";7;1;13;Intermediate Level;1 hour;2017-03-06;Business Finance
952106;Design & Create Text Logos in Adobe Photoshop CS5;TRUE;"$95,00";2.035;19;23;All Levels;1.5 hours;2016-10-16;Graphic Design
522426;Design & Create Vector Graphics With Inkscape 2016;TRUE;"$200,00";2.091;11;26;Beginner Level;2.5 hours;2015-06-08;Graphic Design
1160004;Design a logo for FREE in Inkscape;TRUE;"$100,00";1.148;26;42;All Levels;2 hours;2017-05-01;Graphic Design
826202;Design a unique bookstore-quality Photo Book with Blurb;TRUE;"$180,00";2.863;11;27;All Levels;2.5 hours;2016-04-26;Graphic Design
395140;Design and Animate a Gamer UI;TRUE;"$20,00";3.481;37;6;All Levels;1.5 hours;2015-01-15;Graphic Design
201812;Design Beautiful & Professional Ebooks Using FREE Software;TRUE;"$20,00";239;7;26;All Levels;4 hours;2014-04-25;Graphic Design
805882;Design bestselling T-shirts from Beginner to Expert.;TRUE;"$95,00";798;198;25;Beginner Level;40 mins;2016-04-06;Graphic Design
1184664;Design Business Card in Photoshop: Earn Money by Doing It;TRUE;"$50,00";120;10;29;Beginner Level;3.5 hours;2017-04-24;Graphic Design
327310;Design Efficiency Intensive;TRUE;"$20,00";6;0;5;Intermediate Level;33 mins;2015-01-12;Graphic Design
1226182;Design Tickets and Vouchers in Photoshop and Illustrator;TRUE;"$45,00";502;0;15;Beginner Level;2.5 hours;2017-05-27;Graphic Design
185092;Design while you learn InDesign CC;TRUE;"$20,00";1.116;3;21;Beginner Level;2.5 hours;2014-04-07;Graphic Design
904144;Design Your Own Fonts. Plus A Bunch Of Typography Secrets.;TRUE;"$40,00";67;8;25;All Levels;1 hour;2016-07-14;Graphic Design
861444;Design your own Social Media Logo Icons in Adobe Illustrator;TRUE;"$50,00";2.424;29;15;Beginner Level;1.5 hours;2016-06-05;Graphic Design
496302;Designing an eBook Cover that Sells;TRUE;"$20,00";27;2;18;All Levels;2 hours;2015-05-08;Graphic Design
1127944;Designing With Halftones: Create a Dot Pattern Portrait!;TRUE;"$20,00";228;0;7;Intermediate Level;1 hour;2017-05-22;Graphic Design
484896;Desktop Publishing 101: Simplified Editing;TRUE;"$20,00";507;9;9;Beginner Level;1 hour;2015-04-28;Graphic Design
631472;DesktopServer : Install WordPress Locally  - Work Anywhere!;TRUE;"$65,00";1.640;22;29;Beginner Level;2 hours;2015-11-01;Web Development
933110;Develop a Professional OnePage WordPress site With No Coding;TRUE;"$20,00";1.747;13;13;Beginner Level;1.5 hours;2016-08-29;Web Development
1145206;Develop Competitive Plugins for WordPress and WooCommerce;TRUE;"$150,00";2.063;18;12;All Levels;1 hour;2017-03-30;Web Development
796010;Develop Your First App in an Hour;TRUE;"$20,00";3.699;201;11;Beginner Level;1 hour;2016-05-17;Web Development
700140;Developing A Trading Strategy: Your Guide to Trading Success;TRUE;"$20,00";1.044;8;16;All Levels;2 hours;2015-12-17;Business Finance
681878;Devenez le king de l'illustration automobile;TRUE;"$50,00";42;10;32;Beginner Level;4.5 hours;2015-12-09;Graphic Design
1140232;Devtools 2017: Beginner to Expert w/ Chrome Developer Tools;TRUE;"$125,00";430;54;39;All Levels;2.5 hours;2017-04-04;Web Development
1178394;Devtools 2017: The Basics of Chrome Developer Tools;FALSE;Free;4.569;108;18;Beginner Level;1 hour;2017-04-14;Web Development
502204;Dibujo digital básico: cómo ilustrar en Photoshop;TRUE;"$20,00";155;36;90;Beginner Level;5 hours;2016-02-17;Graphic Design
893056;Didgeridoo - from zero to HERO! Part One - beginning;TRUE;"$35,00";87;11;38;Beginner Level;3 hours;2016-07-02;Musical Instruments
90132;Didgeridoo - from zero to HERO! Part Three. Advanced level.;TRUE;"$35,00";209;5;19;Expert Level;1.5 hours;2014-10-10;Musical Instruments
892898;Didgeridoo - from zero to HERO! Part Two. Intermediate.;TRUE;"$35,00";55;2;30;Intermediate Level;2 hours;2016-07-02;Musical Instruments
327666;Digital Art for Beginners;TRUE;"$150,00";3.381;388;57;Beginner Level;15 hours;2016-02-14;Graphic Design
901082;"Digital Art in Adobe Illustrator CC: Angry Bird, Tom & Jerry";FALSE;Free;3.108;27;28;Beginner Level;2.5 hours;2016-08-12;Graphic Design
966268;Digital Asset Designer: Creating and Selling Mockups;TRUE;"$50,00";50;12;28;Beginner Level;3 hours;2016-09-27;Graphic Design
644914;Digital Illustration: Make A Custom Character Illustration;TRUE;"$30,00";1.440;16;14;All Levels;1.5 hours;2015-11-03;Graphic Design
413180;Digital Painting for Cartoon Characters;TRUE;"$30,00";2.044;108;25;All Levels;4 hours;2015-02-05;Graphic Design
657764;Digital Photo Manipulation Art And Cover Design In PhotoShop;TRUE;"$50,00";721;7;35;Beginner Level;5 hours;2016-03-28;Graphic Design
1037868;Digital Pianist Course-Learn Piano & Keyboard Fast & Easy;TRUE;"$150,00";89;7;35;Beginner Level;3 hours;2016-12-26;Musical Instruments
876646;Direction-Independ Trading - Elite Forex Traders  Strategy;TRUE;"$120,00";973;15;28;All Levels;2.5 hours;2016-06-21;Business Finance
464844;Discover Classical Guitar Level 1;TRUE;"$25,00";1.513;38;19;Beginner Level;1.5 hours;2015-06-21;Musical Instruments
505126;Discover Classical Guitar Level 2   ;TRUE;"$75,00";927;35;123;Intermediate Level;11.5 hours;2015-09-01;Musical Instruments
28556;Discover How to Draw and paint Comics;TRUE;"$65,00";8.901;424;85;All Levels;62 hours;2012-11-21;Graphic Design
629082;Discover HTML Essential guide to HTML how to create webpages;TRUE;"$85,00";8.711;44;22;Beginner Level;1.5 hours;2015-10-17;Web Development
15611;Discover the 7 Secrets to Figure Drawing: Draw Awesome ...;TRUE;"$40,00";2.634;92;25;All Levels;10 hours;2012-04-04;Graphic Design
519694;"Discover the fun of Spoon playing, a beginners course";TRUE;"$65,00";353;13;25;All Levels;1 hour;2015-06-25;Musical Instruments
436568;Diseño de logo para principiantes;TRUE;"$25,00";3;3;12;All Levels;40 mins;2015-03-23;Graphic Design
789670;Diseño Gráfico fácil y rápido.;TRUE;"$20,00";97;9;124;All Levels;13.5 hours;2016-07-05;Graphic Design
1161864;Diseño impreso - Preimpresión para offset en Illustrator;TRUE;"$100,00";33;9;29;All Levels;1.5 hours;2017-05-31;Graphic Design
499504;Disminuye deudas en tu hogar en menos de 30 días;TRUE;"$20,00";65;3;15;Beginner Level;1.5 hours;2015-05-19;Business Finance
1250934;Display and analyze GIS data on the web with Leaflet.js;TRUE;"$100,00";25;4;66;Intermediate Level;12.5 hours;2017-06-15;Web Development
1052118;Dissecting Ruby on Rails 5 - Become a Professional Developer;TRUE;"$195,00";2.804;418;212;All Levels;37.5 hours;2017-02-07;Web Development
1161118;Dive Into Docker: The Docker Course for Developers;FALSE;Free;6.437;313;22;Beginner Level;1.5 hours;2017-04-14;Web Development
1219326;Diventa un professionista del Graphic Design;TRUE;"$200,00";185;10;94;All Levels;17.5 hours;2017-05-24;Graphic Design
358326;Dividend Investing: Build Your Portfolio for a Better Future;TRUE;"$60,00";8.314;83;47;Beginner Level;4 hours;2015-01-24;Business Finance
433084;DIY Beautiful Social Graphics That Don't Require Photoshop;TRUE;"$20,00";238;9;22;All Levels;2.5 hours;2015-03-03;Graphic Design
1094930;DIY Design Professional Web Banners in Photoshop 4 Beginners;TRUE;"$200,00";6.944;30;24;Beginner Level;1 hour;2017-02-01;Graphic Design
410196;DIY: Reduce Unpaid Federal Tax thru  IRS Offer in Compromise;TRUE;"$20,00";44;3;8;All Levels;1 hour;2015-03-26;Business Finance
982860;Django + AngularJS for a Powerful Web Application;TRUE;"$95,00";4.463;59;36;Intermediate Level;5.5 hours;2016-10-13;Web Development
1071060;Django by Example;TRUE;"$125,00";170;21;78;Expert Level;9 hours;2017-01-13;Web Development
993754;Django Core | A Reference Guide to Core Django Concepts;TRUE;"$195,00";16.282;303;159;Intermediate Level;18.5 hours;2016-10-29;Web Development
924216;Django For Beginners;TRUE;"$175,00";534;16;51;Beginner Level;4 hours;2016-08-23;Web Development
581256;Django Tutorial: Build Your First App Fast & Free! ;TRUE;"$20,00";5.228;180;27;Beginner Level;2.5 hours;2015-09-08;Web Development
417088;Do Your Own Accounts;TRUE;"$35,00";42;2;13;All Levels;1.5 hours;2015-02-13;Business Finance
640164;Doble exposición con Photoshop;TRUE;"$20,00";36;0;5;All Levels;34 mins;2015-10-15;Graphic Design
909244;Docker for Developers - Newest Version 1.12 with Swarm Mode;TRUE;"$95,00";767;104;81;Beginner Level;5.5 hours;2016-07-22;Web Development
714724;Docker Technologies for DevOps and Developers;TRUE;"$30,00";19.210;3.137;44;All Levels;3 hours;2016-08-29;Web Development
690918;Domina el Diseño Gráfico para Web con Photoshop CC;TRUE;"$70,00";211;34;66;All Levels;6.5 hours;2015-12-30;Graphic Design
597084;Don't Let Your Customers Run Your Business;TRUE;"$50,00";7;3;28;Intermediate Level;2.5 hours;2015-10-26;Business Finance
868686;Double Entry Bookkeeping;TRUE;"$50,00";440;17;10;Beginner Level;1 hour;2016-06-15;Business Finance
364810;Double your Forex Account using the MAGIC MA trading robot;TRUE;"$65,00";1.160;117;24;Intermediate Level;2.5 hours;2014-12-10;Business Finance
1178150;"Double Your Salary With Free, Local, Job Training Courses";TRUE;"$20,00";8;1;8;All Levels;1 hour;2017-04-17;Business Finance
525446;Draw a Kitten;FALSE;Free;3.812;68;11;All Levels;1.5 hours;2015-06-12;Graphic Design
755680;Draw a realistic Fantail using pencil;FALSE;Free;6.754;109;20;All Levels;1 hour;2016-02-11;Graphic Design
1019552;Drawing and paint  hot girl with photoshop;TRUE;"$35,00";74;1;11;All Levels;1.5 hours;2016-11-24;Graphic Design
546124;Drawing Anime & Manga Style;TRUE;"$25,00";82;5;40;All Levels;8 hours;2015-07-10;Graphic Design
93484;Drawing Cartoony Characters;TRUE;"$20,00";1.564;103;9;Beginner Level;2 hours;2013-10-09;Graphic Design
551964;Drawing for All Levels: How to Design Cartoon Women;TRUE;"$20,00";5;2;20;All Levels;1.5 hours;2015-07-14;Graphic Design
909486;Drawing Fun Caricatures! :) -The Best Method!;TRUE;"$25,00";41;11;6;All Levels;35 mins;2016-07-20;Graphic Design
637402;Drawing in Perspective;TRUE;"$25,00";426;63;28;All Levels;3 hours;2016-05-27;Graphic Design
632136;Drawing in PowerPoint: Block diagram + Experiments + Cartoon;TRUE;"$155,00";2.911;29;37;Beginner Level;2 hours;2015-11-11;Graphic Design
231970;Drawing Perspective For Beginners;TRUE;"$150,00";736;50;44;All Levels;7.5 hours;2016-03-20;Graphic Design
16689;Drawing With Confidence;TRUE;"$25,00";105;7;10;All Levels;2 hours;2012-05-04;Graphic Design
210020;Drum Lessons For Beginners;TRUE;"$50,00";70;2;17;Beginner Level;1.5 hours;2014-05-17;Musical Instruments
818786;Drum Lessons For Beginners;TRUE;"$95,00";14;1;34;Beginner Level;2.5 hours;2016-04-13;Musical Instruments
56970;Drum Set for Beginners;TRUE;"$20,00";119;8;26;Beginner Level;3.5 hours;2013-10-02;Musical Instruments
809492;Drumming 101: The Essential Elements;TRUE;"$50,00";4;0;17;Beginner Level;1.5 hours;2017-05-02;Musical Instruments
1010274;Drumming Accelerator: How To Get The Best Start Possible;TRUE;"$200,00";1.594;4;34;Beginner Level;1.5 hours;2017-04-18;Musical Instruments
777650;Drumming for Beginners - Simple Way To Learn How To Drum;TRUE;"$20,00";1.814;28;22;Beginner Level;2 hours;2016-03-02;Musical Instruments
1217408;Drums for Beginners;FALSE;Free;1.618;4;15;Beginner Level;3 hours;2017-06-19;Musical Instruments
19422;Drupal 7 for Beginners;TRUE;"$35,00";926;102;37;All Levels;2.5 hours;2012-06-14;Web Development
1079078;Drupal 8 Site Building;FALSE;Free;1.942;23;48;All Levels;4.5 hours;2017-05-02;Web Development
368786;Drupal for Beginners;TRUE;"$30,00";1.478;18;83;Beginner Level;5 hours;2015-01-26;Web Development
1189288;Drupal Tutorial : Drupal 8 Beginner to Expert in 8 PROJECTS;TRUE;"$200,00";1.270;16;73;Beginner Level;7 hours;2017-05-01;Web Development
488220;Drupal Views: Introduction to Enhancing Your Drupal Website;TRUE;"$105,00";1.262;36;40;Beginner Level;2.5 hours;2015-05-07;Web Development
991290;Dynamic JavaScript Master Class AJAX JSON Simple APIs;TRUE;"$200,00";9.773;117;65;Intermediate Level;4.5 hours;2016-10-24;Web Development
492954;?????!?????????(???)TAKA???????????????????;TRUE;"$20,00";41;3;48;Beginner Level;2 hours;2015-07-06;Musical Instruments
1028656;???????????;FALSE;Free;505;43;10;Beginner Level;1.5 hours;2016-12-03;Business Finance
1164720;??????;TRUE;"$200,00";5;3;7;Beginner Level;1 hour;2017-03-31;Graphic Design
1164570;??????;TRUE;"$200,00";4;2;8;Beginner Level;1 hour;2017-03-31;Graphic Design
1009622;???!???!?????????????3DCG???Blender?;TRUE;"$80,00";8;1;43;Beginner Level;5.5 hours;2016-12-14;Graphic Design
1137310;????????????????!;TRUE;"$25,00";859;49;23;Beginner Level;2 hours;2017-03-31;Business Finance
881778;??????????????????;TRUE;"$20,00";114;13;52;Beginner Level;4 hours;2016-07-07;Business Finance
672112;?????? Adobe Illustrator CS5;TRUE;"$20,00";1;0;13;Beginner Level;3.5 hours;2015-11-24;Graphic Design
647520;?????? Adobe Illustrator CS6;TRUE;"$20,00";11;2;15;Beginner Level;3 hours;2015-10-22;Graphic Design
672086;?????? Adobe Photoshop CS5;TRUE;"$20,00";1;0;14;Beginner Level;3.5 hours;2015-11-24;Graphic Design
297702;Earn and Learn to create Logo designs in Illustrator quickly;TRUE;"$50,00";18;1;7;All Levels;1 hour;2014-09-10;Graphic Design
1027276;"Earn Big Profits With Web Development, Simple and Easy!";TRUE;"$90,00";3.073;27;13;Beginner Level;1.5 hours;2017-01-18;Web Development
392836;Easily Learn Web Development With Drop & Drag: OptimizePress;TRUE;"$20,00";1.442;9;25;Beginner Level;2 hours;2015-01-23;Web Development
1047408;Easy Coloring Book Design;TRUE;"$25,00";0;0;9;Beginner Level;35 mins;2016-12-22;Graphic Design
953432;Easy Finance For Startups;TRUE;"$50,00";9;4;6;Beginner Level;40 mins;2016-10-16;Business Finance
81064;Easy Forex and Futures Trading;TRUE;"$100,00";218;5;66;All Levels;14.5 hours;2013-12-31;Business Finance
1134842;Easy Guitar Songwriting And Harmony;TRUE;"$20,00";82;3;62;Beginner Level;3.5 hours;2017-03-14;Musical Instruments
1168910;Easy Illustration and 2D Animation;TRUE;"$65,00";56;16;7;All Levels;34 mins;2017-04-18;Graphic Design
619716;Easy Market Profits: 3 Step Stock Investing Strategy;TRUE;"$20,00";486;3;14;Beginner Level;3 hours;2015-09-23;Business Finance
196234;Easy Piano - learn and play along;TRUE;"$20,00";11;1;48;Beginner Level;1 hour;2014-05-14;Musical Instruments
146852;"Easy Piano Basics™ - Learn Piano, No Prior Experience Needed";TRUE;"$20,00";377;8;14;All Levels;1.5 hours;2014-01-30;Musical Instruments
476000;Easy Piano for Kids - Complete Beginner Piano Course;TRUE;"$115,00";139;8;104;Beginner Level;5.5 hours;2015-06-26;Musical Instruments
397946;Easy Steps To Become A Photoshop Expert;TRUE;"$20,00";1.081;11;47;All Levels;8 hours;2015-01-29;Graphic Design
692658;Easy to play Christmas Songs for Guitar;TRUE;"$100,00";1.229;8;11;All Levels;30 mins;2015-12-12;Musical Instruments
558432;Easy Typography Tips to Beautify and Strengthen Your Work;TRUE;"$45,00";3.192;11;18;Intermediate Level;1 hour;2015-08-06;Graphic Design
335902;eBook Cover Design;TRUE;"$20,00";30;3;14;Intermediate Level;1.5 hours;2014-11-04;Graphic Design
334838;Economics - CFA Level 1 - 2014;TRUE;"$20,00";135;20;24;Beginner Level;4 hours;2014-11-08;Business Finance
1010988;Economics for beginners - Various Concepts;TRUE;"$25,00";2;0;34;Beginner Level;2.5 hours;2017-01-02;Business Finance
799434;"Economics:   Competition, Elasticity, a little Game Theory";TRUE;"$50,00";1.008;14;42;All Levels;6 hours;2016-04-12;Business Finance
1077836;Ecover Mastery in 30 Minutes with NO photoshop skills needed;TRUE;"$20,00";1;0;10;Beginner Level;38 mins;2017-01-23;Graphic Design
463354;Editorial Illustration Tutorial: From Drawing to Photoshop;TRUE;"$45,00";774;39;35;All Levels;2.5 hours;2015-04-08;Graphic Design
682986;Effective Debt Collection Strategies;TRUE;"$40,00";5;2;16;Intermediate Level;1.5 hours;2015-11-30;Business Finance
294294;Effective iOS & Android App Icon Design;TRUE;"$20,00";1.933;25;13;Beginner Level;1 hour;2014-09-09;Graphic Design
810550;Effective Personal Website Building and Hosting;TRUE;"$20,00";4.259;0;11;All Levels;1 hour;2016-04-11;Web Development
512400;EFT for Stock Options Trading Success & Making Better Trades;TRUE;"$95,00";4.530;13;31;All Levels;1.5 hours;2015-08-06;Business Finance
469848;Einnahmen aus Udemy-Kursen als Dozent korrekt versteuern;TRUE;"$30,00";66;16;11;Beginner Level;1 hour;2015-04-09;Business Finance
455676;Electric Bass for Busy Beginners Course 1;TRUE;"$50,00";114;15;13;All Levels;1.5 hours;2015-04-27;Musical Instruments
277770;Electric Bass Right From The Start;TRUE;"$100,00";239;1;9;Beginner Level;40 mins;2016-03-14;Musical Instruments
1159988;Electric Guitar for Beginners - RockStarter Level 1;TRUE;"$40,00";491;5;29;Beginner Level;2.5 hours;2017-03-30;Musical Instruments
1200530;Electron for Desktop Apps: The Complete Developer's Guide;TRUE;"$50,00";2.606;241;77;Beginner Level;8 hours;2017-05-16;Web Development
199450;"Elite Trend Trader: Learn To Trade Stocks, Options & Forex";TRUE;"$125,00";6.451;237;28;All Levels;5 hours;2014-04-16;Business Finance
236080;Elliott Wave -Forex Trading With The Elliott Wave Theory;TRUE;"$90,00";4.022;35;14;Expert Level;1 hour;2016-12-15;Business Finance
1174446;Email Marketing: Send Unlimited Emails via Own Mail Server;TRUE;"$35,00";3.539;43;20;Beginner Level;1 hour;2017-04-19;Web Development
1062092;Emini ES Futures - Advanced Non Directional Options Trading;TRUE;"$200,00";1.057;15;14;All Levels;1.5 hours;2017-01-11;Business Finance
470288;EMMET Faster HTML & CSS workflow - Best Tool For Developers ;FALSE;Free;26.697;1.097;20;All Levels;1 hour;2015-04-09;Web Development
1169188;Energiespar-Formel // Mehr Geld durch Wasser sparen Zuhause;TRUE;"$50,00";21;2;54;All Levels;1.5 hours;2017-04-14;Business Finance
692918;Enhance your chroma key with an animated Slides background;TRUE;"$25,00";361;2;9;Intermediate Level;1 hour;2016-07-04;Graphic Design
631480;Enseñando música: mejora tus clases de instrumento ;TRUE;"$30,00";111;3;18;Beginner Level;1.5 hours;2015-10-07;Musical Instruments
616564;entiende la contabilidad y consigue un aumento de salario;TRUE;"$20,00";260;18;17;Beginner Level;1.5 hours;2015-09-23;Business Finance
179824;Equity Products;TRUE;"$50,00";426;17;16;All Levels;2.5 hours;2014-03-11;Business Finance
180360;Equity Swaps;TRUE;"$50,00";394;25;18;All Levels;3 hours;2014-03-13;Business Finance
1034560;"Erfolgreich als Signalgeber/in, per Social- und Copytrading";TRUE;"$60,00";1;1;33;All Levels;6 hours;2016-12-13;Business Finance
1211366;ES6 / EcmaScript 6 for beginners an introduction;FALSE;Free;3.227;19;21;Intermediate Level;2 hours;2017-06-22;Web Development
861624;ES6 Javascript: The Complete Developer's Guide;TRUE;"$80,00";13.010;2.709;68;Beginner Level;6.5 hours;2016-07-12;Web Development
1193536;Escalas Pentatónicas para guitarristas;TRUE;"$25,00";11;3;23;All Levels;36 mins;2017-06-02;Musical Instruments
443502;Essential Finance For Managers;TRUE;"$25,00";663;10;79;All Levels;5.5 hours;2015-04-16;Business Finance
470412;"Essential HTML, CSS & HTML5 Training";TRUE;"$50,00";1.553;35;43;Beginner Level;5.5 hours;2015-04-12;Web Development
531290;"Essential JavaScript, jQuery and AngularJS Training";TRUE;"$30,00";2.919;136;70;Intermediate Level;7 hours;2015-07-09;Web Development
38456;Essential Options: Strategies for Mastering the Stock Market;TRUE;"$50,00";211;9;27;Intermediate Level;5 hours;2013-03-06;Business Finance
852060;Essential Skills for Designers - Adobe Bridge;TRUE;"$20,00";14;5;13;All Levels;1 hour;2016-05-17;Graphic Design
49553;Essential Skills for Designers - Masking;TRUE;"$45,00";646;30;25;All Levels;2 hours;2013-05-11;Graphic Design
53549;Essential Skills for Designers - Mastering the Pen Tool;TRUE;"$45,00";387;24;24;All Levels;2 hours;2013-05-13;Graphic Design
53556;Essential Skills for Designers - Working with Type;TRUE;"$45,00";219;11;25;All Levels;2 hours;2013-05-13;Graphic Design
1116196;Essential Theory and Technique for Guitar;FALSE;Free;2.285;34;22;Beginner Level;2 hours;2017-02-25;Musical Instruments
422918;Essentials of Finance and Investment in 2 hours;TRUE;"$20,00";1.403;6;14;Beginner Level;2 hours;2015-06-01;Business Finance
607048;Essentials of JavaScript Practice Coding Exercises Tips;TRUE;"$80,00";28.125;115;21;Beginner Level;2 hours;2015-09-25;Web Development
837322;Essentials of money value: Get a financial Life !;TRUE;"$20,00";0;0;20;All Levels;37 mins;2016-05-16;Business Finance
837322;Essentials of money value: Get a financial Life !;TRUE;"$20,00";0;0;20;All Levels;37 mins;2016-05-16;Business Finance
1248172;Essentials of Spring 5.0 for Developers;TRUE;"$125,00";34;2;21;Expert Level;1.5 hours;2017-06-11;Web Development
501384;Essentials Of Swing Trading Stocks;TRUE;"$20,00";105;9;5;All Levels;1 hour;2015-06-03;Business Finance
737182;Estrategias de Inversión aplicadas al mundo del trading;TRUE;"$20,00";9;2;25;All Levels;3 hours;2016-05-26;Business Finance
997128;Estrategias de trading en bolsa;TRUE;"$25,00";15;2;14;All Levels;2 hours;2016-12-10;Business Finance
1180960;Estruturação Financeira;TRUE;"$45,00";18;3;18;All Levels;3.5 hours;2017-05-08;Business Finance
869652;Ethereum Course for Investors;TRUE;"$40,00";111;20;11;All Levels;1 hour;2016-06-09;Business Finance
967058;Ethereum Developer: Build A Decentralised Blockchain App;TRUE;"$195,00";3.169;527;38;All Levels;3.5 hours;2016-09-26;Web Development
505144;Eu Funding: Module 2 - Introduction to Horizon 2020;TRUE;"$20,00";11;1;6;Intermediate Level;1 hour;2015-05-20;Business Finance
856950;Euphonium Pro Series - Fall in love with the Euphonium;TRUE;"$50,00";44;2;40;All Levels;7.5 hours;2016-05-24;Musical Instruments
471352;"Euphonium Solos: Learn to Perform Three Fun, Unique Pieces!";TRUE;"$50,00";90;2;61;All Levels;2.5 hours;2015-04-16;Musical Instruments
365926;Events Promotion Design;TRUE;"$45,00";4;0;9;Intermediate Level;2 hours;2016-02-11;Graphic Design
1064904;Evolution and Features of ETFs;TRUE;"$100,00";0;0;10;All Levels;43 mins;2017-04-03;Business Finance
756520;Exam 1 Review - Managerial Accounting (U of H);TRUE;"$30,00";47;9;22;Beginner Level;2 hours;2016-02-11;Business Finance
872204;"Excel 4 Accounting & Bookkeeping - Master Date,Time & Text";TRUE;"$35,00";15;1;12;All Levels;1 hour;2016-06-27;Business Finance
760990;Excel 4 Accounting & Bookkeeping - Master Lookup Functions;TRUE;"$35,00";2.638;140;12;All Levels;1 hour;2016-02-13;Business Finance
985922;Excel Crash Course: Master Excel for Financial Analysis;TRUE;"$105,00";8.121;689;40;All Levels;3.5 hours;2016-10-18;Business Finance
445916;Excel Dashboard - Interactive Excel Dashboard and Charts;TRUE;"$30,00";843;54;34;All Levels;3 hours;2015-03-19;Business Finance
474238;Excel functions to analyze and visualize data;TRUE;"$20,00";2.283;54;16;Intermediate Level;2 hours;2015-04-20;Business Finance
1206414;Excel????????????????:???;TRUE;"$85,00";22;5;47;Beginner Level;5 hours;2017-05-18;Business Finance
494078;Expert Guide : Mastering Functions in JavaScript !;TRUE;"$195,00";3.015;30;19;All Levels;2.5 hours;2015-06-19;Web Development
464184;Expert Guide : Mastering Photoshop Smart Objects in depth !;TRUE;"$195,00";3.360;26;16;All Levels;2 hours;2015-04-07;Graphic Design
494058;Expert Guide : Mastering Shapes Creation with Illustrator;TRUE;"$200,00";2.911;17;35;All Levels;5 hours;2015-05-25;Graphic Design
519968;Expert Guide : Mastering Types feature in illustrator !;TRUE;"$190,00";1.552;11;27;All Levels;2.5 hours;2015-11-04;Graphic Design
474076;Expert Retina / HiDPI Graphics in Photoshop & Illustrator;TRUE;"$195,00";2.067;8;18;All Levels;1.5 hours;2015-04-26;Graphic Design
1140532;Explore JavaScript Beginners Guide to Coding JavaScript;TRUE;"$200,00";5.739;26;29;Beginner Level;2.5 hours;2017-03-12;Web Development
1042382;Explosão Pentatônica;TRUE;"$55,00";42;5;19;All Levels;1.5 hours;2016-12-22;Musical Instruments
701634;ExpressJS Fundamentals;FALSE;Free;21.245;914;9;Beginner Level;1 hour;2016-01-11;Web Development
857144;FACEBOOK COVERS IN POWERPOINT;TRUE;"$95,00";1.123;31;13;Beginner Level;38 mins;2016-05-23;Graphic Design
1133648;Fantasy map design;TRUE;"$30,00";7;2;18;All Levels;2.5 hours;2017-03-16;Graphic Design
275294;FastTrack to Stock Trading Strategies;TRUE;"$25,00";5.685;5;12;All Levels;3.5 hours;2014-08-05;Business Finance
609642;Ferramentas Visuais;FALSE;Free;817;42;18;Beginner Level;5 hours;2015-10-09;Graphic Design
17349;Figure Drawing From Life Using The Reilly Technique.;FALSE;Free;47.811;1.041;22;All Levels;2.5 hours;2012-05-09;Graphic Design
441016;Filing with Companies House UK;TRUE;"$30,00";30;5;9;All Levels;1 hour;2015-03-08;Business Finance
514398;Finalize Production Files | Photoshop Illustrator InDesign;TRUE;"$50,00";18;2;30;All Levels;1 hour;2015-06-17;Graphic Design
109622;Finance - Ratios Analysis & Interpretations;TRUE;"$30,00";10.338;52;41;Beginner Level;2.5 hours;2013-10-23;Business Finance
32908;Finance and Accounting for Startups;TRUE;"$50,00";1.175;92;75;All Levels;12.5 hours;2013-01-15;Business Finance
249934;Finance for Non Finance Executives;TRUE;"$180,00";944;44;187;Beginner Level;13 hours;2014-06-25;Business Finance
595258;Finance for Non-Finance: Learn Quick and Easy;TRUE;"$20,00";4.158;51;30;Beginner Level;2.5 hours;2016-02-25;Business Finance
570996;Finance Fundamentals for Non Finance Leaders;TRUE;"$20,00";37;7;15;All Levels;1 hour;2015-08-04;Business Finance
754028;Financial Accounting - A Brief Introduction;FALSE;Free;17.847;1.440;17;Beginner Level;1 hour;2016-02-24;Business Finance
1136912;Financial Accounting - The Ultimate Beginner Course;TRUE;"$100,00";9;2;101;Beginner Level;10 hours;2017-04-06;Business Finance
941520;Financial Accounting For Beginners;TRUE;"$60,00";164;3;22;All Levels;1.5 hours;2016-09-25;Business Finance
562668;Financial Accounting Made Easy for All;TRUE;"$20,00";87;22;86;All Levels;4 hours;2015-09-01;Business Finance
773502;Financial Accounting Part 2 - Passing The Class;TRUE;"$20,00";15;4;36;Beginner Level;4.5 hours;2017-05-01;Business Finance
777276;Financial Accounting Part I - Passing the Class;TRUE;"$20,00";45;10;47;Beginner Level;4.5 hours;2016-06-29;Business Finance
829206;Financial Accounting Plus Excel and SAP Crash Course.;TRUE;"$20,00";18;2;11;Beginner Level;1 hour;2016-05-23;Business Finance
757508;"Financial Accounting, its Cycle, Statements & Analysis";TRUE;"$20,00";853;4;35;Beginner Level;5 hours;2016-03-08;Business Finance
403468;Financial Accounting: The Complete Introductory Crash Course;TRUE;"$100,00";2.591;44;69;All Levels;10 hours;2015-01-26;Business Finance
743568;"Financial Analysis, from Scratch to Professional!";TRUE;"$65,00";256;29;39;Beginner Level;3.5 hours;2016-03-06;Business Finance
189160;Financial Analysis:  A Recipe for Success;FALSE;Free;19.614;635;14;All Levels;1.5 hours;2014-04-23;Business Finance
515326;Financial analysis: Compare performance of companies;TRUE;"$20,00";1.850;40;20;All Levels;1 hour;2015-06-01;Business Finance
460652;Financial and Business Simulation with Microsoft Excel;TRUE;"$20,00";44;5;8;Expert Level;31 mins;2015-03-29;Business Finance
375594;Financial Management - A Complete Study;TRUE;"$190,00";1.941;128;527;All Levels;71.5 hours;2014-12-22;Business Finance
256094;Financial Management - Ratio Analysis;TRUE;"$20,00";2.046;9;72;Beginner Level;5.5 hours;2014-07-05;Business Finance
471556;Financial Management Budgeting Techniques;TRUE;"$20,00";2.045;3;10;All Levels;2 hours;2015-04-12;Business Finance
430968;Financial Management Capital Market Instruments;TRUE;"$25,00";2.650;5;17;Beginner Level;1 hour;2015-02-24;Business Finance
742602;Financial Management Risk and Return For Securities;TRUE;"$30,00";3.607;21;19;All Levels;1.5 hours;2016-02-03;Business Finance
591724;Financial Market Environment & Investment Strategies;TRUE;"$105,00";1;0;25;All Levels;1.5 hours;2017-06-20;Business Finance
407984;Financial Model Basics: Build a model from start to finish;TRUE;"$30,00";5.057;142;13;Beginner Level;1 hour;2015-02-06;Business Finance
476880;Financial Model Fundamentals-Learn the Essential Skills;TRUE;"$75,00";47;5;27;All Levels;2.5 hours;2015-06-01;Business Finance
895936;Financial Modeling - Build Your Own 3 Statement Projection;TRUE;"$20,00";1.092;48;13;Beginner Level;1 hour;2016-07-05;Business Finance
93850;Financial Modeling - Facebook Case Study;TRUE;"$25,00";9;3;13;All Levels;1.5 hours;2013-10-02;Business Finance
885342;Financial Modeling 101;FALSE;Free;1.086;37;5;Beginner Level;37 mins;2016-12-19;Business Finance
871358;Financial Modeling and Valuation: Complete Beginner to Pro;TRUE;"$50,00";249;46;28;All Levels;5 hours;2016-06-20;Business Finance
1006314;Financial Modeling for Business Analysts and Consultants;TRUE;"$45,00";2.174;74;51;Intermediate Level;2.5 hours;2016-12-19;Business Finance
1023650;Financial Modeling for Professionals in 1 Day!;TRUE;"$200,00";226;12;29;Intermediate Level;4.5 hours;2016-12-05;Business Finance
1154754;Financial Modeling for Startups & Small Businesses;TRUE;"$195,00";4.991;137;79;Beginner Level;11.5 hours;2017-03-29;Business Finance
130298;Financial Modeling in Excel for Startups;TRUE;"$50,00";1.334;86;54;Beginner Level;6 hours;2014-01-05;Business Finance
358062;Financial Modeling: Build a Complete DCF Valuation Model;TRUE;"$95,00";2.240;185;44;All Levels;2.5 hours;2014-12-03;Business Finance
777932;Financial modeling: Build a DCF equity valuation model;TRUE;"$20,00";1.369;17;31;All Levels;1.5 hours;2016-03-06;Business Finance
493014;Financial modeling: Build a forward looking financial model;TRUE;"$20,00";2.317;44;22;All Levels;2 hours;2015-05-05;Business Finance
862786;Financial modeling: Build a multiples valuation model;TRUE;"$20,00";656;17;20;All Levels;1.5 hours;2016-05-30;Business Finance
304000;Financial Modelling for entrepreneurs;TRUE;"$20,00";232;7;17;All Levels;1 hour;2014-09-20;Business Finance
818572;Financial Modelling in Excel Step by Step;TRUE;"$20,00";13;2;17;Intermediate Level;1.5 hours;2016-05-05;Business Finance
739390;Financial Planning & Analysis: Building a Company's Budget;TRUE;"$150,00";1.988;137;27;All Levels;1.5 hours;2016-06-15;Business Finance
1119920;Financial Ratios Using Excel;TRUE;"$100,00";1.223;14;29;Beginner Level;1 hour;2017-03-07;Business Finance
313512;Financial Reporting - Fundamentals/Basics;TRUE;"$20,00";2;0;28;Beginner Level;2.5 hours;2014-11-08;Business Finance
1107904;Financial Reporting A Comprehensive Study;TRUE;"$50,00";45;1;72;All Levels;8 hours;2017-02-09;Business Finance
73860;Financial Risk Manager (FRM) Certification: Level I;TRUE;"$50,00";87;25;113;All Levels;24 hours;2013-10-26;Business Finance
65802;Financial Risk Manager (FRM) Certification: Level II;TRUE;"$50,00";86;7;87;All Levels;47 hours;2013-07-24;Business Finance
1258666;Financial Statement Auditing Cycles;TRUE;"$50,00";0;0;9;Intermediate Level;2 hours;2017-06-29;Business Finance
387348;Financial Statement Fundamentals for Small Biz & Investors;TRUE;"$30,00";751;1;61;Beginner Level;3 hours;2015-05-14;Business Finance
707224;Financial Statement Review 101:  How to Find Errors;TRUE;"$30,00";5;2;15;Beginner Level;2 hours;2017-02-03;Business Finance
698278;Financial Statements Analysis: Learn to Invest Like a Pro!;TRUE;"$50,00";1.237;54;35;Beginner Level;2.5 hours;2016-02-04;Business Finance
724062;Financial Statements Basics;TRUE;"$20,00";1.374;19;9;Beginner Level;2 hours;2016-01-14;Business Finance
58977;Financial Statements Made Easy;TRUE;"$95,00";8.095;249;12;Beginner Level;35 mins;2013-06-09;Business Finance
746366;Financial Statements: Learn Accounting. Unlock the Numbers.;TRUE;"$40,00";222;12;35;Beginner Level;3 hours;2016-02-17;Business Finance
233294;Financial Translation;TRUE;"$20,00";167;6;29;Beginner Level;1.5 hours;2014-06-11;Business Finance
815672;Finanzas Personales para Vivir Libre de Deudas;TRUE;"$75,00";76;13;77;Beginner Level;6 hours;2016-04-27;Business Finance
376712;Finanzas personales: Logrando la Libertad Financiera;TRUE;"$30,00";27;5;12;Beginner Level;2 hours;2015-01-09;Business Finance
364034;Finanzas y Análisis Financiero: Manejo Seguro de Negocios;TRUE;"$20,00";50;18;13;Beginner Level;1.5 hours;2014-12-16;Business Finance
945194;Finanzielle Unabhängigkeit-1: Erste Schritte zur Million;TRUE;"$20,00";465;51;28;Beginner Level;1 hour;2016-09-12;Business Finance
950748;Finanzielle Unabhängigkeit-2 Millionär werden mit Investment;TRUE;"$20,00";384;37;18;Intermediate Level;43 mins;2016-09-12;Business Finance
950750;Finanzielle Unabhängigkeit-3 Millionär werden mit Immobilien;TRUE;"$20,00";326;23;14;Expert Level;1 hour;2016-09-12;Business Finance
779678;Finding an Unlimited Amount of Investors;TRUE;"$80,00";1.187;6;6;All Levels;42 mins;2016-03-03;Business Finance
99946;Fingerpicking Blues Guitar Lessons - Bottleneck Guitar;TRUE;"$20,00";237;12;6;Intermediate Level;1.5 hours;2013-10-08;Musical Instruments
574428;Fingerpicking Classics - Great songs played fingerstyle!;TRUE;"$20,00";953;11;13;All Levels;2 hours;2015-08-07;Musical Instruments
482334;Fingerpicking for Guitar;TRUE;"$20,00";35;4;26;All Levels;3 hours;2016-09-14;Musical Instruments
644820;Fingerpicking Fundamentals;TRUE;"$20,00";75;7;22;Beginner Level;1.5 hours;2015-11-01;Musical Instruments
638100;Fingerstyle Guitar by Jacques Stotzem - Advanced Level;TRUE;"$30,00";77;4;14;All Levels;2 hours;2015-10-13;Musical Instruments
1034414;Fingerstyle Guitar Mastery: 3 Techniques You Need To Know;FALSE;Free;3.042;40;13;All Levels;34 mins;2016-12-13;Musical Instruments
636842;FingerstyleGuitar by Jacques Stotzem - Basic Level;TRUE;"$30,00";119;12;16;All Levels;1.5 hours;2015-10-12;Musical Instruments
720814;First Steps to Trading the Forexmarkets : Technical Analysis;TRUE;"$35,00";1.772;19;15;Beginner Level;3.5 hours;2016-01-08;Business Finance
1090788;First Web Application with Spring Boot;TRUE;"$40,00";2.865;95;32;Beginner Level;4 hours;2017-01-27;Web Development
660846;Five steps to becoming a winner in stock investing;TRUE;"$20,00";21;1;28;All Levels;3 hours;2015-11-06;Business Finance
1139400;Fix Google's New 'Not Secure' Warning with Let's Encrypt!;TRUE;"$95,00";1.437;24;20;Beginner Level;1 hour;2017-03-09;Web Development
178776;Fixed Income Securities;TRUE;"$50,00";739;54;24;All Levels;4.5 hours;2014-03-11;Business Finance
714188;"Fixed Income Valuation and Analysis, CFA L2";TRUE;"$20,00";50;6;12;All Levels;3 hours;2016-01-04;Business Finance
427066;Flamenco Guitar;TRUE;"$25,00";136;20;34;Beginner Level;4 hours;2015-12-07;Musical Instruments
1114060;Flask Tutorial Step by Step;FALSE;Free;4.645;171;19;Intermediate Level;2 hours;2017-02-28;Web Development
793000;Flat Design - Create Beautiful Flat Graphics In Photoshop;TRUE;"$20,00";545;13;23;All Levels;2 hours;2016-03-20;Graphic Design
834226;FLAT ICON DESIGN IN POWERPOINT;TRUE;"$95,00";1.534;24;23;Beginner Level;1.5 hours;2016-05-03;Graphic Design
1160196;Flexbox: The complete guide;TRUE;"$35,00";189;7;16;All Levels;1 hour;2017-06-09;Web Development
304422;Flow Management and Forecasting;TRUE;"$20,00";16;2;10;All Levels;1 hour;2014-09-22;Business Finance
785210;Flute Lessons For Beginners;TRUE;"$95,00";3;0;41;Beginner Level;2.5 hours;2016-03-09;Musical Instruments
759130;Flute Pro Series - You're about to love practicing the flute;TRUE;"$50,00";135;1;28;All Levels;6.5 hours;2016-04-01;Musical Instruments
618586;"Flute Solos: Learn how to Perform Three Fun, Unique Pieces";TRUE;"$50,00";156;4;62;All Levels;3 hours;2015-09-22;Musical Instruments
782256;FMT: Forex Market Trader Certificate;TRUE;"$20,00";1;0;27;All Levels;2 hours;2016-03-17;Business Finance
921560;For Free - Deploy Quickly Spring Boot on Heroku With MySQL;TRUE;"$95,00";177;19;10;All Levels;1 hour;2016-08-06;Web Development
883394;Forex - Calculate Lot Size Like Pro;TRUE;"$20,00";543;14;11;All Levels;36 mins;2016-06-21;Business Finance
235112;Forex - Catch the Big Market Moves in Forex;TRUE;"$20,00";212;25;14;Intermediate Level;1.5 hours;2014-06-02;Business Finance
529718;Forex - Elliott Wave Theory with Fibonacci. ;TRUE;"$20,00";2.769;54;32;All Levels;1.5 hours;2015-06-19;Business Finance
876898;Forex - Help I cant Trade;TRUE;"$200,00";12;0;20;All Levels;2 hours;2016-10-18;Business Finance
895030;Forex - Price action Reversal Strategy;TRUE;"$20,00";38;6;16;All Levels;1 hour;2016-07-04;Business Finance
882276;Forex - Top Equity Management Strategy;TRUE;"$20,00";18;4;13;All Levels;35 mins;2016-06-20;Business Finance
917172;Forex - Trade Gartley with Precision - Complete Strategy;TRUE;"$20,00";50;1;23;All Levels;1.5 hours;2016-07-29;Business Finance
1046992;Forex & Financial Market Trading Tutorial- Online Strategies;FALSE;Free;3.137;30;69;All Levels;9 hours;2017-04-12;Business Finance
706670;FOREX : Learn Technical Analysis;TRUE;"$200,00";1.199;37;79;All Levels;18 hours;2016-01-01;Business Finance
725658;FOREX : LearnTo Trade the Improved ( Advanced ) Patterns;TRUE;"$75,00";55;2;27;All Levels;5.5 hours;2016-01-13;Business Finance
97338;Forex Basics;FALSE;Free;22.344;712;26;Beginner Level;3.5 hours;2013-10-16;Business Finance
373716;Forex Basics (Professional Course Level);TRUE;"$20,00";6.050;34;25;All Levels;1.5 hours;2014-12-19;Business Finance
914164;Forex Basics: Learn how to read and analyze Forex charts;TRUE;"$195,00";11;0;45;Beginner Level;4.5 hours;2016-09-22;Business Finance
240256;Forex Breakout Profits: The Definitive Guide;TRUE;"$25,00";521;60;27;All Levels;2.5 hours;2014-11-30;Business Finance
231256;FOREX Currency Trading For Beginners;TRUE;"$25,00";35;2;28;Beginner Level;4 hours;2014-06-17;Business Finance
103144;Forex Elite Trading;TRUE;"$85,00";623;7;22;All Levels;6 hours;2013-10-18;Business Finance
509512;Forex For Beginners - A Guide To Currency Trading;TRUE;"$20,00";68;10;23;Beginner Level;30 mins;2015-05-25;Business Finance
1218552;Forex for Beginners: Easy Forex Trading for Beginners;FALSE;Free;1.780;32;9;Beginner Level;1 hour;2017-05-18;Business Finance
236070;Forex Harmonic Trading- With Multiple Forex Chart Examples;TRUE;"$135,00";313;16;25;All Levels;2.5 hours;2016-11-28;Business Finance
1187084;Forex how traders beat the markest with little experience;TRUE;"$100,00";0;0;16;All Levels;1 hour;2017-07-06;Business Finance
403602;Forex Killing Divergence - How to trade with precision;TRUE;"$20,00";1.168;38;11;All Levels;41 mins;2015-01-25;Business Finance
658764;Forex Management - Detailed Study for CA / CS / CFA Exams;TRUE;"$50,00";131;2;38;All Levels;3 hours;2015-11-03;Business Finance
308696;Forex MetaTrader 4: Master MT4 Like A Pro Forex Trader;TRUE;"$150,00";2.602;402;57;Beginner Level;5 hours;2015-10-28;Business Finance
999262;Forex online live trading system (Special Offer);TRUE;"$200,00";31;8;34;All Levels;5.5 hours;2016-11-07;Business Finance
598846;Forex para Principiantes-Ejemplos en VIVO de Trading Real;TRUE;"$140,00";813;94;52;Beginner Level;5 hours;2015-10-05;Business Finance
478598;Forex Prep Academy for Beginners-Real trades!;TRUE;"$75,00";1.303;21;44;Beginner Level;3 hours;2015-06-19;Business Finance
614510;Forex Rate -Why it fluctuates -for CA / CMA / CS / CFA Exams;TRUE;"$20,00";2.239;4;7;All Levels;1 hour;2015-09-20;Business Finance
260470;Forex Robots: Expect To Earn 175% P.A. Forex Robot Included!;TRUE;"$200,00";10.603;872;42;All Levels;5.5 hours;2014-10-12;Business Finance
737514;Forex Scam: Avoid the scam today;TRUE;"$20,00";1.086;27;28;All Levels;2 hours;2016-02-05;Business Finance
671578;Forex SOS Course: Trading Tweaks And Working Forex Strategy;TRUE;"$50,00";1.315;48;59;Beginner Level;2.5 hours;2015-11-18;Business Finance
308694;"Forex Strategies: Kelly Criterion, Larry Williams and more!";TRUE;"$185,00";5.528;506;32;All Levels;3 hours;2015-02-19;Business Finance
798740;Forex Traders - Create Your First Trading Robot. No Coding!;TRUE;"$200,00";2.295;84;39;All Levels;4 hours;2016-05-02;Business Finance
324656;Forex Trading;TRUE;"$95,00";136;14;25;All Levels;4.5 hours;2014-11-18;Business Finance
709500;Forex Trading -  Learn to Trade Forex Like the Banks;TRUE;"$20,00";3.223;240;23;All Levels;1 hour;2016-03-30;Business Finance
881378;Forex Trading -  Learn to Trade From Scratch!;TRUE;"$20,00";1.423;103;37;Beginner Level;1.5 hours;2016-06-19;Business Finance
891484;Forex Trading - Advanced Fundamental Analysis;TRUE;"$20,00";1.754;100;49;Intermediate Level;2.5 hours;2016-06-30;Business Finance
964828;Forex Trading - Learn An Effective Forex Trading Strategy;TRUE;"$95,00";223;34;16;All Levels;1.5 hours;2016-12-14;Business Finance
1100054;FOREX TRADING - Learn in a quick + profitable way + support;TRUE;"$100,00";271;48;47;All Levels;3.5 hours;2017-02-20;Business Finance
1050168;Forex Trading : Power Of Moving Averages;TRUE;"$200,00";100;24;33;All Levels;4 hours;2017-01-02;Business Finance
1041522;Forex Trading :RSI Indicator-A Secret Weapon;TRUE;"$95,00";57;13;14;All Levels;1.5 hours;2016-12-21;Business Finance
308690;Forex Trading A-Z™ - With LIVE Examples of Forex Trading;TRUE;"$195,00";16.900;2.476;52;Beginner Level;5.5 hours;2014-12-12;Business Finance
838260;Forex trading Basic to advance Professional Level course;TRUE;"$20,00";750;13;28;All Levels;2.5 hours;2016-05-05;Business Finance
794151;Forex Trading Course: Work Smarter Not Harder Proven Results;TRUE;"$195,00";4.061;52;16;All Levels;2 hours;2016-03-16;Business Finance
706942;Forex Trading For Beginners ;FALSE;Free;9.483;183;22;Beginner Level;2 hours;2016-01-14;Business Finance
1188178;Forex Trading for Beginners - Basics;TRUE;"$50,00";989;9;11;All Levels;1 hour;2017-04-24;Business Finance
1240408;Forex Trading for Beginners Vol 1:A Forex Course Made Simple;TRUE;"$175,00";3;0;27;Beginner Level;1 hour;2017-07-04;Business Finance
830870;Forex Trading For Beginners: Technical Trading;FALSE;Free;1.685;29;16;Beginner Level;2 hours;2016-04-28;Business Finance
1018380;Forex Trading Like Banks – Step by Step with Live Examples;TRUE;"$195,00";677;45;40;All Levels;4.5 hours;2016-12-18;Business Finance
575476;Forex trading made simple;TRUE;"$100,00";45;4;31;All Levels;1.5 hours;2015-09-25;Business Finance
722174;Forex Trading MAKE YOUR FIRST TRADE TODAY!;TRUE;"$150,00";3.523;46;45;All Levels;4 hours;2016-01-10;Business Finance
972126;Forex Trading Masterclass - Learn To Trade Better;TRUE;"$200,00";152;7;30;All Levels;3 hours;2016-10-09;Business Finance
721746;Forex Trading Plan;TRUE;"$50,00";21;3;24;All Levels;42 mins;2016-02-13;Business Finance
843536;Forex Trading Profit 183%p.a : Trend is Our Friend-ALGOTREND;TRUE;"$120,00";54;11;12;All Levels;36 mins;2016-12-05;Business Finance
327962;Forex Trading Profitably;TRUE;"$20,00";512;13;15;All Levels;40 mins;2014-11-04;Business Finance
585752;"Forex Trading Secrets |MT4 Robot (EA) inside, no coding";TRUE;"$150,00";2.096;48;29;All Levels;41 mins;2015-08-24;Business Finance
592338;Forex Trading Secrets of the Pros With Amazon's AWS;TRUE;"$200,00";4.284;93;76;All Levels;5 hours;2015-09-11;Business Finance
1029062;Forex Trading System: Correlation EUR/GBP vs GBP/USD;TRUE;"$50,00";33;4;26;Intermediate Level;1 hour;2016-12-14;Business Finance
877106;"Forex trading tactics, that work!";TRUE;"$20,00";10;1;5;Beginner Level;36 mins;2016-06-16;Business Finance
543212;Forex Trading using professional indicators by TOP traders;TRUE;"$200,00";1.699;40;28;All Levels;3.5 hours;2015-07-07;Business Finance
538540;Forex Trading vs Option Trading;TRUE;"$95,00";1.776;14;29;All Levels;2.5 hours;2015-07-08;Business Finance
850726;Forex trading with binary options;TRUE;"$25,00";136;28;21;All Levels;3 hours;2016-05-16;Business Finance
1243448;Forex Trading with Fixed 'Risk through Options Trading";TRUE;"$200,00";611;4;26;Beginner Level;1 hour;2017-06-07;Business Finance
1102462;FOREX Trading with Price Action;TRUE;"$195,00";484;57;19;Beginner Level;1 hour;2017-03-14;Business Finance
910650;Forex Trading: Comprehensive & Concise Forex Trading Course;TRUE;"$160,00";2.379;33;44;All Levels;3.5 hours;2016-08-06;Business Finance
1001010;Forex Trading: Strategia Correlazione EUR/GBP vs GBP/USD;TRUE;"$50,00";137;39;27;Intermediate Level;1.5 hours;2016-11-10;Business Finance
244000;Forex Trading: The High ROI Forex Trading End of Day Course;TRUE;"$125,00";8;1;19;Intermediate Level;2.5 hours;2014-06-16;Business Finance
1266306;Forex Trading: Your Complete Guide to Get Started Like a Pro;TRUE;"$140,00";1.026;25;37;Beginner Level;3 hours;2017-06-27;Business Finance
805630;Forex/Opciones Binarias para Principiantes;TRUE;"$25,00";9;5;9;Beginner Level;2 hours;2016-04-01;Business Finance
773060;Forex: Economic News Trading;TRUE;"$25,00";42;14;11;All Levels;41 mins;2016-02-29;Business Finance
696342;FOREX: From Zero To Hero;TRUE;"$150,00";152;27;26;All Levels;3 hours;2017-02-07;Business Finance
398798;Forex: Learn to Trade Forex and FX Consistently;TRUE;"$50,00";956;4;21;All Levels;5.5 hours;2015-01-20;Business Finance
702800;Forex: Presentation and  Analysis (Fundamental & Technical);TRUE;"$50,00";14;3;22;Beginner Level;1.5 hours;2016-01-16;Business Finance
965306;Forex: What's a Trend and When it is Strong and Reliable;FALSE;Free;2.955;43;30;Intermediate Level;2 hours;2016-10-05;Business Finance
944534;Forex:Trade Management & Psychology;TRUE;"$150,00";13;0;19;Intermediate Level;2 hours;2016-09-21;Business Finance
1174084;Formação de preços em serviços;TRUE;"$35,00";77;5;28;Intermediate Level;2 hours;2017-04-26;Business Finance
1029554;Formação em Design Gráfico com Corel Draw Versões X8 / 2017.;TRUE;"$45,00";418;85;71;Beginner Level;11 hours;2017-03-03;Graphic Design
1164832;Formation Photoshop;TRUE;"$200,00";6;0;11;Beginner Level;1 hour;2017-05-15;Graphic Design
105972;Foundation of Options Trading and Investing;TRUE;"$20,00";6.374;21;14;All Levels;1 hour;2013-10-16;Business Finance
1087244;Foundation Skills on Adobe Illustrator: Learn Fast!;TRUE;"$50,00";2.489;39;16;Beginner Level;2 hours;2017-03-01;Graphic Design
311538;Foundations of Front-End Web Development;FALSE;Free;8.337;300;129;Beginner Level;20.5 hours;2014-12-12;Web Development
885413;Foundations of Investing;TRUE;"$40,00";0;0;18;Beginner Level;2 hours;2016-07-27;Business Finance
885974;Four Fundamentals of Financial Planning;TRUE;"$30,00";6.219;23;20;All Levels;1 hour;2017-02-14;Business Finance
19421;Free Beginner Electric Guitar Lessons;FALSE;Free;101.154;1.042;95;Beginner Level;4.5 hours;2012-06-15;Musical Instruments
936884;Free Options 101 - Basic of Call and Put Options in 1 Hours;FALSE;Free;2.481;71;26;All Levels;1.5 hours;2016-08-22;Business Finance
1136038;Free Ways to Create Passive Income Online;TRUE;"$25,00";0;0;27;Beginner Level;1 hour;2017-04-17;Business Finance
854746;Freelancing A-Z: How To Start A Successful Freelance Career;TRUE;"$195,00";2.267;28;81;All Levels;5 hours;2016-05-24;Graphic Design
619856;French Horn Solos: Learn how to Perform Three Fun Pieces!;TRUE;"$50,00";88;1;48;All Levels;3 hours;2015-09-24;Musical Instruments
1196816;From 0 to 1: Bond Theory and Valuation;TRUE;"$50,00";223;2;29;Beginner Level;4 hours;2017-05-02;Business Finance
1196728;From 0 to 1: Investments and Portfolio Theory;TRUE;"$50,00";230;0;22;Beginner Level;4.5 hours;2017-05-01;Business Finance
429866;From Drawing to Illustration;TRUE;"$20,00";237;25;32;Beginner Level;6 hours;2015-04-17;Graphic Design
823996;"Full Stack JavaScript: Learn Backbone.js, Node.js & MongoDB";TRUE;"$50,00";6.134;93;15;Beginner Level;2 hours;2016-04-17;Web Development
1115348;"Full stack Universal React with Redux, Node js and MongoDB";TRUE;"$195,00";1.121;174;62;Intermediate Level;5 hours;2017-05-08;Web Development
121490;FullPage: The Complete Guide to Flat Websites;TRUE;"$20,00";817;14;13;All Levels;38 mins;2013-11-18;Graphic Design
1014776;Full-Stack Web Apps with Meteor and React;TRUE;"$85,00";3.295;531;162;All Levels;31.5 hours;2016-11-23;Web Development
394832;Fun and creative web engineering with Python and Web2py;FALSE;Free;10.917;319;25;All Levels;2 hours;2015-06-09;Web Development
1041176;Fun Beginner Ukulele Course;TRUE;"$55,00";1.409;41;17;Beginner Level;1.5 hours;2016-12-21;Musical Instruments
1098994;Fun Ukulele Strumming Course;TRUE;"$45,00";3.141;10;15;Beginner Level;1 hour;2017-02-02;Musical Instruments
355374;Fund Flow Analysis for CA / CFA / CPA Exams;TRUE;"$25,00";1.184;2;7;Intermediate Level;1.5 hours;2014-11-28;Business Finance
172898;Fundamental Financial Math;TRUE;"$50,00";406;13;15;All Levels;2.5 hours;2014-03-04;Business Finance
945750;Fundamentals of Accounting;TRUE;"$20,00";1.560;43;25;All Levels;3 hours;2016-08-31;Business Finance
831940;Fundamentals of Accounting for Business Owners;TRUE;"$20,00";217;0;47;Beginner Level;2.5 hours;2017-02-06;Business Finance
826568;Fundamentals of Angular 2 Full Stack Design;TRUE;"$95,00";314;43;49;Beginner Level;6.5 hours;2016-04-21;Web Development
1163768;Fundamentals of Character Design: From Concept to Vector;TRUE;"$50,00";1.452;10;11;Beginner Level;1 hour;2017-04-01;Graphic Design
265960;Fundamentals of Forex Trading;FALSE;Free;17.160;620;23;All Levels;1 hour;2014-08-29;Business Finance
575676;Fundamentals of Investing!;TRUE;"$20,00";3.125;54;13;Beginner Level;2 hours;2015-08-09;Business Finance
374404;Fundamentos de la Tipografía - Para un diseño eficaz;TRUE;"$20,00";172;24;15;Beginner Level;1 hour;2014-12-30;Graphic Design
429482;Fundraise the Simplified Way: A Crowdfunding Blueprint;TRUE;"$35,00";7;1;19;All Levels;1 hour;2015-02-23;Business Finance
530430;Fundraising 101;TRUE;"$95,00";26;4;5;Beginner Level;1 hour;2015-06-17;Business Finance
754524;Fundraising Success: The Art & Science of Major Gifts;TRUE;"$50,00";38;9;25;Intermediate Level;2.5 hours;2016-05-27;Business Finance
760698;Funk Rhythm Guitar Techniques;TRUE;"$35,00";82;6;7;All Levels;1.5 hours;2016-02-17;Musical Instruments
436488;Futures/Commodity Trading;TRUE;"$50,00";472;34;23;All Levels;5.5 hours;2015-03-05;Business Finance
363404;Futures/Commodity Training (Basics);FALSE;Free;4.863;202;6;Beginner Level;1.5 hours;2015-02-07;Business Finance
541824;FX Commodity Chart Trading Patterns for Success;TRUE;"$50,00";83;10;15;All Levels;2.5 hours;2015-07-19;Business Finance
118836;FX Trading for Beginners;TRUE;"$20,00";16;0;22;All Levels;1.5 hours;2013-12-01;Business Finance
116924;Gana en la Bolsa con Análisis Técnico;TRUE;"$25,00";91;11;35;Beginner Level;8.5 hours;2014-01-29;Business Finance
801702;"Geld verdienen mit dem Ticken der Uhr, wie Warren Buffett!";TRUE;"$195,00";225;41;33;All Levels;5 hours;2016-03-30;Business Finance
861764;'Geometry Of Chance strategy of defeating the roulette.";TRUE;"$30,00";2;1;10;Intermediate Level;1.5 hours;2016-06-28;Business Finance
720994;Gestão Financeira Para Pequenas e Médias Empresas;TRUE;"$115,00";1.284;230;45;All Levels;4.5 hours;2016-01-29;Business Finance
1197810;Gestalt Principles & Pattern Design : Create Festive Pattern;TRUE;"$50,00";327;0;14;All Levels;1 hour;2017-05-02;Graphic Design
1175694;Get a Credit Repair Publication On Amazon and Live LIFE..;TRUE;"$20,00";727;11;25;Beginner Level;3 hours;2017-04-26;Business Finance
814068;Get Acquired: Learn From The Head Of Acquisitions For eBay;TRUE;"$195,00";1.420;70;29;All Levels;2.5 hours;2016-04-28;Business Finance
993160;Get Credit for Your EIN That's Not Linked to Your SSN;TRUE;"$20,00";27;4;15;Beginner Level;1.5 hours;2016-12-14;Business Finance
138228;Get great playing HARMONICA - a fun new leisure time hobby !;TRUE;"$35,00";2.543;44;17;All Levels;2 hours;2014-02-12;Musical Instruments
390198;Get out of Debt - The Power of Using Compounding Interest;TRUE;"$50,00";1.195;3;7;All Levels;2 hours;2015-01-12;Business Finance
326310;Get Piano Skills TODAY!!! ;TRUE;"$100,00";92;5;71;All Levels;3.5 hours;2014-11-05;Musical Instruments
534376;Get Results - Core Principles of Web Development Tricks Tips;TRUE;"$75,00";22.355;54;26;All Levels;1.5 hours;2015-06-23;Web Development
574876;Get started Creating Websites Everything you need provided;TRUE;"$100,00";14.260;44;43;Beginner Level;3 hours;2015-09-25;Web Development
409818;Get started playing blues harmonica;FALSE;Free;6.853;398;23;Beginner Level;37 mins;2015-03-30;Musical Instruments
233900;Get Started With Penny Stocks -Step by Step Guide to Trading;TRUE;"$200,00";7.159;61;18;All Levels;2 hours;2014-06-02;Business Finance
73030;Get to grips with the CFA calculator;TRUE;"$20,00";153;8;14;All Levels;1.5 hours;2013-08-05;Business Finance
1017116;Get to know HTML Learn HTML Basics;TRUE;"$200,00";10.674;102;26;Beginner Level;2 hours;2016-11-22;Web Development
45139;Get to know the VIX Index (aka 'The Fear Index)";TRUE;"$60,00";727;64;9;All Levels;1 hour;2013-03-08;Business Finance
212376;Getting Started as a Web Developer;FALSE;Free;9.833;241;15;Beginner Level;1 hour;2014-08-16;Web Development
594854;Getting Started on the Acoustic Guitar;TRUE;"$20,00";3;0;28;Beginner Level;1 hour;2015-10-20;Musical Instruments
1191946;Getting Started with Angular 2+;FALSE;Free;6.909;401;14;Beginner Level;2 hours;2017-04-27;Web Development
1004788;Getting Started with Craft CMS;TRUE;"$20,00";997;31;20;All Levels;2 hours;2016-11-07;Web Development
1195812;Getting Started With Digital Painting Using Krita;TRUE;"$20,00";1.011;15;11;Beginner Level;36 mins;2017-05-02;Graphic Design
783158;Getting Started with HTML;TRUE;"$40,00";7.375;52;17;Beginner Level;1.5 hours;2016-03-07;Web Development
490392;Getting Started with Illustrator CC;TRUE;"$100,00";92;10;57;Beginner Level;5.5 hours;2015-05-01;Graphic Design
1267892;Getting started with JavaScript;TRUE;"$200,00";1.415;17;23;Beginner Level;1.5 hours;2017-06-27;Web Development
413494;Getting Started with LESS - Beginner Crash Course;TRUE;"$25,00";1.780;69;21;Beginner Level;1.5 hours;2015-02-12;Web Development
352748;Getting Started with Magento;TRUE;"$85,00";608;88;48;All Levels;3.5 hours;2014-11-21;Web Development
842728;Getting Started with NodeJS for Beginners;TRUE;"$195,00";1.645;75;12;All Levels;1 hour;2016-05-23;Web Development
532140;Getting Started With Photoshop CC;TRUE;"$75,00";1.090;14;45;Beginner Level;4.5 hours;2015-06-19;Graphic Design
41884;Getting Started with Playing Guitar;FALSE;Free;47.652;1.141;26;Beginner Level;4 hours;2013-05-29;Musical Instruments
594852;Getting Started with Power Chords;TRUE;"$20,00";6;0;27;Beginner Level;1 hour;2015-12-17;Musical Instruments
1266892;Getting Started with the Guitar in 5 Days;FALSE;Free;270;1;24;Beginner Level;1.5 hours;2017-07-03;Musical Instruments
797832;Getting Started with WordPress 2016;TRUE;"$20,00";1.613;21;20;Beginner Level;1 hour;2016-04-14;Web Development
1153326;Getting the Life of an Instructional Designer;TRUE;"$40,00";5;0;16;All Levels;1.5 hours;2017-05-01;Graphic Design
315812;Gibson's Learn & Master Guitar;TRUE;"$50,00";103;33;309;All Levels;38 hours;2014-10-30;Musical Instruments
550360;GIMP for Beginners. Make Your Own Professional Book Covers;TRUE;"$20,00";1.002;29;44;Beginner Level;6.5 hours;2015-07-10;Graphic Design
388104;Gimp In-Depth Essential Training Course: Free Photoshop Alt.;TRUE;"$20,00";1.452;21;27;All Levels;2 hours;2015-01-08;Graphic Design
818990;Git a Web Developer Job: Mastering the Modern Workflow;TRUE;"$200,00";5.809;1.445;61;Beginner Level;15 hours;2016-08-28;Web Development
430994;Gitarre spielen - mein schönstes Hobby;TRUE;"$20,00";11;2;183;Beginner Level;2 hours;2015-06-09;Musical Instruments
778682;Gitarre spielen wie die Profis;TRUE;"$20,00";1.981;28;38;Beginner Level;2 hours;2016-03-21;Musical Instruments
828596;Global Macro Investing - Take Control Of The World's Markets;TRUE;"$30,00";153;41;27;Intermediate Level;2 hours;2016-05-16;Business Finance
1121696;Google Blogger : How to Create a Blog;TRUE;"$20,00";1.763;17;30;Beginner Level;2 hours;2017-02-24;Web Development
1203040;Google Blogger Course;TRUE;"$60,00";1.343;11;22;Intermediate Level;3.5 hours;2017-05-05;Web Development
64585;Gospel Piano Essentials;TRUE;"$30,00";668;39;46;Intermediate Level;11.5 hours;2013-07-11;Musical Instruments
660876;Graphic Design - An Overview of the Field;FALSE;Free;23.229;2.215;12;Beginner Level;1 hour;2015-11-09;Graphic Design
286508;Graphic design - The Quick Guide;TRUE;"$30,00";1.350;29;11;Beginner Level;38 mins;2014-08-29;Graphic Design
749542;Graphic Design Bootcamp;TRUE;"$200,00";15.276;1.740;65;Beginner Level;8 hours;2016-05-13;Graphic Design
456988;Graphic Design Bootcamp: Professional Workflow & Layout Tips;TRUE;"$20,00";99;10;9;All Levels;1.5 hours;2015-03-26;Graphic Design
77532;Graphic Design for Entrepreneurs...Who Can't Draw;TRUE;"$20,00";3.903;51;13;Beginner Level;1.5 hours;2013-08-17;Graphic Design
396204;Graphic Design Masterclass: Learn Graphic Design in Projects;TRUE;"$95,00";6.858;382;41;Beginner Level;3.5 hours;2015-11-09;Graphic Design
19164;Graphic Design Secrets Revealed;TRUE;"$95,00";2.555;28;55;All Levels;6 hours;2012-09-04;Graphic Design
449788;Graphic Design: Beginner's Graphic Design Guide to Photoshop;TRUE;"$25,00";4.550;74;15;All Levels;1 hour;2015-05-20;Graphic Design
371490;Graphic Design: Create Animated GIF Ad Banners in Photoshop;TRUE;"$20,00";6.612;44;20;All Levels;1 hour;2014-12-19;Graphic Design
663702;Graphic Design: Double Your Sales With Canva;TRUE;"$20,00";1.797;40;39;All Levels;2.5 hours;2015-11-17;Graphic Design
860656;GraphicDesign Studio;TRUE;"$95,00";110;9;22;Beginner Level;2.5 hours;2016-05-27;Graphic Design
927336;Graphicriver Autor – Verkaufe deine Designs online;TRUE;"$30,00";65;8;20;All Levels;1.5 hours;2016-09-27;Graphic Design
1109926;GraphQL with React: The Complete Developers Guide;TRUE;"$150,00";6.412;987;114;Intermediate Level;13 hours;2017-02-14;Web Development
1040596;'Greensleeves' Creative Piano Lessons Course;TRUE;"$20,00";10;1;8;All Levels;2 hours;2017-01-03;Musical Instruments
826168;Grundlagen der finanziellen Unabhängigkeit;FALSE;Free;1.059;96;9;All Levels;1.5 hours;2016-04-21;Business Finance
417914;GRUNT js: Automate web development tasks and save your time;TRUE;"$55,00";1.534;33;18;All Levels;1.5 hours;2015-03-02;Web Development
255592;Guía práctica para comprar acciones en la Bolsa de USA;FALSE;Free;4.876;210;36;Intermediate Level;4.5 hours;2014-09-11;Business Finance
515256;Guitar - 12  Strumming Patterns You Must Know For Guitar;TRUE;"$50,00";2.154;40;16;Beginner Level;1 hour;2015-07-06;Musical Instruments
476988;Guitar - Blues Guitar for Beginners;TRUE;"$45,00";2.795;26;25;Beginner Level;1 hour;2015-05-22;Musical Instruments
476324;Guitar - Learn 10 Legendary Chord Progressions for Guitar;TRUE;"$55,00";3.013;15;28;Beginner Level;1.5 hours;2015-06-14;Musical Instruments
23683;Guitar - Rock - Beginner with Marc Seal;TRUE;"$20,00";40;1;27;All Levels;1 hour;2012-08-31;Musical Instruments
23861;Guitar - Rock - Beginner/Intermediate with Marc Seal;TRUE;"$20,00";36;4;40;Beginner Level;1.5 hours;2012-10-07;Musical Instruments
1065198;GUITAR #1: Beginner Basics and Beyond;TRUE;"$20,00";111;12;64;Beginner Level;3 hours;2017-03-01;Musical Instruments
721202;Guitar 201: Breakthroughs;TRUE;"$20,00";14;1;49;Beginner Level;2.5 hours;2016-01-22;Musical Instruments
206088;Guitar Chord Mastery!Turn Your Brain Into A Chord Encyclopia;TRUE;"$200,00";4.133;173;224;Intermediate Level;28.5 hours;2014-05-19;Musical Instruments
783292;Guitar Chord Riot! Learn to Play Guitar Like a Guitar Jedi;TRUE;"$75,00";1.052;6;43;Intermediate Level;30 mins;2016-03-11;Musical Instruments
632234;Guitar Chords and Basic Strumming;TRUE;"$20,00";3;0;35;Beginner Level;2.5 hours;2015-12-17;Musical Instruments
315576;Guitar Crash Course (No Experience Necessary);FALSE;Free;5.769;78;29;Beginner Level;1 hour;2015-01-22;Musical Instruments
21080;Guitar Essentials;TRUE;"$20,00";261;1;18;Beginner Level;1.5 hours;2014-05-07;Musical Instruments
200108;Guitar for Absolute Beginners (Class 1);TRUE;"$20,00";45;4;48;Beginner Level;1.5 hours;2014-05-01;Musical Instruments
517366;Guitar for Beginners - Learn the Basics;TRUE;"$20,00";1.026;13;19;Beginner Level;31 mins;2015-06-12;Musical Instruments
339382;Guitar for Christmas!;TRUE;"$20,00";7;0;17;Beginner Level;32 mins;2014-11-30;Musical Instruments
53277;Guitar for Music Educators: Learning How to Teach Guitar;TRUE;"$20,00";32;3;22;Beginner Level;1.5 hours;2013-07-26;Musical Instruments
147404;Guitar Fretboard Mastery for the Blues Guitarist;TRUE;"$20,00";257;6;5;All Levels;1 hour;2014-01-16;Musical Instruments
876396;Guitar Fretboard Secrets;TRUE;"$55,00";186;13;35;Intermediate Level;2 hours;2016-12-01;Musical Instruments
765056;Guitar Fundamentals for Beginners;TRUE;"$25,00";5;1;11;Beginner Level;2 hours;2016-02-22;Musical Instruments
20387;Guitar Insanity Workout - Eatmystrings!;TRUE;"$50,00";2.673;17;29;All Levels;2.5 hours;2012-07-06;Musical Instruments
385684;Guitar Kick Start;FALSE;Free;3.160;47;22;Beginner Level;1 hour;2015-03-19;Musical Instruments
445118;Guitar Lesson - Five Steps to Learn Barre Chords;TRUE;"$35,00";57;9;9;All Levels;33 mins;2015-03-15;Musical Instruments
763100;Guitar Lessons - 50 Essential Fast Legato Licks;TRUE;"$35,00";105;9;23;Intermediate Level;3 hours;2016-02-15;Musical Instruments
101500;Guitar Lessons - Blind Blake - King Of Ragtime Blues Guitar;TRUE;"$20,00";65;5;13;Expert Level;4 hours;2013-11-25;Musical Instruments
762482;Guitar Lessons - Economy Picking Essentials;TRUE;"$35,00";45;5;15;Intermediate Level;1.5 hours;2016-02-15;Musical Instruments
764534;Guitar Lessons - Learning The Neck - Fretboard Mastery;TRUE;"$45,00";239;30;49;All Levels;6 hours;2016-02-16;Musical Instruments
761584;Guitar Lessons - Soloing With Arpeggios - Essential Guide ;TRUE;"$45,00";198;11;34;Intermediate Level;5 hours;2016-02-13;Musical Instruments
762374;Guitar Lessons - String Bending And Vibrato Essentials;FALSE;Free;3.325;28;5;All Levels;1 hour;2016-02-15;Musical Instruments
762648;Guitar Lessons - Sweep Picking Arpeggio Essentials;TRUE;"$35,00";74;6;13;Intermediate Level;1.5 hours;2016-02-15;Musical Instruments
761938;Guitar Lessons - The Modal System - Modes Essentials;TRUE;"$45,00";116;7;27;All Levels;2 hours;2016-02-14;Musical Instruments
762240;Guitar Lessons - Two Handed Tapping Essentials;TRUE;"$35,00";41;2;11;Intermediate Level;1.5 hours;2016-02-14;Musical Instruments
648492;Guitar Lessons : Rock Guitar in 1 Day!;TRUE;"$50,00";17;4;37;Beginner Level;1.5 hours;2015-12-06;Musical Instruments
956102;Guitar Lessons for complete beginners - super simple and fun;TRUE;"$20,00";936;9;12;Beginner Level;40 mins;2016-09-12;Musical Instruments
873386;Guitar Lessons: The Essential Beginner & Intermediate Course;FALSE;Free;2.566;39;23;All Levels;2 hours;2016-06-10;Musical Instruments
743846;Guitar Looper Basic Training;TRUE;"$45,00";64;13;15;All Levels;1.5 hours;2016-02-29;Musical Instruments
1149202;Guitar Solo - Theory and Improvisation Lessons;TRUE;"$60,00";12;4;34;Intermediate Level;1.5 hours;2017-04-11;Musical Instruments
1244302;Guitar Strumming 101 - Have More Fun Playing Songs You Love;TRUE;"$50,00";8;2;16;Beginner Level;1 hour;2017-06-20;Musical Instruments
484670;Guitar Super System Level 1;TRUE;"$50,00";10.869;2.257;104;Intermediate Level;5 hours;2015-04-29;Musical Instruments
681692;Guitar Super System Level 2;TRUE;"$50,00";4.192;128;34;Expert Level;1.5 hours;2015-11-30;Musical Instruments
147754;Guitar Technique Mastery: The Ultimate Chop Building Workout;TRUE;"$20,00";273;4;6;All Levels;1.5 hours;2014-01-16;Musical Instruments
907966;Guitar: Learn 10 CCR Guitar Chord Progressions;TRUE;"$50,00";2.045;8;24;Beginner Level;2 hours;2016-08-25;Musical Instruments
515262;Guitar: Learn 12 Must Know Beginner Rock Guitar Riffs;TRUE;"$50,00";1.548;10;20;Beginner Level;2 hours;2015-09-24;Musical Instruments
515260;Guitar: Master The Guitar Fretboard In 6 Easy Steps;TRUE;"$55,00";1.203;26;10;Beginner Level;1 hour;2015-10-12;Musical Instruments
624662;Guitar: The Next Level;TRUE;"$55,00";117;12;10;Beginner Level;1 hour;2015-10-02;Musical Instruments
601230;Guitar:Play 5 Easy Christmas Chord Progressions On Guitar;TRUE;"$50,00";383;4;9;Beginner Level;1 hour;2015-11-11;Musical Instruments
724436;Guitarra Acústica en Siete Días;TRUE;"$20,00";1;1;38;Beginner Level;2.5 hours;2016-01-29;Musical Instruments
375830;Guitarra Desde Cero - PARTE 1;TRUE;"$35,00";480;12;123;Beginner Level;7 hours;2014-12-27;Musical Instruments
387064;Guitarra para principiantes;TRUE;"$20,00";7;1;46;Beginner Level;2 hours;2015-01-22;Musical Instruments
1200856;Hand Lettering para Iniciantes;TRUE;"$40,00";384;92;18;All Levels;43 mins;2017-06-15;Graphic Design
580068;Handle difficult questions the bank manager will ask you;TRUE;"$20,00";2;0;12;All Levels;1 hour;2015-09-04;Business Finance
720072;Hands On Guitar: Beyond Beginner;TRUE;"$20,00";54;7;69;Beginner Level;3 hours;2016-01-22;Musical Instruments
372234;Hands-on Financial Modeling (With 6 Excel Templates);TRUE;"$30,00";4.601;38;14;Intermediate Level;4 hours;2015-04-02;Business Finance
719920;Hands-On Guitar: The Beginner's Guide;TRUE;"$20,00";28;7;72;Beginner Level;4 hours;2016-01-22;Musical Instruments
1119610;Harmonica Jamz: The Only Course on Jammin' with Friends;TRUE;"$60,00";568;8;65;Beginner Level;5 hours;2017-03-21;Musical Instruments
24815;Harnessing the Power of Growth Stocks;TRUE;"$50,00";29;2;7;Intermediate Level;2 hours;2012-10-31;Business Finance
266682;HARP&SOUL  |  Learn the Secrets of the Harmonica;TRUE;"$35,00";114;8;59;All Levels;2 hours;2014-10-01;Musical Instruments
71912;Have Fun with Beginner Blues Piano;TRUE;"$75,00";321;24;27;All Levels;2.5 hours;2013-08-05;Musical Instruments
855172;Hedge and Mutual Fund Careers: The Complete Guide;TRUE;"$200,00";3.255;340;102;All Levels;8.5 hours;2016-06-20;Business Finance
828740;Hedge Fund Accounting and Valuation;TRUE;"$20,00";668;10;11;All Levels;34 mins;2016-04-28;Business Finance
418732;Hedge Fund Trading System;FALSE;Free;8.985;584;12;All Levels;1 hour;2015-03-06;Business Finance
986272;Hedge Fund Trading Systems For Stocks - Part One;TRUE;"$200,00";52;8;21;All Levels;1.5 hours;2016-10-29;Business Finance
1209556;Hedge Fund Trading Systems Part Two - Stocks & ETFs;TRUE;"$200,00";56;10;23;Expert Level;2.5 hours;2017-05-16;Business Finance
474212;High performance Stock Trading using key Options techniques;TRUE;"$40,00";2.103;15;6;All Levels;1.5 hours;2015-04-12;Business Finance
996612;High Probability Trading Across Any Market: Stocks & Forex;TRUE;"$95,00";353;27;105;All Levels;18.5 hours;2016-12-01;Business Finance
1201912;high swing - ???? ?????? ???? ????? ?????? ????? ???????;TRUE;"$100,00";12;4;17;Intermediate Level;2.5 hours;2017-05-17;Business Finance
600316;"High-Frequency Trading #1: Basics, History & Strategies";TRUE;"$50,00";2.222;24;11;All Levels;36 mins;2015-09-28;Business Finance
631276;High-Frequency Trading #2: Market Structure & Instruments;TRUE;"$50,00";1.732;11;12;All Levels;41 mins;2015-11-19;Business Finance
1069866;High-Frequency Trading & Dark Pools;TRUE;"$40,00";19;11;22;Beginner Level;2 hours;2017-04-18;Business Finance
991416;History of Art and Design from XV to XXI century;TRUE;"$20,00";319;11;35;All Levels;2 hours;2016-10-24;Graphic Design
669536;Hit the ground running with AngularJS with Dion Yang;TRUE;"$100,00";4.563;49;13;All Levels;1.5 hours;2015-11-26;Web Development
813142;Horn Pro Series - You're going to love playing French Horn;TRUE;"$50,00";48;3;61;All Levels;8 hours;2016-04-08;Musical Instruments
537282;Hosting Django: Amazon Web Services (AWS) Fundamentals;TRUE;"$45,00";2.573;103;46;All Levels;5.5 hours;2015-10-19;Web Development
1199780;Hosting your static website on Amazon AWS S3 service;TRUE;"$20,00";2.853;47;16;Beginner Level;1.5 hours;2017-05-05;Web Development
360916;Hot Trading Investing Strategy: ETF and Futures;TRUE;"$50,00";80;10;13;All Levels;2.5 hours;2014-12-08;Business Finance
622284;How do I Create a Stylized Graphics from Images in Photoshop;TRUE;"$50,00";17;1;12;All Levels;1 hour;2015-09-28;Graphic Design
1142570;How I Learned Stock Trading (and How You Can Too);TRUE;"$200,00";1.580;12;53;Expert Level;2 hours;2017-05-02;Business Finance
918688;How I Make Consistent Returns Trading Options;TRUE;"$200,00";2.310;162;26;All Levels;3.5 hours;2016-10-05;Business Finance
688244;How I Make Money Writing About Stocks Online;TRUE;"$195,00";360;24;12;Beginner Level;2.5 hours;2015-12-18;Business Finance
662450;How I Trade Forex Successfully;FALSE;Free;5.768;109;12;All Levels;1.5 hours;2015-11-13;Business Finance
975910;How to achieve personal transformation;TRUE;"$20,00";0;0;10;All Levels;32 mins;2016-12-22;Business Finance
193916;How to be A High Performance Insurance Broker Part 2;TRUE;"$40,00";70;3;15;All Levels;2 hours;2014-04-06;Business Finance
717278;How to be a Profitable Forex Trader;TRUE;"$20,00";1.029;13;7;All Levels;41 mins;2016-05-04;Business Finance
529424;How to Become a Financial Analyst from Scratch!;TRUE;"$40,00";2.177;31;38;Beginner Level;5 hours;2015-07-07;Business Finance
507778;How to become a successful day trader;TRUE;"$95,00";1.150;6;27;All Levels;2.5 hours;2015-05-25;Business Finance
569436;How to Become an Accountant from scratch!;TRUE;"$40,00";1.169;7;15;Beginner Level;3 hours;2015-08-20;Business Finance
1198704;How to become an App Developer;TRUE;"$200,00";1.935;17;10;Beginner Level;1 hour;2017-05-19;Web Development
727510;How To Become An Etsy Wholesale Seller;TRUE;"$100,00";1.013;0;25;Beginner Level;2.5 hours;2016-03-29;Graphic Design
58653;How to Build a CMS with PHP;TRUE;"$50,00";1.096;33;10;Beginner Level;1 hour;2013-06-07;Web Development
1211960;How To Build A Facebook Messenger Chat Bot From Scratch;TRUE;"$120,00";1.798;20;24;Beginner Level;1.5 hours;2017-05-11;Web Development
532836;How to Build a Massive Retirement Plan from Scratch!;TRUE;"$200,00";1.498;30;23;Beginner Level;2 hours;2015-06-22;Business Finance
519776;How to Build a Massive Stock Portfolio from Zero!;TRUE;"$200,00";1.882;51;129;All Levels;11 hours;2015-07-20;Business Finance
663710;How To Build A Professional Djembe: Create Music Beauty &Biz;TRUE;"$40,00";122;2;29;All Levels;1.5 hours;2015-11-12;Musical Instruments
462668;How To Build A Website From Scratch + Blogging Blueprint;TRUE;"$20,00";7.017;37;28;All Levels;3.5 hours;2015-04-08;Web Development
982328;How to Build an Autocomplete System Like Google;TRUE;"$30,00";255;5;9;All Levels;1 hour;2016-10-12;Web Development
1041426;How To Build And Make A Wordpress Website From Scratch 2017;FALSE;Free;7.055;166;24;All Levels;2 hours;2017-01-24;Web Development
844458;How to Build Chat Bots: From Beginner to Intermediate;TRUE;"$140,00";2.814;107;35;All Levels;2 hours;2016-10-03;Web Development
645634;How to Build Profitable FOREX Automated Trading Strategies!;TRUE;"$200,00";358;8;21;All Levels;2.5 hours;2015-11-11;Business Finance
1063430;How to Build WordPress Themes: A Web Designer's Guide;TRUE;"$165,00";183;30;47;Intermediate Level;5.5 hours;2017-03-31;Web Development
895394;How To Build Your Own Web Banner Design Business;TRUE;"$20,00";5.000;7;21;All Levels;1 hour;2016-07-05;Graphic Design
416282;How to Build Your Own Website with WordPress: A Step-by-Step Guide ;TRUE;"$95,00";4.675;15;56;All Levels;6 hours;2015-03-05;Web Development
1239068;How to Buy Cheap Options - Options Trading Pricing Model;TRUE;"$200,00";658;2;19;All Levels;1 hour;2017-06-02;Business Finance
1036766;How to Color Comic Books... with a Mouse;TRUE;"$30,00";7;0;8;All Levels;2 hours;2017-01-03;Graphic Design
718338;How To Confidently Join The Bitcoin Revolution;TRUE;"$45,00";547;98;53;Beginner Level;7 hours;2016-01-14;Business Finance
834836;How to Consistently Win Trading Stocks in 30 Days or Less;TRUE;"$145,00";1.433;169;15;Intermediate Level;1 hour;2016-05-09;Business Finance
207166;How to Copy the Best Traders on Etoro;TRUE;"$90,00";564;9;41;All Levels;3.5 hours;2014-05-01;Business Finance
733694;How to create a  video blog with WordPress;TRUE;"$25,00";1.209;8;62;All Levels;4.5 hours;2016-03-29;Web Development
737468;How To Create a Local Wordpress Environment;FALSE;Free;4.306;163;12;Beginner Level;31 mins;2016-02-07;Web Development
1008100;How To Create A Low Poly Portrait With The Pen Tool;TRUE;"$195,00";293;5;18;Beginner Level;1 hour;2016-11-15;Graphic Design
1239022;How To Create A Real Estate Website With Wordpress 2017;FALSE;Free;3.782;32;11;Beginner Level;1.5 hours;2017-06-06;Web Development
1191504;How to create a routine Trading;TRUE;"$25,00";307;8;5;All Levels;8 mins;2017-05-01;Business Finance
524248;How to Create a Social Network For a Niche-Related Community;TRUE;"$100,00";1.853;34;39;All Levels;2 hours;2015-07-12;Web Development
752432;How to Create a Website Without Coding - WordPress 2016;TRUE;"$195,00";9.056;96;31;Beginner Level;1.5 hours;2016-02-04;Web Development
957422;How to Create A Website: An HTML Tutorial and CSS Tutorial;TRUE;"$65,00";3.012;260;330;All Levels;32.5 hours;2016-09-25;Web Development
907386;How To Create A Wordpress Website 2016 | NEW Divi Theme 3.0!;TRUE;"$40,00";4.144;383;43;Beginner Level;5.5 hours;2016-10-13;Web Development
389018;How to Create a Wordpress Website from Scratch - No Coding;TRUE;"$20,00";7.018;28;38;All Levels;3 hours;2015-07-30;Web Development
320798;How To Create A WordPress Website Without Paying A Developer;TRUE;"$20,00";4.333;16;17;Beginner Level;1 hour;2014-10-20;Web Development
1169062;How To Create Amazing Cinemagraphs with Microsoft PowerPoint;TRUE;"$30,00";1.782;18;10;Beginner Level;1 hour;2017-04-05;Graphic Design
74782;How To Create Amazing YouTube Custom Thumbnail Images;TRUE;"$25,00";78;6;16;All Levels;1.5 hours;2013-09-29;Graphic Design
1182900;How to Create awesome Cinema-graph With Adobe Photoshop?;TRUE;"$20,00";1.602;8;16;Beginner Level;1 hour;2017-05-07;Graphic Design
899492;How to create awesome website and e-commerce in 1 hour;TRUE;"$20,00";937;4;10;All Levels;1 hour;2016-07-18;Web Development
518870;How to create flat design icons in 15 minutes in Illustrator;TRUE;"$195,00";2.228;96;51;All Levels;4.5 hours;2015-06-22;Graphic Design
517866;How to create gif animation in photoshop;TRUE;"$20,00";34;0;18;All Levels;1 hour;2015-06-02;Graphic Design
834924;How to create HTML Forms;TRUE;"$30,00";3.652;60;7;Beginner Level;40 mins;2016-04-29;Web Development
642656;How to Create Kindle & Ebook Covers with Canva;TRUE;"$30,00";1.279;3;33;Beginner Level;1.5 hours;2015-10-21;Graphic Design
1007766;How to create Paypal and Credit card Payment Buttons;TRUE;"$65,00";578;6;8;Beginner Level;1 hour;2016-11-17;Web Development
68876;How to Create Top Ranking Mobile App Icons - iOS Edition;TRUE;"$35,00";130;6;13;All Levels;1 hour;2013-07-30;Graphic Design
311846;How to Create Vector Characters in Illustrator or Photoshop;TRUE;"$25,00";92;3;15;Beginner Level;3.5 hours;2014-10-02;Graphic Design
796450;How to Create Your Personal Budget;TRUE;"$20,00";3.870;53;10;All Levels;1 hour;2016-03-21;Business Finance
780056;How To Create Your Very First Website With HTML and CSS;TRUE;"$100,00";5.097;196;37;Beginner Level;2 hours;2016-04-09;Web Development
25794;How To Crowdfund;TRUE;"$30,00";43;6;17;All Levels;1.5 hours;2012-10-02;Business Finance
1105636;How to Design A 2D Character in Illustrator;TRUE;"$20,00";1;1;9;Beginner Level;1 hour;2017-02-08;Graphic Design
930416;How to design a business card on Photoshop (for beginners);FALSE;Free;5.086;197;12;Beginner Level;1 hour;2016-08-27;Graphic Design
737642;How To Design A Fortune 500 Logo in Illustrator;TRUE;"$195,00";3.599;43;72;Intermediate Level;5 hours;2016-01-24;Graphic Design
20461;How to Design a Logo - a Beginners Course;TRUE;"$30,00";10.875;650;41;All Levels;2.5 hours;2012-07-25;Graphic Design
996868;How to Design a Logo in Adobe Illustrator;TRUE;"$100,00";972;44;24;All Levels;1 hour;2016-11-14;Graphic Design
1088178;How To Design A WordPress Website With No Coding At All;TRUE;"$25,00";306;3;42;Beginner Level;3.5 hours;2017-03-10;Web Development
1132572;How to Design an Awesome Letterhead in Adobe Illustrator;FALSE;Free;4.776;115;18;All Levels;34 mins;2017-03-03;Graphic Design
339560;How to design professional PowerPoint business presentation;TRUE;"$20,00";286;7;7;All Levels;1 hour;2014-11-11;Graphic Design
1151342;How to Design Simple Promotional Materials in Photoshop;TRUE;"$55,00";521;5;23;Beginner Level;2.5 hours;2017-04-04;Graphic Design
175278;How to Design Your Own Guitar;TRUE;"$50,00";181;34;32;All Levels;5 hours;2014-06-25;Musical Instruments
1085646;How to Doodle: Basics and Lettering;TRUE;"$185,00";2.358;28;12;All Levels;1 hour;2017-02-21;Graphic Design
1047436;How to Draw and Sketch for Beginners;TRUE;"$150,00";1.360;175;79;Beginner Level;9 hours;2017-01-25;Graphic Design
81278;How to draw Caricatures;TRUE;"$20,00";347;31;11;All Levels;4 hours;2013-08-21;Graphic Design
62497;How to Draw Cute Cartoon Characters;TRUE;"$55,00";4.080;522;26;All Levels;2 hours;2013-10-01;Graphic Design
1091360;How to Draw Majestic Animals: Cats;TRUE;"$35,00";1.356;4;11;All Levels;1 hour;2017-02-23;Graphic Design
1234108;How to Draw Majestic Animals: Dogs;TRUE;"$35,00";1.524;5;11;All Levels;1 hour;2017-05-30;Graphic Design
117004;How to Draw Pinups and Sexy Women;TRUE;"$75,00";3.525;109;33;Intermediate Level;20 hours;2013-11-19;Graphic Design
1046540;How to draw professional manga artwork by Punix;TRUE;"$35,00";83;3;17;Beginner Level;1.5 hours;2017-04-17;Graphic Design
900472;How To Earn Some Bitcoin Every Time You Use A Search Engine;TRUE;"$20,00";89;23;10;All Levels;1 hour;2016-07-09;Business Finance
169144;How to easily Manage your WordPress Website;TRUE;"$20,00";8.462;50;21;Beginner Level;2 hours;2014-02-20;Web Development
893978;"How to Fix Common Branding Mistakes, for Graphic Designers";TRUE;"$35,00";19;2;9;Intermediate Level;1.5 hours;2016-11-18;Graphic Design
390096;"How to Fund your Million Dollar Idea: Equity, Debt, Unfund";TRUE;"$50,00";1.105;3;54;Intermediate Level;6 hours;2015-02-11;Business Finance
1058530;"How to Get Growing, Passive Income from the Fortune 500!";TRUE;"$25,00";4;0;12;All Levels;1 hour;2017-01-19;Business Finance
787508;How to Grow your Small Business and not run out of Cash;TRUE;"$25,00";408;3;16;Beginner Level;1.5 hours;2016-04-05;Business Finance
544944;How to illustrate in Flash ;TRUE;"$20,00";5;2;17;Beginner Level;2 hours;2015-08-04;Graphic Design
264790;How to Install WordPress From Scratch;FALSE;Free;8.415;56;13;Beginner Level;1 hour;2014-07-19;Web Development
673750;How to invest in Forex Trading & add an additional income;TRUE;"$50,00";8;2;14;All Levels;2 hours;2015-11-21;Business Finance
803664;How to invest in Gold;TRUE;"$50,00";249;14;39;Beginner Level;2.5 hours;2016-06-14;Business Finance
309854;How to invest in Russian equity market;TRUE;"$30,00";3;0;12;Intermediate Level;1.5 hours;2015-09-15;Business Finance
937150;How to Invest in Startups - Expert Reveals Winning Secrets.;FALSE;Free;1.625;5;145;All Levels;8.5 hours;2016-08-29;Business Finance
406922;How to Invest in Stocks + Billionaire Investing Tips;TRUE;"$40,00";1.643;18;19;All Levels;2 hours;2015-07-01;Business Finance
1083744;How to Invest Using ETFs from Former Wall Street Trader;TRUE;"$200,00";0;0;10;All Levels;2 hours;2017-02-15;Business Finance
1217064;How To Invest With Tiny Capital In Stocks ?;TRUE;"$20,00";1.239;5;6;Beginner Level;42 mins;2017-05-23;Business Finance
566910;How to Launch Your Own Website Builder Service;TRUE;"$20,00";9.028;87;12;Beginner Level;1.5 hours;2015-07-28;Web Development
821526;How To Make A Business Website In 1 Day With Wix FAST & EASY;TRUE;"$20,00";3.759;24;25;Beginner Level;4 hours;2016-04-18;Web Development
108384;How to Make a Custom Graphic ;TRUE;"$20,00";87;8;8;Beginner Level;1 hour;2013-10-24;Graphic Design
452182;How to Make a Custom Graphic From Sketches ;TRUE;"$20,00";21;4;17;Beginner Level;44 mins;2015-04-10;Graphic Design
1024888;How To Make A Modern Wordpress BLOG 2017! Create Your Blog!;FALSE;Free;6.856;137;19;Beginner Level;2 hours;2016-11-29;Web Development
639654;How to Make a Single Page Website for Freelancers & Agencies;FALSE;Free;17.463;283;30;All Levels;1.5 hours;2015-10-15;Web Development
646056;How to Make a Video Blog Website From Scratch w/ Wordpress ;FALSE;Free;12.952;163;22;All Levels;1 hour;2015-10-21;Web Development
1122224;How To Make A Web Page With No Code;FALSE;Free;2.214;20;23;Beginner Level;2 hours;2017-03-23;Web Development
389240;How to Make a Website Without Coding- WordPress & Web Skills;TRUE;"$30,00";6.413;107;123;All Levels;9 hours;2015-04-28;Web Development
370752;How to Make a Wordpress Website 2017;FALSE;Free;12.293;235;18;All Levels;3 hours;2015-01-14;Web Development
856968;How to Make a Wordpress Website 2017;FALSE;Free;2.437;137;10;Beginner Level;34 mins;2016-06-07;Web Development
1089744;How To Make A Wordpress Website 2017 - Divi Theme Tutorial;TRUE;"$40,00";2.780;94;29;Beginner Level;3 hours;2017-01-26;Web Development
1086834;How To Make A Wordpress Website 2017 | Divi Theme Tutorial;TRUE;"$40,00";3.541;202;37;Beginner Level;4 hours;2017-01-26;Web Development
1203894;How To Make an eCommerce Website With Wordpress 2017;FALSE;Free;3.493;43;26;Beginner Level;4.5 hours;2017-05-09;Web Development
628222;How to Make an Online Portfolio Website from Scratch ;FALSE;Free;14.026;232;25;All Levels;1 hour;2015-10-02;Web Development
624356;How to make Better Compositions: Take your art to new height;TRUE;"$30,00";11;3;8;All Levels;32 mins;2016-08-04;Graphic Design
579202;How to make Business Cards like a Pro;TRUE;"$20,00";593;3;13;All Levels;42 mins;2015-08-11;Graphic Design
178044;How To Make Graphics For A Website;TRUE;"$200,00";24.857;35;11;All Levels;1.5 hours;2014-03-15;Graphic Design
179978;How to Make IT Work Successfully in Capital Markets;TRUE;"$50,00";171;8;21;Beginner Level;3 hours;2014-03-11;Business Finance
647338;How To Make Money With A Cover Band;TRUE;"$50,00";2.498;12;25;All Levels;3.5 hours;2017-03-30;Musical Instruments
428220;How To Make Professional eBook Covers For FREE;TRUE;"$20,00";1.080;6;35;All Levels;3 hours;2015-02-26;Graphic Design
1115504;How to Make Your Own Children's Interactive eBook!;TRUE;"$95,00";33;2;17;Beginner Level;1.5 hours;2017-02-17;Graphic Design
599628;How to manage your own VPS and create websites;TRUE;"$120,00";735;16;30;All Levels;1.5 hours;2015-09-17;Web Development
1011058;How To Maximize Your Profits Trading Options;TRUE;"$200,00";1.276;45;26;Intermediate Level;2 hours;2016-12-13;Business Finance
533458;How to Obtain a Business Loan;TRUE;"$20,00";1;1;12;All Levels;34 mins;2015-11-17;Business Finance
425910;How to Optimise Your WordPress Website's Speed & Security to Improve SEO & User Experience;TRUE;"$125,00";7.852;46;31;All Levels;3.5 hours;2015-03-02;Web Development
731150;How To Pay Less Tax (UK version);TRUE;"$50,00";13;2;98;All Levels;31 mins;2016-01-19;Business Finance
281844;How to Pick Stocks;TRUE;"$20,00";131;3;28;All Levels;1.5 hours;2014-09-15;Business Finance
252396;How to Pick The Right Penny Stocks To Invest In 2017;TRUE;"$150,00";9.015;65;23;All Levels;2.5 hours;2014-07-01;Business Finance
101496;How To Play Blues Guitar - Broonzy & McGhee Blues Lessons;FALSE;Free;8.240;31;6;Intermediate Level;1.5 hours;2013-11-23;Musical Instruments
972704;How to play Contemporary Piano;TRUE;"$25,00";1.200;35;10;All Levels;36 mins;2016-10-04;Musical Instruments
568322;How to Play Dan Fogelberg Songs on Guitar;TRUE;"$25,00";24;1;49;Intermediate Level;4.5 hours;2016-03-29;Musical Instruments
467408;"How to play Djembe, Drums & Rhythm. Level 2";TRUE;"$40,00";390;14;36;Intermediate Level;2 hours;2015-07-23;Musical Instruments
139772;How to play easy tunes on the harmonica - just the basics;TRUE;"$35,00";79;3;15;Beginner Level;1.5 hours;2014-02-25;Musical Instruments
1052180;"How to play 'Electric Guitar"",https://www.udemy.com/electric-guitar-beginners-method/,true,50,1105,5,20,Beginner Level,2 hours,2016-12-29T00:24:06Z
42038,Learn Piano Today: How to Play Piano Course in Quick Lessons""";TRUE;"$100,00";6.271;68;75;All Levels;5 hours;2013-06-27;Musical Instruments
556076;How To Play Guitar - Everything You Need To Know To Start;TRUE;"$50,00";5;1;8;Beginner Level;1 hour;2015-07-21;Musical Instruments
1194244;How To Play Guitar - For Absolute Beginners;TRUE;"$35,00";478;3;18;Beginner Level;1 hour;2017-05-01;Musical Instruments
933666;How to play in a local Irish music session with confidence;TRUE;"$40,00";193;5;8;All Levels;1 hour;2016-08-18;Musical Instruments
967380;How to play Piano - Go from a Beginner/Intermediate to a Pro;TRUE;"$200,00";5.316;159;291;All Levels;31 hours;2016-10-16;Musical Instruments
1254852;How to Play Piano - Your First Lesson!;FALSE;Free;662;7;13;Beginner Level;31 mins;2017-06-24;Musical Instruments
630734;How To Play The Cajon: For Beginners;TRUE;"$30,00";144;15;25;All Levels;1.5 hours;2015-12-18;Musical Instruments
271652;How To Play The Djembe: For Beginners;TRUE;"$30,00";414;18;19;All Levels;1 hour;2014-11-11;Musical Instruments
749686;How to Play the Guitar: Your 30-Day Guide to Learn Guitar;TRUE;"$20,00";2.686;10;32;Beginner Level;6 hours;2016-02-02;Musical Instruments
1068986;How To Profit From Stock Market Volatility;FALSE;Free;1.736;36;11;All Levels;36 mins;2017-01-23;Business Finance
258894;How to Read a Balance Sheet;TRUE;"$50,00";1.055;21;64;Beginner Level;3.5 hours;2014-07-11;Business Finance
302468;How to read a Profit & Loss Account and Balance Sheet;TRUE;"$20,00";49;10;13;All Levels;2 hours;2014-09-22;Business Finance
589778;How to Read Financial Statements;TRUE;"$20,00";5;2;59;Beginner Level;2 hours;2015-08-23;Business Finance
306360;How to Read Financial Statements:  Build Financial Literacy.;TRUE;"$25,00";188;10;20;Beginner Level;1.5 hours;2014-12-19;Business Finance
505780;"How to Register a Domain, Set Up Hosting, and Edit Web Pages";TRUE;"$45,00";1.540;19;39;Beginner Level;3 hours;2015-05-21;Web Development
1103272;How to remove 'Risk from Penny Stocks - Options Trading";TRUE;"$200,00";668;12;22;All Levels;1 hour;2017-02-07;Business Finance
335280;How to Safely Copy and Move Your WordPress Website;TRUE;"$60,00";1.419;38;20;Intermediate Level;1.5 hours;2014-11-05;Web Development
310652;How To Sell Practically Anything: Professional Design Mockup;TRUE;"$50,00";52;2;19;All Levels;2.5 hours;2014-10-08;Graphic Design
654038;How To Sell Your Art Online With ETSY;TRUE;"$100,00";1.338;38;35;Beginner Level;3 hours;2015-11-11;Graphic Design
390472;How To Set Up A Limited Company In The UK;FALSE;Free;2.075;69;11;Beginner Level;44 mins;2015-04-20;Business Finance
599532;How to Set Up a Self-Hosted Wordpress Website in 30 Minutes;FALSE;Free;8.770;261;13;Beginner Level;32 mins;2015-09-20;Web Development
1198654;How to set up a Web Server From Scratch to One Fully Managed;TRUE;"$200,00";1.673;31;24;All Levels;3 hours;2017-05-09;Web Development
451938;How To Setup a Micro-Blog in 3 Easy Steps;TRUE;"$25,00";6.937;22;7;All Levels;1 hour;2015-03-20;Web Development
540724;How To Setup Web Hosting;FALSE;Free;11.758;242;8;Beginner Level;1 hour;2015-07-15;Web Development
888668;How to Sing and Play the Guitar (at the same time);TRUE;"$20,00";78;8;24;Beginner Level;1.5 hours;2016-07-18;Musical Instruments
213532;How to speak Pianish (beginner level);TRUE;"$30,00";545;5;10;Beginner Level;1 hour;2014-08-25;Musical Instruments
867682;How to start a successful career in finance?;FALSE;Free;1.318;7;27;All Levels;2 hours;2016-08-24;Business Finance
1049344;How to Start a WordPress Blog - Complete Beginners Guide!;FALSE;Free;3.784;85;32;Beginner Level;2 hours;2017-01-02;Web Development
1015274;How to Start Investing: Made Simple and Easy;TRUE;"$200,00";1.506;12;12;All Levels;1 hour;2016-11-25;Business Finance
256200;How To Start Trading Penny Stocks In 10 Easy Steps 2017;TRUE;"$50,00";7.750;58;15;All Levels;1.5 hours;2014-07-17;Business Finance
1156778;How to stylize your photos in Photoshop with color overlays;FALSE;Free;3.512;58;17;Beginner Level;1.5 hours;2017-03-30;Graphic Design
735550;How to Trade Binary Options Effectively – All Levels;TRUE;"$195,00";1.680;39;17;All Levels;1 hour;2016-01-27;Business Finance
546656;How to Trade Commodity and Financial Futures for a Living!;TRUE;"$200,00";1.240;17;20;All Levels;2.5 hours;2016-01-15;Business Finance
1041926;How to Trade Forex like a Hedge Fund: Long FX Strategies;TRUE;"$115,00";504;5;32;All Levels;1.5 hours;2017-03-23;Business Finance
1156530;How to trade in the Forex market;TRUE;"$200,00";6;0;39;Intermediate Level;2.5 hours;2017-03-29;Business Finance
613944;How to trade options;TRUE;"$45,00";12;1;9;Intermediate Level;43 mins;2015-09-20;Business Finance
1039442;How To Trade RSI Pullback Strategy: Entry To Exit (Forex);TRUE;"$150,00";104;10;21;All Levels;2 hours;2017-02-17;Business Finance
408440;How to Win 97% of Your Options Trades;TRUE;"$125,00";5.050;461;26;All Levels;1.5 hours;2015-02-10;Business Finance
287010;HTML & CSS - Learn to build sleek websites ;TRUE;"$55,00";1.552;14;44;All Levels;3.5 hours;2014-10-21;Web Development
380092;HTML & CSS for beginners: Build 3 projects from scratch;TRUE;"$40,00";2.472;139;31;Beginner Level;4 hours;2015-01-22;Web Development
50587;HTML & CSS From Scratch in 30 Days;TRUE;"$75,00";2.697;64;82;Beginner Level;11.5 hours;2013-04-22;Web Development
913966;HTML : Beginner Guide to HTML writing;TRUE;"$20,00";783;20;13;Beginner Level;37 mins;2016-07-28;Web Development
922750;HTML : HTML Awesomeness;TRUE;"$25,00";988;23;27;Beginner Level;38 mins;2016-08-17;Web Development
758208;HTML 5 and CSS 3 - tricks and workarounds;TRUE;"$80,00";2.007;10;113;All Levels;5.5 hours;2016-02-18;Web Development
283014;HTML 5: How I made websites in HTML5;TRUE;"$135,00";15.064;237;15;All Levels;1.5 hours;2014-10-23;Web Development
981600;HTML and CSS BootCamp for Beginners;TRUE;"$30,00";1.777;35;48;Beginner Level;6.5 hours;2017-01-20;Web Development
200854;HTML and CSS Crash Course for Beginners;TRUE;"$50,00";4.123;46;31;Beginner Level;4.5 hours;2014-05-30;Web Development
1079624;HTML and CSS for Absolute Beginners;FALSE;Free;4.410;52;26;All Levels;3 hours;2017-01-20;Web Development
405926;HTML and CSS for Beginners - Build a Website & Launch ONLINE;FALSE;Free;70.773;5.660;50;All Levels;6 hours;2015-03-19;Web Development
130168;HTML and CSS for Beginning Web Developers;TRUE;"$100,00";1.606;28;73;Beginner Level;9 hours;2013-12-13;Web Development
1116366;HTML and CSS Foundations;FALSE;Free;1.544;15;29;Beginner Level;1 hour;2017-06-23;Web Development
516790;HTML and CSS: A Guide to Web Design;TRUE;"$25,00";1.557;13;74;All Levels;14 hours;2015-06-02;Web Development
929016;HTML and HTML5 For Beginners 2016;TRUE;"$200,00";563;178;32;All Levels;3 hours;2016-08-11;Web Development
766592;HTML Complete Course - Beginner to Expert;FALSE;Free;20.073;615;28;All Levels;1.5 hours;2016-02-29;Web Development
696016;HTML CSS Easy steps to create a web template from scratch;TRUE;"$200,00";11.574;78;15;Beginner Level;1 hour;2015-12-14;Web Development
673420;HTML CSS JavaScript: Most popular ways to code HTML CSS JS;TRUE;"$170,00";9.332;172;33;All Levels;3.5 hours;2015-11-18;Web Development
918870;HTML CSS Learn to create a website from scratch;TRUE;"$50,00";4.892;49;32;Beginner Level;2 hours;2016-08-04;Web Development
609992;HTML CSS: Essential steps to learn HTML CSS;TRUE;"$145,00";10.576;154;23;Beginner Level;2.5 hours;2015-11-11;Web Development
59535;HTML for Beginners;FALSE;Free;8.592;336;35;Beginner Level;2.5 hours;2013-07-20;Web Development
145812;HTML FOR BEGINNERS;TRUE;"$20,00";791;8;16;All Levels;1 hour;2014-01-19;Web Development
654832;HTML Forms For Beginners: A Basic Introduction  ;TRUE;"$45,00";2.472;41;8;Beginner Level;1 hour;2015-11-05;Web Development
784544;HTML Introduction Course: Learn HTML in 2 hours!!!;FALSE;Free;7.304;368;28;All Levels;2 hours;2016-03-08;Web Development
515188;HTML Learning the Basics Intro to HTML website coding;TRUE;"$20,00";7.416;65;14;Beginner Level;39 mins;2015-05-31;Web Development
634754;HTML Made Simple For Beginners: Create a One Page Website;TRUE;"$65,00";3.380;50;16;Beginner Level;2 hours;2015-10-14;Web Development
8325;HTML Tutorial: HTML & CSS for Beginners;TRUE;"$20,00";12.458;253;82;All Levels;4 hours;2011-09-09;Web Development
1110756;HTML Tutorials : HTML Code for Website Creating;TRUE;"$20,00";2.401;15;27;All Levels;3 hours;2017-02-22;Web Development
903526;HTML Web Development Crash Course;TRUE;"$20,00";4.848;33;17;Beginner Level;1.5 hours;2016-08-02;Web Development
15285;HTML Workshop;TRUE;"$20,00";25.854;306;17;All Levels;2 hours;2012-04-08;Web Development
954710;HTML/CSS Bootcamp;TRUE;"$40,00";194;26;87;Beginner Level;10 hours;2016-10-18;Web Development
1210098;HTML5 and CSS for Beginner To Expert;TRUE;"$20,00";1.732;15;48;All Levels;4.5 hours;2017-06-06;Web Development
1193538;HTML5 And CSS3 - Build Modern Responsive Websites;TRUE;"$175,00";109;17;69;All Levels;9.5 hours;2017-06-02;Web Development
926206;HTML5 and CSS3 : Landing Pages for Entrepreneurs 2016;TRUE;"$195,00";2.354;16;45;All Levels;4 hours;2016-08-12;Web Development
1093734;HTML5 and CSS3 for beginners: Create a Website from Scratch;TRUE;"$200,00";9.945;101;43;Beginner Level;2 hours;2017-02-17;Web Development
467186;HTML5 and CSS3 -Start building beautiful websites;TRUE;"$150,00";1.414;14;22;All Levels;2.5 hours;2015-05-14;Web Development
1210652;HTML5 and CSS3: Learn Web Design with HTML + CSS + Bootstrap;TRUE;"$200,00";346;28;74;Beginner Level;8.5 hours;2017-06-21;Web Development
30911;HTML5 APIs For JavaScript - A Course For Web Developers ;TRUE;"$50,00";7.706;62;45;All Levels;5 hours;2012-11-30;Web Development
778112;HTML5 canvas Bootcamp for beginners 25 easy steps;TRUE;"$120,00";14.118;30;27;Beginner Level;2 hours;2016-03-01;Web Development
749560;HTML5 CSS3 JQUERY Single Page Website Project from Scratch;TRUE;"$120,00";1.678;34;32;All Levels;2.5 hours;2016-02-03;Web Development
176432;HTML5 Essentials for Beginners;TRUE;"$20,00";10.247;200;15;Intermediate Level;1.5 hours;2014-03-14;Web Development
482834;HTML5 for beginners;TRUE;"$195,00";9.687;59;59;Beginner Level;5 hours;2015-04-24;Web Development
258886;HTML5 Geolocation in Depth:Build 7 HTML5 Geolocation Apps;TRUE;"$90,00";1.526;72;86;All Levels;6.5 hours;2015-05-26;Web Development
876850;HTML5 Specialist: Comprehensive HTML5 Training;TRUE;"$100,00";1.385;188;83;All Levels;5 hours;2016-06-22;Web Development
527834;"HTML5, CSS3 & Bootstrap - How to Create a Responsive Website";TRUE;"$20,00";1.062;20;32;All Levels;3.5 hours;2015-07-31;Web Development
947120;"HTML5, CSS3 And JavaScript Fundamentals 2016";TRUE;"$115,00";627;125;7;All Levels;1 hour;2016-09-01;Web Development
897314;HTTP Clients with Laravel: Use and Consume Services and APIs;TRUE;"$65,00";237;22;52;Intermediate Level;3.5 hours;2016-07-18;Web Development
513846;7??????  ?????? Adobe Illustrator ????????;TRUE;"$20,00";108;3;44;Beginner Level;5.5 hours;2015-08-19;Graphic Design
639126;6???????????????!????????????;TRUE;"$35,00";280;40;54;All Levels;4 hours;2015-11-10;Business Finance
191588;IAS 10 - Events After Reporting Date;FALSE;Free;2.146;35;8;All Levels;1 hour;2014-05-07;Business Finance
199822;IAS 12 - Accounting for Income Taxes (Basics);FALSE;Free;4.269;60;17;All Levels;4.5 hours;2014-05-17;Business Finance
312860;"IAS 16-Property,Plant and Equipment ";FALSE;Free;2.166;38;20;All Levels;3 hours;2014-10-06;Business Finance
190816;IAS 18 - Revenue;FALSE;Free;2.571;32;23;All Levels;4.5 hours;2014-03-29;Business Finance
270844;IAS 1-Presentation of Financial Statements ;FALSE;Free;2.674;81;8;All Levels;1 hour;2014-10-03;Business Finance
253810;"IAS 8-Accounting Policies ,Changes in Accounting Estimates";FALSE;Free;2.122;30;15;All Levels;2.5 hours;2014-10-03;Business Finance
226084;"IAS37 - Provisions, Contingents Liabilities & Assets";FALSE;Free;2.247;53;29;All Levels;4 hours;2014-06-30;Business Finance
1012262;Icon & Logo Symbol Design in Adobe Illustrator;TRUE;"$100,00";1.043;27;30;All Levels;2 hours;2016-11-23;Graphic Design
1201118;Icon Design Masterclass: Learn Icon Design Principles;TRUE;"$40,00";6;0;15;Beginner Level;2.5 hours;2017-05-05;Graphic Design
249376;IFRIC 13-Customer Loyalty Programmes (Revenue);FALSE;Free;2.058;22;6;All Levels;36 mins;2014-07-05;Business Finance
322118;IFRS Financial Reporting;TRUE;"$55,00";72;9;15;All Levels;3.5 hours;2014-10-24;Business Finance
1018358;Illustrated Logo Design;TRUE;"$25,00";447;2;10;Intermediate Level;1 hour;2016-11-24;Graphic Design
1211198;Illustrative Surface Patterns Design : From Life To Products;TRUE;"$40,00";253;1;14;All Levels;1 hour;2017-05-23;Graphic Design
288110;Illustrator - Creating stylised images from a photo;TRUE;"$50,00";1.500;11;9;All Levels;41 mins;2014-09-09;Graphic Design
334530;Illustrator 101: Learn Quickly and Easily to create Artwork;TRUE;"$40,00";452;3;37;All Levels;1 hour;2014-11-25;Graphic Design
899240;illustrator CC 2015.3 - Curso básico de ferramentas;TRUE;"$20,00";13;6;12;Beginner Level;1 hour;2016-07-08;Graphic Design
913768;Illustrator CC 2016 Power Workshops (Deutsch);TRUE;"$150,00";96;10;50;Intermediate Level;4.5 hours;2016-07-25;Graphic Design
1197206;Illustrator CC MasterClass;TRUE;"$95,00";462;50;86;All Levels;12 hours;2017-05-02;Graphic Design
501140;Illustrator CC para novatos: ¡desde cero hasta experto! ;TRUE;"$150,00";2.476;466;96;All Levels;11 hours;2015-12-29;Graphic Design
751230;Illustrator CC: Design and drawing from scratch to expert!;TRUE;"$150,00";2.427;99;97;Beginner Level;11 hours;2016-12-15;Graphic Design
1246168;"Illustrator para criação de peças gráficas, Design Gráfico";TRUE;"$100,00";33;3;41;Beginner Level;1.5 hours;2017-06-13;Graphic Design
590794;Illustrator Quick Tip:10??Kawaii?????????;FALSE;Free;381;24;7;All Levels;36 mins;2015-08-31;Graphic Design
468182;Ilustración de la A a la Z;TRUE;"$20,00";33;3;19;All Levels;3 hours;2015-06-08;Graphic Design
425086;Implementing a Data Warehouse with SQL Server 2012 ;TRUE;"$85,00";1.142;148;90;All Levels;5 hours;2015-05-01;Web Development
114518;Improve Your Financial Literacy;FALSE;Free;9.995;96;10;All Levels;2 hours;2014-02-10;Business Finance
142666;Improved SEO with Rich Snippets and MicroData;FALSE;Free;11.026;228;13;Intermediate Level;1 hour;2014-06-09;Web Development
448250;improvisación de Guitarra;TRUE;"$20,00";1;0;10;All Levels;1 hour;2015-03-24;Musical Instruments
932804;Improvise On The Piano In 30 Minutes;TRUE;"$40,00";85;8;19;Beginner Level;1.5 hours;2016-08-18;Musical Instruments
62252;Improvise Puccini´s 'E Lucevan le Stelle on Piano";TRUE;"$20,00";169;3;16;All Levels;2 hours;2013-10-21;Musical Instruments
615920;In Depth Web Development Made Easy;TRUE;"$25,00";3.249;27;60;All Levels;6.5 hours;2015-10-30;Web Development
185528;Iníciate en Microstation;TRUE;"$20,00";0;0;10;Beginner Level;1 hour;2014-04-15;Graphic Design
1266468;Indesign - Para quem quer trabalhar com Design Gráfico;TRUE;"$100,00";27;7;12;Intermediate Level;2.5 hours;2017-06-27;Graphic Design
446022;InDesign Basics for Beginners: Learn InDesign Quickly;TRUE;"$35,00";177;8;24;Beginner Level;1.5 hours;2015-08-13;Graphic Design
530436;InDesign: Diseño de proyectos paso a paso;TRUE;"$150,00";300;40;77;Intermediate Level;4.5 hours;2015-09-04;Graphic Design
854764;Indian Contract Act 1872: Must for all Finance Professionals;TRUE;"$20,00";605;3;14;All Levels;1 hour;2016-05-20;Business Finance
1007622;Infodesign;TRUE;"$50,00";2;1;12;Beginner Level;1.5 hours;2017-03-24;Graphic Design
496430;Infographic Design: How To Create Your Own Infographic;TRUE;"$20,00";84;8;13;All Levels;2 hours;2015-05-12;Graphic Design
876444;Inkscape 101 for Beginners - Design Vector Graphics;TRUE;"$195,00";13;5;26;Beginner Level;1 hour;2016-06-13;Graphic Design
628440;Inkscape For Beginners 2016/2017;TRUE;"$40,00";1.029;52;26;All Levels;4 hours;2016-09-26;Graphic Design
1223000;Innovators and innovation: Travel through time!;TRUE;"$50,00";101;0;31;Beginner Level;6 hours;2017-05-25;Business Finance
131512;Inside Drum Technique;TRUE;"$50,00";406;10;25;All Levels;2 hours;2013-12-13;Musical Instruments
629044;Inspirational Web Development - A Beginner Approach -;TRUE;"$20,00";5.328;47;28;Beginner Level;3.5 hours;2016-01-24;Web Development
549094;Install a Wordpress Theme the Correct Way & Charge Others;TRUE;"$20,00";2.335;13;18;All Levels;1 hour;2015-09-20;Web Development
651990;Install Wordpress;TRUE;"$20,00";1.447;35;7;Beginner Level;40 mins;2015-11-06;Web Development
593128;Install WordPress on Computer using XAMPP;FALSE;Free;4.290;150;15;Beginner Level;37 mins;2015-08-26;Web Development
326244;"Installing Wordpress 4 - Installation, Registrars & Hosting";TRUE;"$45,00";6.117;188;28;Beginner Level;2.5 hours;2014-10-31;Web Development
708696;"Instant Bodhran - part one; learn the basics of drumming now";TRUE;"$30,00";920;31;9;Beginner Level;1 hour;2016-01-12;Musical Instruments
931152;"Instant Bodhran - part two; learning further drumming skills";TRUE;"$40,00";28;1;10;Beginner Level;1 hour;2016-08-18;Musical Instruments
1158690;"Instant Harmonica - Basic 12 Bar Blues course, easy and fun!";TRUE;"$40,00";124;8;14;Beginner Level;1 hour;2017-03-29;Musical Instruments
643970;Instant Harmonica - Christmas. Play Jingle Bells Part 1 now;TRUE;"$20,00";823;11;10;All Levels;42 mins;2015-12-11;Musical Instruments
655958;"Instant Harmonica - Christmas; play Jingle Bells part 2 now!";TRUE;"$20,00";58;1;10;All Levels;44 mins;2015-12-17;Musical Instruments
1036338;Instant harmonica - enjoy playing Silent Night tonight!;TRUE;"$40,00";16;3;12;All Levels;38 mins;2016-12-14;Musical Instruments
560662;Instant Harmonica - how to get single notes in 5 easy steps;TRUE;"$20,00";835;10;7;Beginner Level;38 mins;2015-07-22;Musical Instruments
1255114;Instant Harmonica - Learning the Basic 12 Bar Blues Bassline;TRUE;"$40,00";54;6;10;All Levels;1 hour;2017-06-16;Musical Instruments
1104500;Instant Harmonica - play 12 bar blues Big Walter style now!;TRUE;"$40,00";31;2;14;All Levels;1 hour;2017-05-19;Musical Instruments
861566;Instant harmonica - play Adele's wonderful 'Hello' today!;TRUE;"$20,00";284;3;12;All Levels;1 hour;2016-05-30;Musical Instruments
854696;Instant Harmonica - play Amazing Grace + Ode to Joy now!;TRUE;"$40,00";341;7;23;All Levels;1.5 hours;2016-06-17;Musical Instruments
567558;Instant Harmonica - play Amazing Grace with grace and ease!;TRUE;"$40,00";496;6;14;Beginner Level;1 hour;2015-08-01;Musical Instruments
1046768;Instant harmonica - play Auld Lang Syne the neet (tonight)!;TRUE;"$40,00";28;1;13;All Levels;1 hour;2016-12-22;Musical Instruments
933814;Instant Harmonica - play Blowing in the Wind + Popeye theme!;TRUE;"$40,00";13;1;24;All Levels;1.5 hours;2016-09-23;Musical Instruments
1102396;Instant Harmonica - play 'Can't Help Falling in Love' now!;TRUE;"$40,00";32;3;11;All Levels;1 hour;2017-02-07;Musical Instruments
789820;Instant Harmonica - play Christmas + Birthday songs now!;TRUE;"$40,00";236;0;18;All Levels;1.5 hours;2016-05-18;Musical Instruments
705890;Instant Harmonica - play Dylan's Blowing in the Wind today!;TRUE;"$20,00";81;5;14;All Levels;1 hour;2016-01-12;Musical Instruments
994050;Instant Harmonica - play Dylan's Like a Rolling Stone now!;TRUE;"$40,00";28;2;11;All Levels;1.5 hours;2016-10-27;Musical Instruments
1111562;Instant Harmonica - play 'I just called to say I love you';TRUE;"$40,00";15;0;11;All Levels;1 hour;2017-02-15;Musical Instruments
618334;Instant Harmonica - play jazzy Autumn Leaves now (part one);TRUE;"$20,00";25;1;10;Beginner Level;39 mins;2015-10-19;Musical Instruments
618370;Instant Harmonica - play jazzy Autumn Leaves now (part two);TRUE;"$20,00";19;1;9;Beginner Level;32 mins;2015-10-19;Musical Instruments
1013762;Instant Harmonica - play Leonard Cohen's Hallelujah now!;TRUE;"$40,00";100;15;14;All Levels;1.5 hours;2016-11-20;Musical Instruments
854692;Instant Harmonica - play Over the Rainbow + Skye Boat now!;TRUE;"$40,00";29;4;22;All Levels;1.5 hours;2016-07-18;Musical Instruments
563650;Instant Harmonica - play Scarborough Fair in 8 easy lectures;TRUE;"$40,00";543;4;12;Beginner Level;1 hour;2015-07-24;Musical Instruments
589248;Instant Harmonica - play Somewhere Over the Rainbow now!;TRUE;"$40,00";431;2;11;Beginner Level;1 hour;2016-01-04;Musical Instruments
854694;Instant Harmonica - play Star Wars + the Lion Sleeps now!;TRUE;"$40,00";33;3;20;All Levels;1.5 hours;2016-08-13;Musical Instruments
854690;Instant Harmonica - play Summertime + Drunken Sailor now!;TRUE;"$40,00";26;2;20;All Levels;1.5 hours;2016-07-24;Musical Instruments
586490;Instant Harmonica - play Summertime in 8 fun & easy lessons;TRUE;"$40,00";81;7;11;Beginner Level;1 hour;2015-08-19;Musical Instruments
963094;Instant Harmonica - play the cool tune Dirty Old Town now!;TRUE;"$40,00";42;8;17;All Levels;1.5 hours;2016-10-12;Musical Instruments
618396;Instant Harmonica - play the Drunken Sailor sea shanty now! ;TRUE;"$20,00";27;3;9;Beginner Level;37 mins;2015-10-18;Musical Instruments
636858;Instant Harmonica - play the gorgeous Skye Boat Song now!;TRUE;"$20,00";122;9;11;Beginner Level;38 mins;2015-10-18;Musical Instruments
561774;Instant Harmonica - play the great Irish tune Molly Malone!;TRUE;"$20,00";420;2;13;Beginner Level;1 hour;2015-07-23;Musical Instruments
729464;Instant Harmonica - play the groovy Beatles Yesterday today!;TRUE;"$40,00";295;7;14;All Levels;1 hour;2016-04-25;Musical Instruments
933818;Instant Harmonica - play the groovy Irish Washerwoman now!;TRUE;"$40,00";55;8;13;Beginner Level;1 hour;2017-01-24;Musical Instruments
769518;Instant Harmonica - play the groovy Valens La Bamba now!;TRUE;"$20,00";390;4;10;Beginner Level;44 mins;2016-02-22;Musical Instruments
1104492;Instant Harmonica - play the Irish anthem Danny Boy today!;TRUE;"$40,00";8;1;15;All Levels;1 hour;2017-03-21;Musical Instruments
701662;Instant Harmonica - play the Irish tune Whiskey in the Jar!;TRUE;"$20,00";41;1;13;All Levels;1 hour;2015-12-28;Musical Instruments
584468;Instant Harmonica - play The Kesh (part 2) - easy and fun!;TRUE;"$20,00";53;5;9;Beginner Level;35 mins;2015-08-17;Musical Instruments
583224;Instant Harmonica - play The Kesh (pt 1) it's easy and fun!;TRUE;"$40,00";58;5;11;All Levels;35 mins;2015-08-17;Musical Instruments
588264;Instant Harmonica - play The Lion Sleeps Tonight - today!;TRUE;"$20,00";62;1;11;Beginner Level;1 hour;2015-08-21;Musical Instruments
636846;Instant Harmonica - play the old Popeye Spinach song now !;TRUE;"$20,00";22;0;10;Beginner Level;36 mins;2015-10-19;Musical Instruments
1104494;Instant Harmonica - play this classic 8 bar blues tune!;TRUE;"$40,00";43;4;13;All Levels;1 hour;2017-04-23;Musical Instruments
1104496;Instant Harmonica - play this classic GAME OF THRONES theme!;TRUE;"$40,00";21;2;13;Beginner Level;1 hour;2017-05-30;Musical Instruments
564446;Instant Harmonica - play two Star Wars themes in 30 minutes ;TRUE;"$20,00";605;21;11;Beginner Level;42 mins;2015-07-28;Musical Instruments
582390;Instant Harmonica - play When the Saints on harmonica now!;TRUE;"$20,00";31;1;10;Beginner Level;1 hour;2015-08-14;Musical Instruments
933812;Instant Harmonica - play Whiskey in the Jar + Molly Malone!;TRUE;"$40,00";21;3;27;All Levels;2 hours;2016-09-20;Musical Instruments
933816;Instant Harmonica - play Yesterday + Scarborough Fair today!;TRUE;"$40,00";33;5;26;All Levels;2 hours;2016-08-26;Musical Instruments
559438;Instant Harmonica – play Beethoven’s Ode to Joy right now!;TRUE;"$20,00";455;3;11;Beginner Level;1 hour;2015-07-22;Musical Instruments
856490;Interaction Design Specialist For Web Developers;TRUE;"$95,00";8.594;37;18;All Levels;2 hours;2016-07-04;Web Development
1181900;Interactive Dynamic JavaScript for beginners DOM;TRUE;"$200,00";5.559;35;21;Beginner Level;2 hours;2017-04-18;Web Development
179500;Interest Rate Swaps;TRUE;"$50,00";485;24;20;All Levels;3.5 hours;2014-03-11;Business Finance
1164488;Interiores Sostenibles 101;TRUE;"$30,00";1;0;5;Beginner Level;1 hour;2017-04-15;Graphic Design
1051430;Intermediate Accounting 1: Easy. Fast. Simple!;TRUE;"$200,00";90;12;35;Intermediate Level;2.5 hours;2016-12-29;Business Finance
474928;Intermediate Options trading concepts for Stocks and Options;TRUE;"$40,00";2.000;30;9;All Levels;1 hour;2015-04-13;Business Finance
1078520;"Internal Controls - Design, Implementation and Monitoring";TRUE;"$195,00";62;6;27;Beginner Level;6.5 hours;2017-03-20;Business Finance
907716;International Tax  - Tax Beyond boundaries;TRUE;"$100,00";27;6;235;All Levels;19.5 hours;2016-09-06;Business Finance
113712;International Trade and New Geographic Economy;TRUE;"$20,00";12;1;6;All Levels;32 mins;2013-12-05;Business Finance
627772;Interpreting financial statements;FALSE;Free;2.119;111;54;All Levels;2 hours;2015-10-28;Business Finance
57415;Interpreting Financial Statements;TRUE;"$20,00";1.449;29;23;Beginner Level;1.5 hours;2013-06-06;Business Finance
561800;Intro to Adobe Illustrator;TRUE;"$20,00";189;13;55;Beginner Level;6 hours;2015-08-07;Graphic Design
920604;Intro to Financial Modeling;TRUE;"$105,00";1.077;110;55;Beginner Level;6 hours;2016-08-19;Business Finance
1232382;Intro to Financial Statement Audits;TRUE;"$50,00";1;0;9;Intermediate Level;1.5 hours;2017-06-29;Business Finance
802268;Intro to Git;TRUE;"$20,00";2.532;291;30;Beginner Level;1 hour;2016-06-28;Web Development
399640;Intro To HTML & CSS: Web Development For Beginners;TRUE;"$20,00";6.008;203;35;Beginner Level;4 hours;2015-01-24;Web Development
255604;Intro to Illustrator;TRUE;"$20,00";11;4;59;Beginner Level;7 hours;2014-07-20;Graphic Design
994666;Intro to Impact Investing;TRUE;"$200,00";44;4;12;Beginner Level;32 mins;2016-11-08;Business Finance
730414;"Intro to Investment Banking, M&A, IPO, Modeling + Free Book";TRUE;"$60,00";1.922;149;15;All Levels;20 hours;2016-01-21;Business Finance
669174;Intro to Photoshop for Merch by Amazon;TRUE;"$25,00";331;24;9;Beginner Level;1 hour;2015-11-16;Graphic Design
82412;Intro to PHP Web Application Development with Symfony;TRUE;"$200,00";4.040;72;20;Beginner Level;1.5 hours;2013-09-06;Web Development
1113702;"Intro. to Asset-Backed Securities, CFA Level I,  2017 Prep";TRUE;"$20,00";1;0;13;All Levels;3 hours;2017-03-27;Business Finance
396888;Introducción a la Contabilidad;TRUE;"$30,00";1.235;31;15;Beginner Level;2.5 hours;2015-01-23;Business Finance
307080;Introducción a la contabilidad;TRUE;"$20,00";193;19;14;Beginner Level;1 hour;2014-12-17;Business Finance
396890;Introducción a las Finanzas;TRUE;"$30,00";1.798;40;15;Beginner Level;1.5 hours;2015-01-27;Business Finance
185500;Introducción al retrato realista con Photoshop;TRUE;"$20,00";3;0;7;Beginner Level;1 hour;2014-04-15;Graphic Design
400464;Introducción al trading de opciones;TRUE;"$100,00";1.573;122;43;Beginner Level;5.5 hours;2015-02-17;Business Finance
755932;Introducing Ionic 2;TRUE;"$50,00";394;78;22;Beginner Level;1.5 hours;2016-02-08;Web Development
1031696;Introduction to Accounting - Analyzing Financial Statements;TRUE;"$60,00";37;15;12;Intermediate Level;1 hour;2016-12-13;Business Finance
1020760;Introduction to Accounting : Mastering Financial Statements;TRUE;"$50,00";1.916;38;23;Beginner Level;1 hour;2016-12-05;Business Finance
302562;Introduction to Accounting: The Language of Business;TRUE;"$20,00";11.958;370;134;Beginner Level;11.5 hours;2014-10-02;Business Finance
1162656;Introduction to Bitcoin for Beginners;TRUE;"$20,00";2;1;7;Beginner Level;34 mins;2017-04-28;Business Finance
155344;Introduction to Bookkeeping (Accounting);TRUE;"$20,00";3.251;10;59;Beginner Level;12 hours;2014-01-31;Business Finance
576946;Introduction to bookkeeping and Accounting;TRUE;"$35,00";2.623;158;20;Beginner Level;1 hour;2015-08-21;Business Finance
98140;Introduction to Bootstrap 3;TRUE;"$20,00";5.795;79;29;Beginner Level;2.5 hours;2013-09-27;Web Development
543090;Introduction to Coding with Ruby;TRUE;"$45,00";5.077;126;66;Beginner Level;3.5 hours;2015-07-22;Web Development
1016996;Introduction to Corporate Finance (Mergers & Acquisitions);FALSE;Free;2.080;83;30;Beginner Level;1.5 hours;2017-02-28;Business Finance
1188742;Introduction to Cryptocurrencies and Blockchain;FALSE;Free;3.775;138;11;Beginner Level;2 hours;2017-05-01;Business Finance
212374;Introduction to CSS Development;FALSE;Free;15.493;415;25;Beginner Level;2 hours;2014-08-18;Web Development
902748;Introduction To Data Analytics Using Microsoft Power BI;TRUE;"$45,00";1.764;33;16;All Levels;1.5 hours;2016-07-13;Web Development
248338;Introduction to Day Trading;TRUE;"$50,00";79;5;36;Beginner Level;1 hour;2014-09-05;Business Finance
189996;Introduction to Digital Payments ;FALSE;Free;12.217;351;17;Beginner Level;1 hour;2014-04-29;Business Finance
1170690;Introduction to Elm;FALSE;Free;1.519;28;20;Intermediate Level;1 hour;2017-05-15;Web Development
528488;Introduction to Equity Markets;FALSE;Free;4.770;64;31;Beginner Level;6.5 hours;2015-07-30;Business Finance
888716;"Introduction to Finance, Accounting, Modeling and Valuation";TRUE;"$200,00";11.441;1.118;61;All Levels;4.5 hours;2016-06-28;Business Finance
385604;Introduction to Financial Consolidation under IFRS;TRUE;"$25,00";21;3;8;All Levels;1.5 hours;2016-12-05;Business Finance
151668;Introduction to Financial Modeling;FALSE;Free;29.167;1.463;8;Intermediate Level;1.5 hours;2014-05-27;Business Finance
771276;Introduction to Financial Statement Analysis;TRUE;"$20,00";1.480;25;25;Beginner Level;1.5 hours;2016-03-21;Business Finance
560218;Introduction to Financial Statements;TRUE;"$40,00";112;1;14;Beginner Level;1.5 hours;2015-08-16;Business Finance
1157298;Introduction to Forex Trading Business For Beginners;TRUE;"$20,00";0;0;27;Beginner Level;1.5 hours;2017-04-23;Business Finance
1157298;Introduction to Forex Trading Business For Beginners;TRUE;"$20,00";0;0;27;Beginner Level;1.5 hours;2017-04-23;Business Finance
673196;Introduction to Frontend Web Development For  Beginners;TRUE;"$145,00";1.018;28;48;Beginner Level;4.5 hours;2016-08-02;Web Development
179820;Introduction to Futures & Options;TRUE;"$50,00";694;35;27;All Levels;4.5 hours;2014-03-11;Business Finance
1224262;Introduction to Futures Trading and Live Trade Demonstration;TRUE;"$60,00";54;4;6;Expert Level;43 mins;2017-05-24;Business Finance
808808;Introduction to GIMP 2.8: Tutorials for Beginners;TRUE;"$20,00";282;8;28;Beginner Level;3 hours;2016-04-01;Graphic Design
151027;"Introduction to Guitar 'A Course for Beginners"",https://www.udemy.com/introduction-to-guitar/,true,25,163,11,56,Beginner Level,2.5 hours,2014-10-30T15:59:39Z
650804,Guitar  Master Class Learning How to Play Guitar from A to Z""";TRUE;"$40,00";489;5;35;All Levels;4 hours;2015-10-26;Musical Instruments
1132694;Introduction to Gypsy Jazz Guitar;TRUE;"$95,00";452;10;18;All Levels;2.5 hours;2017-05-14;Musical Instruments
740764;Introduction to Health Financing;TRUE;"$85,00";26;1;17;Beginner Level;2 hours;2016-05-17;Business Finance
212624;Introduction to HTML;FALSE;Free;8.371;212;18;Beginner Level;1.5 hours;2014-08-30;Web Development
803074;introduction to HTML Course;TRUE;"$20,00";3.258;32;16;Beginner Level;2 hours;2016-05-16;Web Development
782192;Introduction to HTML5 Canvas basics of drawing;TRUE;"$200,00";2.918;16;17;Beginner Level;1 hour;2016-03-14;Web Development
12975;Introduction to Java Programming for Online Learners;TRUE;"$200,00";1.586;87;124;Beginner Level;22 hours;2013-04-17;Web Development
295843;Introduction to Laravel 4;FALSE;Free;9.110;411;22;All Levels;2.5 hours;2014-09-12;Web Development
103662;Introduction to Lead Guitar;TRUE;"$20,00";245;8;34;Intermediate Level;1.5 hours;2013-11-26;Musical Instruments
565384;Introduction to Modern Programming with PHP;TRUE;"$20,00";954;183;123;Beginner Level;16 hours;2015-08-27;Web Development
212394;Introduction to Node.js Development;TRUE;"$55,00";1.779;48;16;Expert Level;1 hour;2014-08-28;Web Development
1189280;Introduction to Node.js for Beginners;TRUE;"$125,00";1.367;17;58;Beginner Level;6 hours;2017-04-24;Web Development
552504;Introduction to Options - Strategies For Consistent Profits;TRUE;"$40,00";617;44;55;All Levels;4.5 hours;2015-08-16;Business Finance
817074;Introduction to Photoshop CC: Tutorials for Beginners;TRUE;"$20,00";262;0;12;Beginner Level;1 hour;2016-04-10;Graphic Design
576108;Introduction to PHP Slim Microframework;TRUE;"$20,00";1.312;19;11;Intermediate Level;1 hour;2015-08-07;Web Development
583752;Introduction to Piano - By PGN Piano!;FALSE;Free;14.922;772;8;Beginner Level;40 mins;2015-08-16;Musical Instruments
1247992;Introduction to Project Management for Finance and Acct'g;TRUE;"$50,00";0;0;9;Beginner Level;2 hours;2017-07-03;Business Finance
1038538;Introduction to QGIS Python Programming;TRUE;"$85,00";197;26;28;Beginner Level;3.5 hours;2016-12-22;Web Development
35131;Introduction to Small Business Accounting Training Tutorial;TRUE;"$25,00";168;9;75;Beginner Level;3.5 hours;2013-01-09;Business Finance
282044;Introduction to the 8 Pillars for Accountants;TRUE;"$20,00";18;0;33;Beginner Level;37 mins;2014-08-16;Business Finance
73068;Introduction to the CFA Program;FALSE;Free;4.248;66;6;Beginner Level;1 hour;2013-08-12;Business Finance
980408;Introduction to the economics of public services regulation;TRUE;"$80,00";98;35;69;Intermediate Level;8 hours;2017-01-03;Business Finance
607800;Introduction To The World Of Equity Finance;TRUE;"$20,00";29;9;32;All Levels;2 hours;2015-12-08;Business Finance
332690;Introduction to Trade Theory (Technical Analysis) For Stocks;TRUE;"$20,00";45;4;6;Beginner Level;1 hour;2014-11-24;Business Finance
650836;Introduction to Ukulele 1;TRUE;"$20,00";630;25;27;Beginner Level;1 hour;2015-12-01;Musical Instruments
1034074;Introduction to Value Growth Investing;FALSE;Free;2.768;83;10;All Levels;1 hour;2016-12-20;Business Finance
730542;Introduction to Voice Design with Amazon's Alexa;FALSE;Free;6.742;1.036;6;Beginner Level;41 mins;2016-01-18;Web Development
99986;Introduction to Web Development;TRUE;"$20,00";18.143;159;15;Beginner Level;2 hours;2013-10-04;Web Development
178640;Introduction to Web Development;TRUE;"$50,00";5.921;35;42;Beginner Level;4.5 hours;2014-03-11;Web Development
159070;Introduction to Web Development: HTML;TRUE;"$20,00";26.800;333;55;Beginner Level;3 hours;2014-02-13;Web Development
1004008;Introduction to web programming for GIS applications;TRUE;"$100,00";205;38;97;Beginner Level;13.5 hours;2017-03-13;Web Development
24877;Introductory Financial Accounting;TRUE;"$80,00";1.793;265;54;Beginner Level;10 hours;2012-10-03;Business Finance
805336;Introductory Forex Trading Course;FALSE;Free;5.931;158;15;Beginner Level;3.5 hours;2016-05-04;Business Finance
316704;Introductory JavaScript Made Easy Training Tutorial;TRUE;"$20,00";9.381;138;131;Beginner Level;11 hours;2014-10-15;Web Development
942366;Introductory To HTML and CSS;TRUE;"$50,00";4.106;112;15;Beginner Level;1 hour;2016-08-27;Web Development
634932;Inversión: Fundamentos del Trading para Principiantes;TRUE;"$125,00";285;6;18;Beginner Level;1.5 hours;2015-10-26;Business Finance
674354;Invest Like a Pro!;TRUE;"$200,00";1.173;22;15;Beginner Level;2.5 hours;2015-12-29;Business Finance
427040;Investiere in Tax Liens-Hohe Zinsen gesetzl. festgeschrieben;TRUE;"$20,00";59;11;7;All Levels;1.5 hours;2015-02-25;Business Finance
1132162;Investimento em Ações;TRUE;"$20,00";16;4;27;Beginner Level;4.5 hours;2017-03-27;Business Finance
985104;Investimento em Ações para Leigos;TRUE;"$20,00";201;46;19;Beginner Level;2.5 hours;2016-11-11;Business Finance
353044;Investing 101: The Complete Online Investing Course;TRUE;"$200,00";5.334;373;42;All Levels;4.5 hours;2014-11-28;Business Finance
739964;Investing And Trading For Beginners: Mastering Price Charts;TRUE;"$65,00";1.540;178;26;Beginner Level;1 hour;2016-02-21;Business Finance
855816;Investing in Stocks & Shares;TRUE;"$20,00";2;0;24;Beginner Level;2 hours;2016-05-23;Business Finance
979616;"Investing In Stocks For Big Gains, Fundamental Investing";TRUE;"$200,00";267;11;21;All Levels;2 hours;2016-10-22;Business Finance
480752;Investing In Stocks With 10 Simple Rules;TRUE;"$95,00";871;79;59;All Levels;2 hours;2015-06-16;Business Finance
1023670;Investing in stocks: Avoid stock market loss;TRUE;"$125,00";1.136;12;13;Beginner Level;1 hour;2016-11-29;Business Finance
884658;Investing in Stocks? Master The Art of Covered Calls Selling;TRUE;"$80,00";1.095;17;35;All Levels;3 hours;2016-07-28;Business Finance
663022;"Investing Internationally into Real Estate, Stocks and Bonds";TRUE;"$200,00";1.101;14;37;All Levels;2 hours;2016-01-27;Business Finance
319020;Investing: How I Consistently Beat The Stock Market;TRUE;"$200,00";2.000;31;34;All Levels;4.5 hours;2014-12-11;Business Finance
572992;Investing: How to Fix Hidden Flaws Inside Your Portfolio;TRUE;"$195,00";58;8;14;All Levels;1 hour;2015-12-03;Business Finance
382824;Investment Banking Operations : Securities Trade Life Cycle;TRUE;"$30,00";267;9;10;All Levels;2 hours;2015-01-02;Business Finance
511952;Investment Banking: How to Land a Job on Wall Street;TRUE;"$75,00";1.218;30;63;All Levels;3.5 hours;2015-06-11;Business Finance
851106;Investment Crowdfunding 101 (a.k.a Equity Crowdfunding);FALSE;Free;4.607;181;11;Beginner Level;32 mins;2016-05-17;Business Finance
665866;Investment Portfolio Analysis with Excel;TRUE;"$50,00";154;7;39;All Levels;9 hours;2015-11-12;Business Finance
902888;Investment Portfolio Analysis with Python;TRUE;"$50,00";209;13;37;All Levels;7 hours;2016-07-13;Business Finance
885443;Investment Portfolio Analysis with R;TRUE;"$50,00";314;38;37;All Levels;6.5 hours;2016-06-27;Business Finance
255046;Investments and Financial Markets;TRUE;"$40,00";71;3;19;Beginner Level;1.5 hours;2014-07-22;Business Finance
571730;Invierte en la Bolsa Mexicana y de USA;TRUE;"$200,00";1.673;547;40;Beginner Level;5.5 hours;2015-08-10;Business Finance
1101806;??(Canva)? SNS ??? ???;TRUE;"$30,00";44;13;19;Beginner Level;2 hours;2017-02-06;Graphic Design
20150;iPhone icons gone awesome;TRUE;"$20,00";2.346;18;55;All Levels;3.5 hours;2012-06-26;Graphic Design
64078;iPhone icons in iOS7 - learn flat design;TRUE;"$20,00";165;4;41;All Levels;3 hours;2013-08-21;Graphic Design
1131122;IPO Fundamentals;TRUE;"$20,00";1.122;13;6;Beginner Level;1 hour;2017-03-02;Business Finance
344224;Java Spring Security;TRUE;"$40,00";527;63;11;Intermediate Level;2.5 hours;2014-11-15;Web Development
1053406;Java Web Services Part 2;TRUE;"$20,00";959;51;74;Intermediate Level;3 hours;2017-01-12;Web Development
1128560;JavaScript - Become Higly Paid Front End Developer;TRUE;"$105,00";710;137;49;Beginner Level;3.5 hours;2017-04-17;Web Development
1025026;Javascript - From Beginner to Pro-Build real world JS apps;TRUE;"$195,00";28.694;688;77;Beginner Level;11.5 hours;2016-12-11;Web Development
822670;JavaScript - Tricks and Workarounds;TRUE;"$100,00";1.410;134;67;All Levels;5 hours;2016-04-15;Web Development
958982;JavaScript : JavaScript Awesomeness;TRUE;"$25,00";785;20;25;Beginner Level;1 hour;2016-09-15;Web Development
944156;Javascript :basics for beginners;TRUE;"$30,00";1.057;22;12;Beginner Level;37 mins;2016-08-29;Web Development
1199774;JavaScript 2017: Become Top Rated Web Developer;TRUE;"$115,00";1.346;330;32;All Levels;3 hours;2017-05-03;Web Development
616818;JavaScript and jQuery Basics: Start The Journey;TRUE;"$25,00";1.316;22;45;All Levels;5 hours;2015-09-21;Web Development
760752;JavaScript Basics for Beginners Introduction to coding;TRUE;"$150,00";5.495;52;18;Beginner Level;1.5 hours;2016-02-17;Web Development
900794;JavaScript Basics For Web Developers;TRUE;"$20,00";958;14;17;Beginner Level;1 hour;2016-07-11;Web Development
582392;JavaScript Basics Web Development Building Blocks;TRUE;"$95,00";10.179;68;17;Beginner Level;1.5 hours;2015-08-14;Web Development
650328;JavaScript Complete for beginners with real world Apps;TRUE;"$120,00";2.652;33;40;All Levels;3.5 hours;2016-02-02;Web Development
846156;JavaScript Complete Guide to learning JavaScript;TRUE;"$200,00";1.296;22;72;Beginner Level;5.5 hours;2016-05-17;Web Development
661802;JavaScript Design Patterns: 20 Patterns for Expert Code;TRUE;"$95,00";2.789;243;26;Expert Level;3.5 hours;2015-11-12;Web Development
560990;JavaScript DOM Dynamic Web interactive content Boot Camp;TRUE;"$75,00";7.380;43;59;All Levels;2.5 hours;2015-07-30;Web Development
1124970;Javascript ES6! A Complete Reference Guide to Javascript ES6;TRUE;"$175,00";4.783;41;48;Intermediate Level;7 hours;2017-04-20;Web Development
707962;Javascript Essentials;FALSE;Free;47.062;5.590;41;Beginner Level;8.5 hours;2016-01-20;Web Development
149042;JavaScript for Absolute Beginners;TRUE;"$20,00";10.689;394;17;Beginner Level;2 hours;2014-01-21;Web Development
959200;JavaScript For Absolute Beginners - Level One;TRUE;"$65,00";713;80;8;All Levels;1.5 hours;2016-09-19;Web Development
963378;JavaScript For Absolute Beginners - Level Two;TRUE;"$30,00";424;85;9;Intermediate Level;1 hour;2016-09-20;Web Development
8324;Javascript for Beginners;TRUE;"$20,00";3.697;195;48;All Levels;3 hours;2011-07-09;Web Development
624578;Javascript for beginners;TRUE;"$75,00";2.071;57;14;Beginner Level;1.5 hours;2015-10-01;Web Development
495678;JavaScript for beginners - A Complete Guide;TRUE;"$100,00";1.193;87;58;All Levels;10.5 hours;2015-06-16;Web Development
1052304;JavaScript For Beginners : Learn JavaScript From Scratch;TRUE;"$195,00";11.285;102;77;All Levels;5.5 hours;2017-02-07;Web Development
1021834;JavaScript for beginners in 1 hour;TRUE;"$95,00";2.086;56;22;Beginner Level;1 hour;2016-12-12;Web Development
405818;Javascript for Beginners Learn by Doing Practical Exercises;TRUE;"$100,00";5.089;685;29;All Levels;3.5 hours;2015-01-31;Web Development
729552;JavaScript for Beginners Welcome to learning JavaScript;TRUE;"$50,00";10.864;63;26;Beginner Level;2 hours;2016-02-01;Web Development
495484;JavaScript for beginners with live examples;TRUE;"$195,00";4.587;46;49;Beginner Level;4 hours;2015-09-29;Web Development
147908;JavaScript for Beginning Web Developers;TRUE;"$75,00";7.785;416;33;Beginner Level;4.5 hours;2014-01-16;Web Development
1038786;JavaScript from Beginner to Advanced;TRUE;"$195,00";395;18;57;All Levels;17 hours;2016-12-20;Web Development
959586;Javascript from Beginner to Advanced Level;TRUE;"$195,00";6.134;160;50;Beginner Level;6.5 hours;2016-12-19;Web Development
426196;JavaScript from Beginner to Expert;TRUE;"$125,00";5.484;439;92;All Levels;12.5 hours;2015-05-18;Web Development
368908;JavaScript from Scratch for Very Beginners;TRUE;"$30,00";1.272;31;29;Beginner Level;5 hours;2014-12-22;Web Development
548068;JavaScript Fundamentals;FALSE;Free;4.409;71;100;All Levels;5 hours;2016-12-20;Web Development
763774;JavaScript Game Development: Create Your Own Breakout Game;FALSE;Free;10.179;314;21;All Levels;1.5 hours;2016-09-26;Web Development
525818;JavaScript High Performance;TRUE;"$95,00";458;28;40;All Levels;4.5 hours;2015-06-12;Web Development
584786;JavaScript HTML CSS Project make a Quiz Tutorial;TRUE;"$95,00";7.130;39;24;All Levels;2 hours;2015-08-18;Web Development
803378;JavaScript in Action JavaScript Projects;TRUE;"$150,00";7.720;58;17;Beginner Level;1.5 hours;2016-03-29;Web Development
945336;Javascript Intermediate level 1 - Mastering the DOM;TRUE;"$100,00";1.838;169;31;All Levels;3 hours;2016-08-30;Web Development
945320;Javascript Intermediate level 2 - Mastering Functions;TRUE;"$100,00";2.412;116;28;All Levels;2.5 hours;2016-08-30;Web Development
937134;Javascript Intermediate level 3 - JSON;TRUE;"$100,00";1.735;76;25;All Levels;2.5 hours;2016-08-30;Web Development
516062;JavaScript Intro to learning JavaScript web programming;TRUE;"$20,00";17.554;94;16;Beginner Level;1.5 hours;2015-06-01;Web Development
607056;JavaScript Introduction to Object Oriented JavaScript;TRUE;"$90,00";7.789;59;23;Beginner Level;1.5 hours;2015-10-01;Web Development
846578;JavaScript manipulation of the DOM Document Object Model;TRUE;"$20,00";1.618;46;20;Beginner Level;1.5 hours;2016-05-13;Web Development
791414;JavaScript programming: JavaScript for beginners;TRUE;"$55,00";2.215;223;74;Beginner Level;5 hours;2016-04-13;Web Development
628430;JavaScript project Learn to create a memory Game and more;TRUE;"$95,00";6.000;21;25;Beginner Level;1.5 hours;2015-10-02;Web Development
661780;JavaScript Promises: Applications in ES6 and AngularJS;TRUE;"$75,00";651;52;20;Beginner Level;2.5 hours;2015-11-06;Web Development
648118;JavaScript Rockstar How to create Incredible Useful code;TRUE;"$75,00";16.590;51;27;All Levels;2.5 hours;2015-10-29;Web Development
1112604;Javascript Specialist;TRUE;"$200,00";408;39;80;Beginner Level;8 hours;2017-02-23;Web Development
563248;JavaScript Step by Step how to apply it to your web pages;TRUE;"$100,00";13.406;78;44;All Levels;1.5 hours;2015-07-26;Web Development
860812;JavaScript the Basics - JavaScript for Beginners;TRUE;"$120,00";4.028;674;93;Beginner Level;9 hours;2016-06-09;Web Development
654680;JavaScript Tricks how to create code projects from scratch;TRUE;"$75,00";15.106;31;16;All Levels;1.5 hours;2015-10-29;Web Development
986442;JavaScript Tutorial;TRUE;"$180,00";613;93;37;All Levels;4.5 hours;2016-10-17;Web Development
1124244;JavaScript Tutorial: Learn JavaScript Code for Beginners;TRUE;"$20,00";2.074;14;22;Beginner Level;1.5 hours;2017-03-08;Web Development
17887;JavaScript with BackboneJS and Bootstrap CSS - Advanced;TRUE;"$25,00";1.758;37;16;Intermediate Level;3.5 hours;2012-05-21;Web Development
746790;"JavaScript, jQuery and Ajax";TRUE;"$20,00";1.554;30;60;All Levels;4 hours;2016-02-02;Web Development
364426;JavaScript: Understanding the Weird Parts;TRUE;"$175,00";79.612;16.976;85;All Levels;11.5 hours;2015-03-12;Web Development
200722;Jazz Guitar Reharmonization for Autumn Leaves;TRUE;"$20,00";30;1;15;All Levels;37 mins;2014-07-03;Musical Instruments
1191750;"Jazz Guitar Tips, Tricks and Licks";FALSE;Free;9.351;331;21;Intermediate Level;2 hours;2017-05-01;Musical Instruments
320238;Jazz piano improvisation: The girl form Ipanema. Bossa nova;TRUE;"$30,00";151;1;5;All Levels;33 mins;2014-10-16;Musical Instruments
704582;"Jekyll: make fast, secure static sites and blogs with Jekyll";TRUE;"$45,00";2.091;86;29;Beginner Level;2.5 hours;2016-02-18;Web Development
1146288;Jews Harp - Advanced course;TRUE;"$30,00";26;1;52;Expert Level;3.5 hours;2017-03-30;Musical Instruments
162274;Joomla 3 - The Basics;FALSE;Free;19.909;411;17;Beginner Level;3 hours;2014-02-12;Web Development
311638;Joomla 3 : Develop a Professional Website in 3 Simple Steps!;TRUE;"$35,00";1.309;74;43;All Levels;5 hours;2015-03-13;Web Development
1056848;Joomla for Beginners - Learn how to build a website with CMS;TRUE;"$95,00";583;7;35;Beginner Level;3.5 hours;2017-01-23;Web Development
297390;Joomla: Create a Joomla Website This Weekend With NO CODING!;FALSE;Free;18.496;386;30;Beginner Level;2 hours;2014-10-06;Web Development
955818;Jquery :basics for beginners;TRUE;"$50,00";1.274;34;15;All Levels;40 mins;2016-09-12;Web Development
1249968;JQuery Basics - Learn JQuery From Scratch;TRUE;"$100,00";3.559;24;18;Beginner Level;1 hour;2017-06-18;Web Development
379722;jQuery Crash Course: Learn the Essentials of jQuery Fast;TRUE;"$50,00";11.262;142;18;All Levels;2 hours;2015-01-07;Web Development
688092;JQuery Create Overlay Popups from scratch using Jquery;TRUE;"$50,00";4.407;17;29;All Levels;2.5 hours;2015-12-04;Web Development
833182;JQuery DOM and Ajax Concept Explained for Beginners;TRUE;"$35,00";1.812;112;7;All Levels;37 mins;2016-04-27;Web Development
669270;JQuery Essentials core training for Dynamic Interactive web;TRUE;"$100,00";9.668;38;52;All Levels;4 hours;2015-11-20;Web Development
933260;jQuery Essentials: Learn the Fundamental of jQuery;TRUE;"$20,00";1.004;43;40;All Levels;3.5 hours;2016-08-19;Web Development
710486;jQuery for Absolute Beginners - Lite;TRUE;"$20,00";1.769;49;7;All Levels;35 mins;2015-12-30;Web Development
598516;jQuery for Beginners;TRUE;"$20,00";1.421;17;36;All Levels;4 hours;2015-11-10;Web Development
452684;jQuery for Beginners - Create Website Animations Easily;TRUE;"$100,00";2.971;285;28;All Levels;3 hours;2015-03-24;Web Development
651780;jQuery For Beginners : A Basic Introduction;TRUE;"$65,00";6.293;165;8;Beginner Level;1 hour;2015-11-03;Web Development
566248;jQuery Fundamentals Powerful Bootcamp for beginners;TRUE;"$150,00";13.882;63;47;All Levels;3 hours;2015-08-04;Web Development
555122;jQuery in Action: Build 8 jQuery Projects;TRUE;"$100,00";1.385;89;97;All Levels;11 hours;2015-09-12;Web Development
865438;jQuery UI in Action: Build 5 jQuery UI Projects;TRUE;"$150,00";382;28;140;All Levels;15.5 hours;2016-10-10;Web Development
56259;jQuery UI In Depth;TRUE;"$25,00";1.520;21;52;All Levels;10.5 hours;2013-07-28;Web Development
835346;jQuery UI Ultimate:Design Amazing Interfaces Using jQuery UI;TRUE;"$145,00";422;86;69;All Levels;12.5 hours;2016-06-08;Web Development
954036;JSON :basics for beginners;TRUE;"$45,00";2.052;18;8;All Levels;33 mins;2016-09-09;Web Development
1075808;JSON Crash Course for Beginners;TRUE;"$45,00";3.323;90;7;Beginner Level;38 mins;2017-01-17;Web Development
570416;JSON Faster Sleeker & Easier Discover the benefits learn it;TRUE;"$200,00";8.577;69;31;All Levels;1.5 hours;2015-08-12;Web Development
688874;JSON For Beginners: A Very Basic Introduction;TRUE;"$65,00";1.703;27;8;Beginner Level;1 hour;2016-01-18;Web Development
661774;JSON in Action: Build JSON-Based Applications;TRUE;"$50,00";1.322;171;37;All Levels;3.5 hours;2016-03-11;Web Development
832478;"JSON with Java APIs, jQuery and JSON REST Web Services";TRUE;"$95,00";799;87;41;Beginner Level;6 hours;2016-05-30;Web Development
51752;Just chords Piano: Learn to Play Piano Quickly - No Music;TRUE;"$85,00";2.357;15;53;Beginner Level;5 hours;2013-05-02;Musical Instruments
525034;Kali Linux Web App Testing;TRUE;"$75,00";876;48;29;All Levels;3 hours;2015-06-11;Web Development
201472;Keyboard Basics;TRUE;"$25,00";17;1;7;All Levels;2 hours;2014-04-22;Musical Instruments
521072;Keyboard Instruments - Read Sheet Music for Piano Fast!;TRUE;"$50,00";2.788;52;41;Beginner Level;1.5 hours;2015-07-01;Musical Instruments
1215926;Kickstarter success in 5 easy steps;TRUE;"$20,00";0;0;12;All Levels;31 mins;2017-05-16;Business Finance
65492;Kids Coding - Beginner HTML;TRUE;"$20,00";6.628;53;19;Beginner Level;1 hour;2013-07-19;Web Development
65493;Kids Coding - Beginners CSS;TRUE;"$100,00";7.130;30;17;All Levels;1 hour;2013-07-25;Web Development
30261;"Kids Coding -Introduction to HTML, CSS and JavaScript";TRUE;"$200,00";2.355;143;215;Beginner Level;7 hours;2012-11-26;Web Development
139794;Killer Harmonica sounds using the tongue and bending notes ;TRUE;"$35,00";80;2;16;Intermediate Level;2 hours;2014-03-17;Musical Instruments
636548;Kindle eBook Cover Design and Book Illustration Guide;TRUE;"$120,00";715;16;20;All Levels;1 hour;2015-11-06;Graphic Design
749468;Kostenrechnung lernen leicht gemacht;TRUE;"$40,00";612;46;72;Beginner Level;3 hours;2016-06-06;Business Finance
43291;La costruzione del budget di una proposta comunitaria;TRUE;"$50,00";10;1;5;Intermediate Level;1 hour;2015-01-30;Business Finance
1036170;Laravel : CRUD Application Using AJAX In Laravel 5.3;TRUE;"$20,00";362;19;8;Intermediate Level;1 hour;2017-01-09;Web Development
313484;Laravel 4 try and enjoy php coding;TRUE;"$20,00";2.402;26;23;Beginner Level;2 hours;2014-10-20;Web Development
595818;Laravel Account Activation Project;TRUE;"$50,00";1.147;19;19;All Levels;2.5 hours;2016-12-07;Web Development
1106646;Laravel Blog Development Starter;FALSE;Free;4.499;138;20;All Levels;2 hours;2017-02-14;Web Development
988982;Laravel Deployment - Launch your Laravel Application Online;FALSE;Free;4.905;101;13;Intermediate Level;1 hour;2016-10-22;Web Development
678150;Laravel Homestead;FALSE;Free;3.883;110;9;Beginner Level;1 hour;2016-12-07;Web Development
615084;Laravel(5.2) PHP Framework  Jump Start for beginners;TRUE;"$20,00";3.898;95;32;Beginner Level;3 hours;2015-12-29;Web Development
1064104;"Laravel, the complete guide with real world projects";TRUE;"$200,00";676;119;125;All Levels;14 hours;2017-02-03;Web Development
1146166;LaTeX A-Z: from beginner to advance in less than 3 hour;TRUE;"$95,00";623;14;30;Beginner Level;3 hours;2017-03-27;Graphic Design
79120;LaTeX for Professional Publications;TRUE;"$25,00";867;203;22;Beginner Level;3 hours;2013-09-24;Graphic Design
439210;Law Matters;TRUE;"$20,00";327;1;12;Beginner Level;27 mins;2015-03-27;Business Finance
1138162;Le basi del Trading;TRUE;"$200,00";22;5;18;All Levels;3.5 hours;2017-03-11;Business Finance
1196700;Le basi del trading online;TRUE;"$45,00";7;1;27;Beginner Level;3.5 hours;2017-05-31;Business Finance
1124276;Le bitcoin et la blockchain;TRUE;"$80,00";13;3;12;All Levels;44 mins;2017-03-13;Business Finance
1079040;Leaps Options Trading System - Diagonal Leaps Options Spread;TRUE;"$200,00";993;19;16;All Levels;1 hour;2017-01-19;Business Finance
410974;Learn  After Effects and master 3d layers in after effects;TRUE;"$20,00";987;2;29;All Levels;1.5 hours;2015-02-23;Graphic Design
427530;Learn  Bootstrap Development By Building 10 Projects;TRUE;"$60,00";14.813;1.358;74;All Levels;13.5 hours;2015-02-23;Web Development
1102436;Learn 10 Scottish Tunes Piano Easy Level;TRUE;"$45,00";103;1;46;Beginner Level;3.5 hours;2017-02-20;Musical Instruments
711210;Learn 2D Cell Shading in Photoshop;TRUE;"$20,00";238;25;8;Intermediate Level;1.5 hours;2016-03-14;Graphic Design
939668;Learn 3 - All Time A R Rahman Hits on Carnatic Flute!;TRUE;"$70,00";98;18;31;Intermediate Level;2.5 hours;2016-12-13;Musical Instruments
566678;Learn 4 Chords and Play Thousands of Songs!;TRUE;"$20,00";4.560;177;22;Beginner Level;1.5 hours;2015-08-17;Musical Instruments
578750;Learn 4 Vital things that will make your DRUM PLAYING EASIER;TRUE;"$35,00";510;1;8;All Levels;37 mins;2015-08-13;Musical Instruments
466774;Learn About Bitcoin and Bitcoin Mining;TRUE;"$20,00";520;10;9;Beginner Level;32 mins;2015-05-01;Business Finance
219306;Learn about it;TRUE;"$20,00";1.193;24;27;All Levels;1.5 hours;2014-06-05;Business Finance
761808;Learn About Trading Options from a real wallstreet trader;TRUE;"$20,00";1.046;17;12;All Levels;1 hour;2016-02-21;Business Finance
355798;Learn Accounting by Specific Examples - Part 1;TRUE;"$50,00";306;0;5;All Levels;38 mins;2014-11-28;Business Finance
153210;Learn Accounting. Understand Business.;TRUE;"$200,00";5.572;123;33;Beginner Level;5.5 hours;2014-03-27;Business Finance
1045886;Learn Acoustic Guitar for Worship;TRUE;"$40,00";86;18;26;Beginner Level;2 hours;2017-01-23;Musical Instruments
1228708;Learn Adobe Illustrator and Premiere Pro in 1 hour;TRUE;"$20,00";1;0;19;All Levels;1 hour;2017-06-02;Graphic Design
1035402;Learn Adobe Illustrator CC - All Essentials In 1 Hour!;TRUE;"$55,00";324;7;14;Beginner Level;1 hour;2017-03-01;Graphic Design
1216132;Learn Adobe Illustrator: Semi-Automatic Mandalas Drawing;TRUE;"$200,00";1.076;15;15;All Levels;1 hour;2017-05-22;Graphic Design
843620;Learn Adobe InDesign from Scratch;TRUE;"$40,00";6;2;46;Beginner Level;4.5 hours;2016-06-20;Graphic Design
1153710;Learn Adobe Photoshop from scratch to professional;TRUE;"$20,00";1.276;3;19;Beginner Level;3.5 hours;2017-04-05;Graphic Design
546832;Learn Adobe Photoshop in 1 Hour;TRUE;"$50,00";1.235;15;10;All Levels;1 hour;2015-07-07;Graphic Design
753774;Learn Advanced Photoshop Selections;TRUE;"$25,00";661;4;10;All Levels;1.5 hours;2016-02-07;Graphic Design
714678;Learn Ajax and jquery with PHP;TRUE;"$20,00";2.964;8;9;Beginner Level;1.5 hours;2016-01-07;Web Development
1240148;Learn all Piano Chords in all Piano Scales with logic;TRUE;"$45,00";969;2;17;Beginner Level;1 hour;2017-06-04;Musical Instruments
635248;Learn and Build using Polymer;TRUE;"$40,00";513;169;48;All Levels;3.5 hours;2015-12-30;Web Development
704732;Learn and Earn with HTML & CSS;TRUE;"$20,00";9.349;206;69;All Levels;4 hours;2016-03-11;Web Development
806122;Learn and Master the Basics of Finance;TRUE;"$20,00";43;17;39;Beginner Level;3 hours;2016-09-25;Business Finance
289230;Learn and Understand AngularJS;TRUE;"$175,00";59.361;11.580;55;All Levels;7 hours;2014-09-24;Web Development
461160;Learn and Understand NodeJS;TRUE;"$195,00";58.208;11.123;98;All Levels;13 hours;2015-08-31;Web Development
1115222;Learn and Understand React;TRUE;"$30,00";4.848;105;123;All Levels;16.5 hours;2017-03-23;Web Development
883002;Learn Angular 2 Development By Building 12 Apps;TRUE;"$50,00";5.143;941;80;Intermediate Level;12 hours;2016-07-01;Web Development
949282;Learn Angular 2 from Beginner to Advanced;TRUE;"$195,00";32.696;526;67;Beginner Level;10 hours;2016-10-07;Web Development
1158572;Learn Angular 4 from Scratch;FALSE;Free;8.693;522;11;Beginner Level;1.5 hours;2017-05-02;Web Development
445534;Learn AngularJS Step By Step;TRUE;"$20,00";18.777;1.112;21;Intermediate Level;1.5 hours;2015-07-07;Web Development
378924;"Learn animation using CSS3, Javascript and HTML5";TRUE;"$40,00";1.468;54;18;All Levels;2.5 hours;2015-03-24;Web Development
611518;Learn ASP NET MVC 5 step by step;TRUE;"$20,00";1.428;91;32;Intermediate Level;3 hours;2015-10-06;Web Development
1156648;Learn ASP.Net Web API 2 for Absolute Beginner;TRUE;"$30,00";1.355;14;29;All Levels;3.5 hours;2017-03-30;Web Development
774648;Learn Authentication With ASP.NET Identity Security 2017;TRUE;"$50,00";305;45;13;All Levels;2 hours;2016-02-26;Web Development
690966;Learn Azure Cloud Step by Step;TRUE;"$20,00";791;29;24;Intermediate Level;2.5 hours;2016-02-08;Web Development
570844;Learn Basic Concepts of Economics Step by Step - Complete;TRUE;"$150,00";2.801;6;25;All Levels;1.5 hours;2015-08-16;Business Finance
908324;Learn Basics Of Adobe Illustrator;TRUE;"$25,00";1.401;30;12;Beginner Level;42 mins;2016-09-12;Graphic Design
939536;Learn basics of HTML in 30 Minutes;TRUE;"$20,00";945;17;11;Beginner Level;33 mins;2016-09-02;Web Development
644654;Learn Basics of South Indian Carnatic Flute - Level 2;TRUE;"$180,00";152;21;91;Beginner Level;4.5 hours;2016-03-03;Musical Instruments
446478;Learn basics of South Indian Carnatic Flute Step by Step ;TRUE;"$150,00";380;113;49;Beginner Level;4 hours;2015-04-15;Musical Instruments
396238;"Learn BASS GUITAR- Have Fun, Amaze Your Friends- It's Easy! ";TRUE;"$100,00";1.605;19;52;Beginner Level;2 hours;2015-02-13;Musical Instruments
242382;Learn Beethoven's Fur Elise on Piano;TRUE;"$20,00";1.582;11;6;All Levels;29 mins;2014-06-13;Musical Instruments
927186;Learn Blender 3D  - The introduction course;TRUE;"$100,00";739;12;15;Beginner Level;1.5 hours;2016-08-19;Graphic Design
866796;Learn Blender 3D - The materials and texture course;TRUE;"$200,00";711;48;105;All Levels;12.5 hours;2016-08-08;Graphic Design
331600;Learn Bookkeeping From Scratch;TRUE;"$20,00";168;2;21;All Levels;3 hours;2014-11-05;Business Finance
1248974;Learn Bootstrap 4 by Example;FALSE;Free;5.542;54;9;All Levels;1 hour;2017-06-12;Web Development
919354;Learn Bootstrap 4 The Most Popular HTML5 CSS3 & JS Framework;TRUE;"$200,00";279;37;119;All Levels;10 hours;2017-04-25;Web Development
1240522;Learn Bootstrap And Make Responsive Websites;TRUE;"$25,00";1.605;10;32;All Levels;3.5 hours;2017-06-11;Web Development
764076;Learn Bootstrap3 With Multi Purposes Single Page Layout;FALSE;Free;4.503;146;122;All Levels;21 hours;2016-02-16;Web Development
403106;Learn BuddyPress: Build A Social Network with WordPress;TRUE;"$20,00";1.299;15;23;All Levels;1 hour;2015-01-29;Web Development
161986;Learn Building Your Own Website Without Coding;TRUE;"$50,00";7.660;7;19;All Levels;2 hours;2014-03-21;Web Development
692268;Learn Business Finance: Win more work as a Business Coach ;TRUE;"$20,00";741;4;22;Beginner Level;2 hours;2016-01-03;Business Finance
987064;Learn by Doing: Vue JS 2.0 the Right Way;TRUE;"$95,00";1.087;220;32;Intermediate Level;3.5 hours;2016-11-07;Web Development
978850;Learn by Example : ReactJS;TRUE;"$50,00";1.496;37;74;Beginner Level;7.5 hours;2016-12-27;Web Development
936182;Learn By Example: Angular JS;TRUE;"$50,00";1.515;32;60;All Levels;7 hours;2016-08-22;Web Development
958132;Learn By Example: jQuery;TRUE;"$50,00";1.702;49;78;All Levels;7 hours;2016-09-19;Web Development
814206;Learn By Example: PHP For Dynamic Websites;TRUE;"$50,00";1.439;10;77;Beginner Level;13 hours;2016-04-06;Web Development
773824;"Learn By Example: The Foundations of HTML, CSS & Javascript";TRUE;"$50,00";1.724;72;94;All Levels;13 hours;2016-02-29;Web Development
41145;Learn Call Options and Put Options - Introduction to Options;TRUE;"$60,00";1.017;74;20;Beginner Level;3 hours;2013-02-15;Business Finance
946326;"Learn Calligraphy, Handwriting animation wz After Effects";TRUE;"$40,00";116;1;18;All Levels;2.5 hours;2016-11-03;Graphic Design
1029436;Learn Cinema 4D: Create an Abstract Background;TRUE;"$20,00";2.004;4;9;Beginner Level;34 mins;2017-02-22;Graphic Design
1253650;Learn Coding as RF or Telecom Engineer - Build Real Program;TRUE;"$25,00";1.006;4;8;Beginner Level;2 hours;2017-06-22;Web Development
1260674;Learn Comic Book Color Flatting! (Coloring Assistant role);FALSE;Free;946;3;6;Beginner Level;40 mins;2017-06-20;Graphic Design
94428;Learn Complete Web Development From Scratch;TRUE;"$40,00";14.074;106;46;All Levels;12 hours;2013-10-23;Web Development
881210;Learn Complete WordPress for Building a Professional Sites;TRUE;"$80,00";13.708;92;62;All Levels;9 hours;2016-06-23;Web Development
768940;Learn Corel x7 Like a Pro;TRUE;"$20,00";1.586;8;5;Intermediate Level;31 mins;2016-03-04;Graphic Design
511378;Learn CSS Transition and Animation ;TRUE;"$100,00";3.757;28;20;All Levels;1 hour;2015-05-27;Web Development
637066;Learn Digital Drawing in Photoshop;TRUE;"$20,00";1.080;15;13;All Levels;2 hours;2015-10-12;Graphic Design
134690;Learn Drawing and Painting a Landscape with Oil Colours;TRUE;"$20,00";51;2;20;Intermediate Level;2 hours;2014-01-14;Graphic Design
854756;Learn Drupal 8 - With a Live Project;TRUE;"$55,00";2.012;15;59;All Levels;3.5 hours;2017-03-17;Web Development
267560;Learn E-Commerce Website in PHP & MySQL From Scratch!;FALSE;Free;29.990;1.342;87;All Levels;17.5 hours;2014-08-10;Web Development
392526;Learn Effective HTML in No Time!;TRUE;"$40,00";1.275;11;18;All Levels;1 hour;2015-10-12;Web Development
652376;Learn Essential Javascript Fundamentals - Lite;TRUE;"$20,00";1.476;27;8;All Levels;39 mins;2016-01-04;Web Development
516064;Learn Express;TRUE;"$25,00";1.309;60;14;Intermediate Level;1.5 hours;2015-06-01;Web Development
655298;Learn Facebook Flux Architecture for Web Applications;TRUE;"$40,00";395;26;36;All Levels;6.5 hours;2015-11-05;Web Development
501502;Learn Financial Accounting Different;TRUE;"$20,00";79;1;58;All Levels;6 hours;2015-05-24;Business Finance
813360;Learn Financial Modeling from Scratch - Part 2;TRUE;"$50,00";2;1;27;All Levels;3.5 hours;2016-04-07;Business Finance
813516;Learn Financial Modeling from Scratch - Part 3;TRUE;"$50,00";2;0;22;All Levels;2 hours;2016-04-07;Business Finance
811416;Learn Financial Modeling from Scratch - Part1;TRUE;"$50,00";7;4;29;All Levels;3.5 hours;2016-04-06;Business Finance
504168;Learn Flute FAST!;TRUE;"$45,00";249;33;61;Beginner Level;4 hours;2015-06-02;Musical Instruments
648628;Learn Fun Dreamy Piano Techniques # 2 - Play Silver Bells;TRUE;"$80,00";1.284;6;99;All Levels;2 hours;2015-10-26;Musical Instruments
631416;Learn Fun Dreamy Piano Techniques #1 -  Play White Christmas;TRUE;"$80,00";1.474;10;102;All Levels;2 hours;2015-10-20;Musical Instruments
502588;Learn GIMP;TRUE;"$20,00";441;53;34;All Levels;6.5 hours;2015-05-18;Graphic Design
902150;Learn Global Macro Trading & Investing for Retail Investor;TRUE;"$75,00";178;16;27;All Levels;1.5 hours;2016-07-15;Business Finance
330900;Learn Grunt with Examples: Automate Your Front End Workflow;TRUE;"$20,00";496;113;17;All Levels;1 hour;2014-12-19;Web Development
26956;Learn Guitar in 21 Days;TRUE;"$20,00";26.504;192;82;Beginner Level;2.5 hours;2012-10-21;Musical Instruments
112602;"Learn Guitar The Easy Way, It's Faster";TRUE;"$25,00";57;2;16;Beginner Level;4.5 hours;2013-11-14;Musical Instruments
1119092;Learn guitar the Right way! Complete 'KickStarter course";TRUE;"$150,00";2.102;33;99;Beginner Level;9 hours;2017-02-25;Musical Instruments
971962;Learn Guitar: Zero to Guitar Fingerpicking in 30 days;TRUE;"$50,00";1.495;26;36;Beginner Level;2.5 hours;2016-12-28;Musical Instruments
477250;"Learn Gulp, The Streaming Build System";TRUE;"$25,00";1.305;38;16;All Levels;1.5 hours;2015-04-19;Web Development
200598;"LEARN HARMONICA, amaze your friends and have fun - it's easy";TRUE;"$200,00";8.857;718;131;All Levels;15.5 hours;2014-04-27;Musical Instruments
1217948;Learn How To Become a Web Developer From Scratch;TRUE;"$200,00";7.062;72;172;Beginner Level;11 hours;2017-05-28;Web Development
928858;Learn How To Build A Professional Web Site By Using Joomla;TRUE;"$70,00";7.184;22;29;All Levels;4 hours;2016-08-11;Web Development
336938;Learn How To Build a Web Application Without Coding;FALSE;Free;9.364;311;10;Beginner Level;32 mins;2015-03-04;Web Development
1103448;Learn how to convert PSD to HTML and CSS responsive;TRUE;"$30,00";5.324;52;14;All Levels;2.5 hours;2017-02-10;Web Development
563668;Learn how to create a WordPress theme using Pinegrow;FALSE;Free;11.812;152;19;Intermediate Level;2 hours;2015-07-27;Web Development
484872;Learn How to Create Your Own Social Network;TRUE;"$50,00";4.732;5;14;All Levels;2 hours;2015-04-24;Web Development
1068902;Learn How To Design a Logo in Adobe Illustrator in 30 Mins;TRUE;"$50,00";1.270;53;14;Beginner Level;30 mins;2017-01-16;Graphic Design
317030;Learn how to double your Forex Trading Account in one trade;TRUE;"$60,00";2.900;424;36;Intermediate Level;2.5 hours;2014-10-19;Business Finance
414744;Learn How to File Taxes for Uber and Lyft Drivers;TRUE;"$40,00";294;5;25;All Levels;2 hours;2015-02-12;Business Finance
658816;Learn How to Improvise on Guitar in 30 Days;TRUE;"$200,00";1.788;89;33;Beginner Level;6 hours;2016-10-25;Musical Instruments
471588;Learn how to INVEST for huge profits or make it big trading!;TRUE;"$50,00";701;12;37;All Levels;5.5 hours;2015-06-19;Business Finance
1016536;Learn How to Manage & Customize  Web Sites By Drupal CMS;TRUE;"$140,00";7.741;9;36;All Levels;2.5 hours;2016-12-11;Web Development
1105904;Learn How To Play 25 Classic Hip Hop Songs;TRUE;"$25,00";153;9;27;All Levels;2.5 hours;2017-02-13;Musical Instruments
1223570;Learn How To Play 25 Classic Hip Hop Songs Ch.2;TRUE;"$25,00";7;1;27;All Levels;3.5 hours;2017-05-23;Musical Instruments
311530;"Learn How to Play Blues, Rock, & Boogie Woogie Piano Today";TRUE;"$45,00";2.346;11;14;All Levels;39 mins;2014-10-08;Musical Instruments
943426;Learn How to Play CashFlow Game;TRUE;"$35,00";1.459;11;26;Beginner Level;1 hour;2016-10-17;Business Finance
1124590;Learn How To Play The Trumpet;TRUE;"$75,00";2;0;24;All Levels;1.5 hours;2017-06-19;Musical Instruments
264396;Learn How to Play the Violin - Violin Basics;TRUE;"$20,00";365;10;12;Beginner Level;32 mins;2014-08-13;Musical Instruments
273448;Learn How to Profit In Forex With Market Rhythms;TRUE;"$20,00";85;5;17;All Levels;1.5 hours;2014-08-02;Business Finance
364616;Learn how to quickly build websites using Wordpress;FALSE;Free;15.715;406;28;All Levels;3.5 hours;2014-12-18;Web Development
1057242;Learn How to Set Up an Incubator Hedge Fund - Step-by-Step;TRUE;"$200,00";1.406;71;54;Expert Level;1.5 hours;2017-01-18;Business Finance
707688;Learn How to Start Small and Make It Big In Small-Cap Stocks;TRUE;"$50,00";2.635;13;29;Beginner Level;2 hours;2016-02-08;Business Finance
1189592;Learn How To Successfully Trade Forex: In 5 Simple Steps;TRUE;"$95,00";64;7;44;All Levels;8.5 hours;2017-05-03;Business Finance
382204;Learn How To Successfully Trade Stocks: In 5 Simple Steps;TRUE;"$95,00";2.493;276;108;All Levels;9.5 hours;2015-01-31;Business Finance
1090408;Learn How to Trade Binary Options Professionally;FALSE;Free;5.144;169;7;All Levels;1 hour;2017-02-03;Business Finance
1117834;Learn How To Trade Gold In 2017;TRUE;"$200,00";2;1;16;All Levels;1 hour;2017-04-06;Business Finance
790034;Learn How to Trade Pump and Dumps. 5 Setups Well Explained.;TRUE;"$50,00";769;10;18;All Levels;2 hours;2016-03-14;Business Finance
772950;Learn How to Trade The Stock Market;TRUE;"$20,00";984;3;41;All Levels;4 hours;2016-03-02;Business Finance
323916;Learn How To use Channels to find amazing Forex Entries;TRUE;"$45,00";172;48;15;All Levels;1 hour;2017-05-24;Business Finance
1172740;Learn how to use Javascript Components with PHP and Symfony;TRUE;"$90,00";1.822;4;25;All Levels;2 hours;2017-06-05;Web Development
589342;Learn HTML - The programming language to build a webpage!;TRUE;"$25,00";1.655;39;19;Beginner Level;1 hour;2016-01-17;Web Development
340844;Learn HTML & CSS: How To Start Your Web Development Career;FALSE;Free;15.462;689;60;Beginner Level;4.5 hours;2015-09-29;Web Development
77642;Learn HTML 5 in 1 hour;TRUE;"$100,00";11.643;169;21;Beginner Level;1 hour;2013-08-12;Web Development
699618;Learn HTML And CSS From Scratch;FALSE;Free;11.533;240;18;Beginner Level;2 hours;2016-02-19;Web Development
738726;Learn HTML and CSS to make a Website;TRUE;"$20,00";1.154;12;71;Beginner Level;6 hours;2016-01-28;Web Development
708558;Learn HTML Basics From Scratch;FALSE;Free;5.004;52;21;All Levels;3 hours;2015-12-29;Web Development
384078;Learn HTML Fast and Easy!;TRUE;"$20,00";4.011;24;17;Beginner Level;1.5 hours;2015-08-03;Web Development
846210;Learn HTML in 2 hours!;FALSE;Free;5.351;235;13;Beginner Level;1.5 hours;2016-05-17;Web Development
551962;Learn HTML in 59 Minutes - Your intro to front-end dev;TRUE;"$35,00";333;15;14;Beginner Level;1 hour;2015-07-14;Web Development
476408;"Learn HTML, A practical guide from scratch to HTML 5";TRUE;"$100,00";5.715;52;31;All Levels;3 hours;2015-04-26;Web Development
747650;"Learn HTML, CSS, and Ruby on Rails: Build Your First Blog";TRUE;"$20,00";2.985;40;27;Beginner Level;1.5 hours;2016-11-29;Web Development
269006;Learn Html5 & CSS3 from scratch;TRUE;"$20,00";13.960;239;19;All Levels;2.5 hours;2014-07-26;Web Development
14571;Learn HTML5 At Your Own Pace. Ideal for Beginners;TRUE;"$50,00";3.026;60;67;All Levels;7 hours;2012-02-28;Web Development
761770;Learn HTML5 Canvas for beginners;TRUE;"$100,00";2.360;12;49;Beginner Level;3.5 hours;2016-03-01;Web Development
41295;Learn HTML5 Programming From Scratch;FALSE;Free;268.923;8.629;45;All Levels;10.5 hours;2013-02-14;Web Development
627782;Learn Illustrator By Recreating Top 3 Logos - Beginner Guide;FALSE;Free;8.786;245;11;Beginner Level;1 hour;2015-10-04;Graphic Design
1134692;Learn Inkscape : Design Logos and Game Arts;TRUE;"$20,00";1.675;20;12;Beginner Level;1 hour;2017-03-15;Graphic Design
94430;Learn Javascript & JQuery From Scratch;TRUE;"$30,00";84.897;2.685;10;All Levels;2 hours;2013-10-10;Web Development
760306;Learn JavaScript Dynamic Interactive Projects for Beginners;TRUE;"$100,00";2.558;12;36;Beginner Level;3 hours;2016-02-14;Web Development
1146014;Learn JavaScript for beginners;TRUE;"$200,00";15.276;167;19;Beginner Level;1.5 hours;2017-03-16;Web Development
917724;Learn JavaScript for Web Development;TRUE;"$75,00";12.893;220;95;Intermediate Level;8.5 hours;2016-10-12;Web Development
553582;Learn JavaScript from scratch;TRUE;"$20,00";4.193;92;44;Beginner Level;2.5 hours;2015-07-30;Web Development
1259422;Learn JavaScript From Scratch:Become Top Rated Web Developer;TRUE;"$65,00";2.570;17;87;All Levels;5 hours;2017-06-29;Web Development
149728;Learn Jazz Piano Today;TRUE;"$50,00";1.167;66;44;All Levels;3 hours;2014-01-24;Musical Instruments
993148;Learn jQuery AJAX in 1 hour;TRUE;"$195,00";2.547;62;18;Intermediate Level;1 hour;2016-10-27;Web Development
797038;Learn jQuery by Example Course;TRUE;"$170,00";8.625;94;73;Beginner Level;5 hours;2016-04-23;Web Development
775618;Learn jQuery from Scratch - Master of JavaScript library;TRUE;"$100,00";1.040;14;21;All Levels;2 hours;2016-06-14;Web Development
504316;Learn Jquery from Scratch 2-Hour Training ;TRUE;"$20,00";5.318;56;13;Beginner Level;1.5 hours;2015-07-16;Web Development
11153;Learn jQuery: An In-depth Course For Beginners;TRUE;"$50,00";7.014;95;62;All Levels;4.5 hours;2011-11-29;Web Development
1274210;Learn JSON for beginners with JavaScript;TRUE;"$200,00";3.193;10;23;Beginner Level;1.5 hours;2017-06-30;Web Development
993146;Learn JSON with JavaScript Objects and APIs in 1 hour;TRUE;"$95,00";3.619;93;19;Intermediate Level;1 hour;2016-10-26;Web Development
637840;Learn Knockout JS Framework from GroundUp;TRUE;"$40,00";633;104;31;All Levels;5 hours;2015-10-15;Web Development
1055322;Learn Laravel PHP Framework Building Multi User SEO Blog APP;TRUE;"$100,00";557;92;133;All Levels;9.5 hours;2017-01-04;Web Development
1031620;Learn Laravel with Database Migration & Seeding & Faker;TRUE;"$20,00";263;14;7;All Levels;1 hour;2017-01-09;Web Development
496006;Learn Laravel: Create Your Web App Step-By-Step;TRUE;"$45,00";604;47;35;All Levels;4 hours;2015-05-20;Web Development
1190448;Learn Lion (Saroo) Soundtrack On The Piano By Ear;TRUE;"$20,00";104;0;9;All Levels;32 mins;2017-04-24;Musical Instruments
1182330;Learn Logo Designing: 5 Types of Logo Designs in Illustrator;TRUE;"$30,00";106;2;19;Beginner Level;3 hours;2017-05-09;Graphic Design
1232728;Learn Loreena McKennitt Songs-Quicklessons Piano Course;TRUE;"$20,00";1;0;6;All Levels;34 mins;2017-05-29;Musical Instruments
565000;Learn MeteorJS By Building 10 Real World Projects;TRUE;"$50,00";2.784;221;79;All Levels;15 hours;2015-07-28;Web Development
381828;Learn Mobile App Design in Photoshop;TRUE;"$20,00";11;1;13;Beginner Level;1.5 hours;2015-01-07;Graphic Design
566856;Learn Monster GODJ;FALSE;Free;991;29;12;Beginner Level;1 hour;2015-07-29;Musical Instruments
831066;Learn MQL5: Build an 8-Currency Hedging Robot (MetaTrader 5);TRUE;"$150,00";2.877;103;81;All Levels;4.5 hours;2016-04-26;Business Finance
943306;Learn Node.js by building Udemy: Stripe + MailChimp + Wistia;TRUE;"$110,00";1.425;36;34;All Levels;5.5 hours;2016-09-12;Web Development
481002;Learn Nodejs by building 12 projects;TRUE;"$50,00";10.150;997;90;All Levels;16 hours;2015-04-22;Web Development
380582;Learn OAuth 2.0 - Get started as an API Security Expert;TRUE;"$95,00";2.185;283;45;All Levels;3.5 hours;2015-07-20;Web Development
986742;Learn OAuth 2.0 - Theory and Hands On;TRUE;"$145,00";546;69;21;All Levels;3 hours;2016-10-17;Web Development
772618;Learn Object Oriented PHP By Building a Complete Website;FALSE;Free;36.322;2.618;32;All Levels;4.5 hours;2016-03-01;Web Development
579338;Learn Object Oriented Programming PHP fundamentals bootcamp;TRUE;"$100,00";22.213;142;16;All Levels;1 hour;2015-08-11;Web Development
1225686;Learn Options on Futures for Hedging Options and Stocks;TRUE;"$60,00";51;2;6;Expert Level;42 mins;2017-05-23;Business Finance
331970;Learn Oud 1 (No Prior Music Knowledge Required!);TRUE;"$20,00";153;27;38;Beginner Level;3.5 hours;2015-09-10;Musical Instruments
607360;Learn Oud 2;TRUE;"$20,00";81;11;27;Intermediate Level;3 hours;2015-09-10;Musical Instruments
1008654;Learn Photo Manipulation - Build 3 projects;TRUE;"$40,00";10;1;18;All Levels;2.5 hours;2016-11-27;Graphic Design
783438;Learn Photoshop Actions - Save time with repetitive tasks;TRUE;"$25,00";507;2;7;Intermediate Level;37 mins;2016-03-08;Graphic Design
482208;Learn Photoshop CC Essentials;TRUE;"$75,00";3.117;30;62;Beginner Level;4.5 hours;2015-05-06;Graphic Design
923902;Learn Photoshop for Design: 100% Practical Projects;TRUE;"$20,00";651;5;12;All Levels;40 mins;2016-08-08;Graphic Design
314698;Learn Photoshop Quickly (For Bloggers & Web Images);TRUE;"$80,00";806;53;28;Beginner Level;2.5 hours;2014-10-08;Graphic Design
937206;Learn PHP CodeIgniter Framework with AJAX and Bootstrap;TRUE;"$75,00";1.634;52;21;All Levels;2.5 hours;2016-09-13;Web Development
564546;Learn PHP from Scratch;TRUE;"$50,00";1.550;25;27;Beginner Level;1.5 hours;2015-07-26;Web Development
1051672;Learn PHP from scratch!!;TRUE;"$25,00";1.908;12;17;Beginner Level;1.5 hours;2017-04-28;Web Development
94432;Learn PHP Fundamentals From Scratch;FALSE;Free;48.650;1.236;9;Beginner Level;2 hours;2013-10-16;Web Development
947116;Learn PHP Object Oriented Features with Simple Examples;TRUE;"$20,00";1.723;28;7;All Levels;1 hour;2016-10-05;Web Development
573716;Learn PHP Programming for Absolute Beginners;TRUE;"$35,00";5.368;78;20;All Levels;2 hours;2015-08-05;Web Development
690788;Learn PHP Programming for Absolute Beginners - Lite;TRUE;"$20,00";2.749;62;7;All Levels;41 mins;2015-12-15;Web Development
993134;Learn Piano #10 Tritone Chord Substitution with Jazzy Sounds;TRUE;"$60,00";1.227;2;26;All Levels;38 mins;2016-10-25;Musical Instruments
344234;Learn Piano #7- Learn Chromatic Chords & Chromatic Scale Run;TRUE;"$60,00";973;8;74;All Levels;2 hours;2016-02-01;Musical Instruments
356060;Learn Piano #8:  Use Augmented Chord Sub & Whole Tone Scales;TRUE;"$60,00";1.137;4;45;All Levels;1 hour;2016-02-23;Musical Instruments
944550;Learn Piano Online-A Quiet Solace Piano Solo;TRUE;"$50,00";7;0;10;Intermediate Level;1 hour;2016-08-29;Musical Instruments
838896;Learn Piano Online-Ambiance Piano Solo;TRUE;"$50,00";8;0;10;Intermediate Level;1 hour;2016-06-21;Musical Instruments
974704;Learn Piano Online-In the Garden Piano Solo;TRUE;"$60,00";1;0;11;Intermediate Level;1 hour;2016-10-03;Musical Instruments
845518;Learn Piano Online-Keys to the Keyboard;TRUE;"$50,00";18;1;9;Beginner Level;2 hours;2016-05-12;Musical Instruments
963664;Learn Piano Online-Nocturnal Piano Solo;TRUE;"$60,00";2;0;11;Intermediate Level;1.5 hours;2016-09-21;Musical Instruments
326428;Learn Piano Scales: Play any song in any key! Like Pro's do;TRUE;"$50,00";1.720;9;26;Beginner Level;2.5 hours;2014-10-29;Musical Instruments
628798;"Learn Piano with Beyer, 15 Minutes Challenge";TRUE;"$65,00";418;2;30;All Levels;3 hours;2016-07-21;Musical Instruments
380596;Learn Piano: The Basics of Keyboards;TRUE;"$20,00";113;0;24;Beginner Level;1.5 hours;2015-01-03;Musical Instruments
1223240;Learn Pirates of the Caribbean by Ear on the Piano;TRUE;"$20,00";0;0;6;All Levels;32 mins;2017-05-22;Musical Instruments
686764;Learn Plugin Development in WordPress By Building  Projects;TRUE;"$60,00";1.313;121;62;All Levels;11 hours;2016-01-11;Web Development
385662;Learn print production from start to finish;TRUE;"$35,00";494;6;16;All Levels;1 hour;2015-05-04;Graphic Design
1228900;Learn Professional Book-Cover Designing Photoshop 4 Beginner;TRUE;"$200,00";6.428;21;54;Beginner Level;3 hours;2017-06-13;Graphic Design
391546;Learn Python and Django: Payment Processing;TRUE;"$70,00";17.714;198;23;All Levels;3.5 hours;2015-02-09;Web Development
1063722;Learn Python Django - A Hands-On Course;TRUE;"$50,00";1.339;21;18;Beginner Level;2 hours;2017-01-18;Web Development
662318;Learn Quickbooks to maintain books properly;TRUE;"$20,00";241;5;26;Beginner Level;2.5 hours;2015-11-09;Business Finance
617886;Learn Rails Programming in Less than 2 Hours;TRUE;"$35,00";2.470;24;19;All Levels;2.5 hours;2015-09-23;Web Development
709460;Learn Rails Programming in Less than 30 Minute - Lite;TRUE;"$20,00";1.235;25;7;All Levels;38 mins;2016-01-06;Web Development
904076;"Learn Rails: Quickly Code, Style and Launch 4 Web Apps";TRUE;"$200,00";1.849;21;83;All Levels;3 hours;2016-08-23;Web Development
987666;Learn React : The World's Most Lucrative JavaScript Library;TRUE;"$50,00";1.591;99;74;Beginner Level;9.5 hours;2017-02-08;Web Development
975060;Learn React JS from scratch;TRUE;"$115,00";1.562;42;34;Beginner Level;4 hours;2016-10-10;Web Development
961996;Learn Reactivex From Ground Up;TRUE;"$40,00";207;32;32;Intermediate Level;5 hours;2016-09-22;Web Development
590406;Learn ReactJS: Code Like A Facebook Developer;TRUE;"$20,00";1.948;72;45;Intermediate Level;5 hours;2015-08-24;Web Development
145178;Learn Real Graphic Design;TRUE;"$20,00";297;27;19;All Levels;1.5 hours;2014-01-17;Graphic Design
899534;Learn Redis from Scratch;TRUE;"$40,00";553;84;31;Intermediate Level;3 hours;2016-07-13;Web Development
128946;Learn Responsive Web Development from Scratch;FALSE;Free;59.639;2.692;24;All Levels;4.5 hours;2013-12-09;Web Development
340362;Learn Ruby on Rails By Building Projects;TRUE;"$60,00";1.736;79;47;All Levels;13 hours;2014-11-12;Web Development
636418;Learn Ruby on Rails for Absolute Beginners;TRUE;"$195,00";2.875;20;36;All Levels;4.5 hours;2015-10-14;Web Development
556922;Learn Ruby on Rails: Stripe Payment Processing;TRUE;"$40,00";15.724;33;29;All Levels;1.5 hours;2016-11-02;Web Development
597256;Learn Ruby Programming The Easy Way;TRUE;"$35,00";3.485;22;19;All Levels;2 hours;2015-09-15;Web Development
769314;Learn Ruby Programming The Easy Way - Lite;TRUE;"$20,00";1.186;12;7;All Levels;34 mins;2016-02-21;Web Development
343816;Learn SASS and improve your CSS;TRUE;"$55,00";1.849;29;24;All Levels;3 hours;2014-12-20;Web Development
929260;Learn SASS: from beginner to expert;TRUE;"$20,00";1.734;9;13;Beginner Level;1 hour;2016-09-14;Web Development
403764;Learn Sketch 3 Mobile App Design From Scratch;TRUE;"$60,00";528;9;20;All Levels;1.5 hours;2015-01-27;Graphic Design
928040;Learn Spring Framework Practically - Hands On Recipies;TRUE;"$145,00";522;50;48;All Levels;5.5 hours;2016-08-11;Web Development
961508;Learn Spring Security 4 Basics - Hands On;TRUE;"$95,00";216;28;16;Beginner Level;2 hours;2016-09-19;Web Development
973932;Learn Spring Security 4 Intermediate - Hands On;TRUE;"$95,00";227;16;20;Intermediate Level;2 hours;2016-10-03;Web Development
929146;Learn Stock Options: Options Made Simple 101;TRUE;"$35,00";93;13;49;Beginner Level;5 hours;2016-08-17;Business Finance
939962;"Learn SVG Animation - With HTML, CSS & Javascript";TRUE;"$65,00";12.953;680;22;All Levels;1.5 hours;2016-09-12;Web Development
667992;Learn Symfony 3 framework by practical examples;TRUE;"$125,00";867;177;48;All Levels;4 hours;2016-09-19;Web Development
513046;Learn The ABC's Of Investing And Understanding True Financial Value;TRUE;"$20,00";3;0;8;All Levels;1.5 hours;2015-06-01;Business Finance
637430;Learn the basics of preparing accounting statements;TRUE;"$20,00";1.951;30;20;Intermediate Level;33 mins;2015-10-13;Business Finance
460056;Learn the Basics of Programming for Marketers;TRUE;"$55,00";11.339;43;26;Beginner Level;3.5 hours;2015-04-21;Web Development
537286;Learn the Basics of the Wave Principle:;TRUE;"$30,00";27;4;10;Beginner Level;1.5 hours;2015-07-02;Business Finance
1149334;Learn the basics of the Web development: Coding Tactics;TRUE;"$40,00";2.965;17;30;Beginner Level;2 hours;2017-04-29;Web Development
742142;Learn the Forex Naked Price Action Pogo Trade;TRUE;"$60,00";89;4;10;Intermediate Level;1 hour;2016-02-10;Business Finance
927442;Learn the Foundations of Stocks and Options;TRUE;"$50,00";80;18;63;Beginner Level;7.5 hours;2016-08-11;Business Finance
951608;Learn the Viola - Scales and Fundamentals;TRUE;"$80,00";21;3;38;Beginner Level;2.5 hours;2016-11-16;Musical Instruments
807494;Learn the Violin - Bowing Techniques;TRUE;"$80,00";89;6;12;Intermediate Level;40 mins;2016-06-26;Musical Instruments
342398;Learn the Violin - No Music Experience Necessary!;TRUE;"$120,00";600;27;30;Beginner Level;3 hours;2015-09-02;Musical Instruments
398522;Learn the Violin - Scales and Fundamentals;TRUE;"$80,00";291;14;39;Beginner Level;3 hours;2015-10-28;Musical Instruments
563020;Learn to build 20 websites and build 14 iOS9 apps with swift;TRUE;"$40,00";1.926;9;458;All Levels;22.5 hours;2015-07-24;Web Development
1013380;Learn To Build A Google Map App Using Angular 2;TRUE;"$30,00";116;12;7;Beginner Level;1 hour;2016-11-21;Web Development
851560;Learn To Build Apps Using Play Framework;TRUE;"$40,00";434;69;23;All Levels;5.5 hours;2016-06-07;Web Development
231176;Learn To Build Beautiful HTML5 And CSS3 Websites In 1 Month;TRUE;"$50,00";18.818;407;80;All Levels;11 hours;2014-06-03;Web Development
680180;Learn to Build Web Apps using D3JS;TRUE;"$40,00";841;99;29;All Levels;3.5 hours;2015-12-01;Web Development
661878;Learn to Build Web Apps using Laravel Framework;TRUE;"$30,00";746;93;39;All Levels;6.5 hours;2015-11-10;Web Development
672090;Learn to Build Web Apps using UnderscoreJS : Code Like a Pro;TRUE;"$40,00";325;37;27;All Levels;3.5 hours;2015-11-18;Web Development
128950;Learn to Build Websites using Twitter Bootstrap;FALSE;Free;15.134;523;12;All Levels;2.5 hours;2014-04-14;Web Development
288258;"Learn to Code in HTML5, CSS3, and JavaScript";TRUE;"$20,00";1.404;7;17;Beginner Level;2.5 hours;2014-11-13;Web Development
546848;Learn to code in Python and learn Adobe Photoshop today!;TRUE;"$50,00";1.132;1;29;All Levels;2 hours;2015-07-08;Graphic Design
399228;"Learn to code, Become a Web Developer and Master JavaScript!";TRUE;"$200,00";2.353;47;91;All Levels;10 hours;2015-01-22;Web Development
955242;Learn to Composite a 2D Action Shot in Photoshop;TRUE;"$20,00";40;2;8;Beginner Level;1.5 hours;2016-09-10;Graphic Design
1178226;Learn to Create a Mandala with Adobe Illustrator;TRUE;"$50,00";7;0;28;All Levels;4.5 hours;2017-04-24;Graphic Design
255878;Learn to Create Advance Responsive Websites With Bootstrap;TRUE;"$20,00";2.528;15;30;All Levels;2 hours;2014-10-26;Web Development
65596;Learn to create beautiful web interfaces and logos;TRUE;"$20,00";1.085;76;10;All Levels;1 hour;2013-07-17;Graphic Design
1171720;Learn to Create Deliverable Brand Identity Package;TRUE;"$20,00";915;5;15;All Levels;1 hour;2017-04-13;Graphic Design
565282;Learn To Create Different Website Layouts & Media Queries ;TRUE;"$195,00";6.510;45;22;All Levels;2 hours;2015-08-11;Web Development
1054814;Learn to Create Responsive Layouts in 30 Minutes;FALSE;Free;5.301;174;6;Beginner Level;30 mins;2017-01-17;Web Development
371900;Learn to create Text fire effect in Adobe Photoshop ;TRUE;"$20,00";0;0;8;All Levels;36 mins;2014-12-19;Graphic Design
857162;Learn To Create WordPress Themes By Building 10 Projects;TRUE;"$60,00";2.273;384;91;All Levels;16.5 hours;2016-05-24;Web Development
22445;Learn to Design a Letterhead - A Beginners Course;FALSE;Free;24.687;423;13;All Levels;44 mins;2012-10-10;Graphic Design
286424;Learn to Design a Logo in Adobe Illustrator;TRUE;"$20,00";3.390;49;29;All Levels;4.5 hours;2014-08-23;Graphic Design
15467;Learn To Draw - The COMIC BOOK STYLE;TRUE;"$55,00";363;14;19;All Levels;2 hours;2012-06-01;Graphic Design
865634;Learn to Draw Pretty Faces for Comic Books;TRUE;"$40,00";1.522;145;37;Beginner Level;5 hours;2016-08-08;Graphic Design
603408;Learn to Freelance with People Per hour  (URDU);TRUE;"$20,00";948;48;8;All Levels;36 mins;2015-09-14;Web Development
139784;Learn to improvise on your harmonica - in nice easy steps;TRUE;"$35,00";98;1;15;Beginner Level;2 hours;2014-03-16;Musical Instruments
322332;Learn To Invest In 7 Steps;TRUE;"$50,00";137;14;21;Beginner Level;3 hours;2015-03-29;Business Finance
530246;Learn To Invest In Index Funds and ETFs In 7 Easy Steps;TRUE;"$20,00";1.132;33;18;All Levels;1 hour;2015-07-20;Business Finance
328842;Learn to invest in the Stock Market;TRUE;"$40,00";28;5;14;Beginner Level;1 hour;2014-11-12;Business Finance
520308;Learn to make a colorful one page website;TRUE;"$200,00";1.220;16;16;All Levels;34 mins;2015-06-05;Web Development
294408;Learn to Make an Animated Image Gallery using HTML5;FALSE;Free;11.080;165;7;Beginner Level;1 hour;2014-11-20;Web Development
520302;Learn to make an HTML 5 website with a video background;TRUE;"$80,00";1.236;18;14;All Levels;30 mins;2015-06-05;Web Development
551702;Learn to make websites with Google's Material Design Lite;TRUE;"$20,00";1.063;72;84;All Levels;5.5 hours;2015-07-20;Web Development
334820;Learn to Pick the Right Stock Broker Account;TRUE;"$40,00";1.102;3;14;Beginner Level;34 mins;2014-12-24;Business Finance
1236576;Learn to play and improve 12 bar blues harmonica solos;TRUE;"$40,00";4;1;27;Beginner Level;1 hour;2017-06-29;Musical Instruments
457206;Learn to Play Bassoon: Beginner to Pro in Under Four Hours!;TRUE;"$50,00";205;11;77;Beginner Level;5 hours;2015-04-15;Musical Instruments
338926;Learn to Play Clarinet: Beginner to Pro in Under Five Hours;TRUE;"$50,00";877;93;88;Beginner Level;6 hours;2015-01-01;Musical Instruments
470472;Learn to Play Euphonium: Beginner to Pro in Under Five Hours;TRUE;"$50,00";305;39;108;Beginner Level;7 hours;2015-04-16;Musical Instruments
149716;"Learn to Play Fernando Sor's 'Study in B minor"",https://www.udemy.com/study-in-b-minor/,true,115,1403,5,9,Intermediate Level,43 mins,2014-01-27T20:58:16Z
398746,Piano: The Chord Based System - Learn To Play As The Pros Do""";TRUE;"$115,00";595;20;33;All Levels;2 hours;2015-02-09;Musical Instruments
263818;Learn to Play French Horn: Beginner to Pro Made the Easy Way;TRUE;"$50,00";460;27;131;Beginner Level;8 hours;2014-10-29;Musical Instruments
1008098;Learn to play guitar and sing at the same time;TRUE;"$45,00";66;9;8;Beginner Level;1 hour;2016-11-25;Musical Instruments
106358;Learn To Play Guitar Complete Beginners Quick Start;TRUE;"$20,00";75;0;11;Beginner Level;1 hour;2013-10-16;Musical Instruments
1186514;Learn to Play Harp: Beginners Course;FALSE;Free;408;7;10;Beginner Level;41 mins;2017-04-28;Musical Instruments
1191088;Learn to play in the Key of G on any Bluegrass Instrument;FALSE;Free;349;3;36;All Levels;2.5 hours;2017-05-29;Musical Instruments
721274;Learn to Play Irish Fiddle;TRUE;"$60,00";112;7;63;Beginner Level;5.5 hours;2016-01-18;Musical Instruments
975626;Learn to Play 'Let It Snow on Piano";TRUE;"$40,00";36;4;8;Intermediate Level;1 hour;2016-10-04;Musical Instruments
374566;Learn to Play Percussion: Beginner to Pro made the Easy Way!;TRUE;"$50,00";425;7;192;All Levels;6 hours;2015-01-16;Musical Instruments
666322;Learn to Play Piano From a Concert Pianist - For Beginners;TRUE;"$200,00";3.206;18;17;Beginner Level;1 hour;2015-11-22;Musical Instruments
1224186;Learn to Play Piano Like a Pro - Easy Piano Course 1;TRUE;"$35,00";0;0;13;Beginner Level;31 mins;2017-05-30;Musical Instruments
174562;Learn to Play Saxophone: Beginner to Pro in Under Four Hours;TRUE;"$50,00";1.213;158;77;Beginner Level;5 hours;2014-03-03;Musical Instruments
1216340;Learn to Play Sweet Child of Mine;TRUE;"$20,00";0;0;23;Intermediate Level;1.5 hours;2017-06-30;Musical Instruments
968026;Learn to Play Tabla - The Indian drums;FALSE;Free;1;0;20;Beginner Level;1.5 hours;2017-07-04;Musical Instruments
140168;"Learn to Play Tarrega, Bach, and Sor on Classical Guitar";TRUE;"$195,00";556;11;27;Intermediate Level;4 hours;2014-01-27;Musical Instruments
444644;Learn to play the Bouzouki - Greek Bouzouki Lessons;TRUE;"$50,00";63;13;49;All Levels;1 hour;2015-03-19;Musical Instruments
392958;Learn To Play The Drums;TRUE;"$25,00";1.141;88;74;All Levels;8.5 hours;2015-05-28;Musical Instruments
195576;Learn To Play The Drums Without A Drum Kit;TRUE;"$25,00";1.589;52;39;All Levels;2 hours;2014-06-27;Musical Instruments
324224;Learn to Play the Flute: Beginner to Pro in Under Five Hours;TRUE;"$50,00";707;116;108;Beginner Level;7 hours;2014-10-29;Musical Instruments
388712;Learn To Play The Guitar In A Day;TRUE;"$20,00";3;1;14;Beginner Level;1 hour;2015-01-09;Musical Instruments
347104;Learn to Play the Oboe: Beginner to Pro in Under Four Hours;TRUE;"$50,00";500;39;74;Beginner Level;5 hours;2015-01-01;Musical Instruments
1111630;Learn to play the piano or keyboard from scratch;TRUE;"$145,00";1.987;11;161;Beginner Level;14 hours;2017-05-31;Musical Instruments
104304;"Learn To Play The Piano Using Pop, R&B and Gospel Chords";TRUE;"$50,00";1.504;15;14;All Levels;41 mins;2013-10-15;Musical Instruments
184780;Learn to Play the Trumpet: Beginner to Pro Made the Easy Way;TRUE;"$50,00";966;157;145;Beginner Level;7.5 hours;2014-03-21;Musical Instruments
459804;Learn to Play the Tuba: Beginner to Pro in Under Five Hours!;TRUE;"$50,00";225;19;106;All Levels;6 hours;2015-04-15;Musical Instruments
371896;Learn to Play Trombone: Go From Beginner to Pro in No Time!;TRUE;"$50,00";402;47;123;All Levels;7.5 hours;2015-03-04;Musical Instruments
149602;Learn To Play Trumpet Fast Using The Passive Trumpet Tutor;TRUE;"$50,00";92;3;71;All Levels;1.5 hours;2014-01-27;Musical Instruments
139792;Learn to play tunes by ear on harmonica - no written music;TRUE;"$35,00";73;3;15;Intermediate Level;2 hours;2014-03-23;Musical Instruments
1229488;Learn to play your favorite guitar songs by ear;TRUE;"$50,00";4.733;11;15;All Levels;1.5 hours;2017-05-27;Musical Instruments
37684;Learn To Program JavaScript (in ten easy steps);TRUE;"$75,00";2.721;96;44;Beginner Level;5.5 hours;2013-05-20;Web Development
292462;Learn to Raise the Funds You Need via Crowdfunding;TRUE;"$20,00";3.403;29;70;All Levels;8 hours;2014-09-19;Business Finance
1032864;Learn to Read & Write Music to play Piano & more instruments;TRUE;"$115,00";5.292;38;85;All Levels;10.5 hours;2016-12-27;Musical Instruments
915964;Learn to Reliably Invest In The Stock Market;TRUE;"$50,00";841;14;19;All Levels;37 mins;2016-07-29;Business Finance
197828;Learn to Setup Websites from Scratch;FALSE;Free;21.087;154;24;Beginner Level;3.5 hours;2014-04-14;Web Development
929526;Learn to trade Candlestick Patterns;TRUE;"$20,00";155;23;22;Intermediate Level;1.5 hours;2016-08-16;Business Finance
931588;Learn to trade Chart Patterns;TRUE;"$20,00";75;8;23;Intermediate Level;2 hours;2016-08-17;Business Finance
325834;Learn to Trade for Profit: Find and Trade Winning Stocks;TRUE;"$95,00";10.605;71;77;All Levels;3 hours;2014-10-24;Business Finance
597164;Learn to Trade for Profit: Finding Winning Stocks - Chinese;TRUE;"$95,00";264;0;79;All Levels;3 hours;2015-10-08;Business Finance
352150;Learn to Trade for Profit: Ten Most Profitable Trading Rules;TRUE;"$95,00";739;28;45;All Levels;2 hours;2014-12-23;Business Finance
285638;Learn to Trade for Profit:Trading with Japanese Candlesticks;TRUE;"$60,00";16.385;273;45;Beginner Level;3 hours;2014-09-02;Business Finance
1167536;Learn to Trade Forex - from Beginner to Professional;TRUE;"$195,00";89;7;64;All Levels;12.5 hours;2017-04-06;Business Finance
936328;Learn to Trade Forex and Stocks: From Beginner to Advanced;TRUE;"$200,00";1.645;25;42;All Levels;2 hours;2016-09-07;Business Finance
772480;Learn to Trade Forex Big U-Turn Trade;TRUE;"$50,00";106;13;12;Beginner Level;1 hour;2016-02-24;Business Finance
709536;Learn to Trade Forex Naked Price Action Big Shadow Trade;FALSE;Free;5.407;192;11;Intermediate Level;1 hour;2016-01-25;Business Finance
764010;Learn to Trade Forex Naked Price Action Wammie Trade;TRUE;"$40,00";159;16;13;All Levels;1 hour;2016-02-17;Business Finance
739910;Learn To Trade The Forex Naked Price Action Acapulco Trade;TRUE;"$70,00";288;9;13;Intermediate Level;1 hour;2016-01-25;Business Finance
543242;Learn to Trade The News;TRUE;"$200,00";1.924;351;544;All Levels;46.5 hours;2015-07-16;Business Finance
377370;Learn to Trade the Stock Market without Blowing Your Profits;TRUE;"$60,00";6.967;16;34;All Levels;1 hour;2017-05-02;Business Finance
1058852;Learn to trade using technical analysis;TRUE;"$50,00";0;0;6;Intermediate Level;32 mins;2017-05-02;Business Finance
931626;Learn to Trade With Fibonacci Tools;TRUE;"$30,00";252;45;30;Intermediate Level;4 hours;2016-08-17;Business Finance
60792;Learn to Use jQuery UI Widgets;FALSE;Free;23.669;521;9;Beginner Level;1 hour;2013-06-23;Web Development
788514;Learn to use JSON;TRUE;"$150,00";12.838;96;22;Beginner Level;1.5 hours;2016-03-11;Web Development
740762;Learn Top Ten PHP FrameWorks By Building Projects;TRUE;"$60,00";1.007;96;87;All Levels;17.5 hours;2016-01-27;Web Development
1048302;Learn Travis Picking From Scratch;TRUE;"$40,00";219;30;25;Intermediate Level;1.5 hours;2017-01-01;Musical Instruments
555952;Learn UI/UX and Mobile App Design in Photoshop from Scratch;TRUE;"$145,00";1.367;61;31;All Levels;3 hours;2015-08-06;Graphic Design
1272282;Learn Vikings Soundtracks on the Piano by Ear;TRUE;"$20,00";0;0;8;All Levels;35 mins;2017-06-29;Musical Instruments
947204;Learn W3.CSS;TRUE;"$50,00";1.002;7;10;All Levels;34 mins;2016-09-01;Web Development
712994;Learn Wave accounting to maintain books properly;FALSE;Free;1.089;50;27;All Levels;3 hours;2016-01-13;Business Finance
297044;Learn WCF And Web APIs From Scratch;TRUE;"$50,00";5.398;358;83;Intermediate Level;10.5 hours;2014-10-08;Web Development
628356;Learn Web Animation the Easy Way: An Intro to SVG and GSAP;TRUE;"$50,00";203;33;15;All Levels;3 hours;2015-10-02;Web Development
28295;Learn Web Designing & HTML5/CSS3 Essentials in 4-Hours;TRUE;"$75,00";43.285;525;24;All Levels;4 hours;2013-01-03;Web Development
28295;Learn Web Designing & HTML5/CSS3 Essentials in 4-Hours;TRUE;"$75,00";43.285;525;24;All Levels;4 hours;2013-01-03;Web Development
709324;Learn Web Development by Creating a Social Network;TRUE;"$200,00";442;48;80;Beginner Level;6.5 hours;2015-12-30;Web Development
701636;Learn Web Scraping with Node.js;TRUE;"$75,00";16.731;137;10;All Levels;1 hour;2015-12-29;Web Development
777654;Learn what's new in PHP 7;FALSE;Free;12.336;271;26;Intermediate Level;3.5 hours;2016-04-04;Web Development
578900;Learn Wordpress 4 from Scratch : Create Awesome Websites;TRUE;"$75,00";2.023;8;25;All Levels;2 hours;2015-08-13;Web Development
219838;Learn XML Crash Course: Discover Essential XML Fundamentals ;TRUE;"$50,00";3.704;111;18;Intermediate Level;2 hours;2014-06-16;Web Development
420982;Learning 200 jQuery Functions with 800 Examples;TRUE;"$195,00";1.766;38;118;All Levels;18.5 hours;2015-02-24;Web Development
468726;Learning Axure RP;TRUE;"$75,00";631;103;65;All Levels;4.5 hours;2015-04-08;Web Development
123566;Learning Bootstrap 3 - Tutorial From Infinite Skills;TRUE;"$50,00";1.266;90;50;All Levels;3 hours;2013-11-21;Web Development
18448;Learning CSS3 - A Comprehensive Tutorial For Web Developers;TRUE;"$50,00";2.459;107;101;All Levels;8 hours;2012-05-24;Web Development
1075662;Learning Docker and Kubernetes by Lab;TRUE;"$30,00";586;54;56;All Levels;5 hours;2017-02-13;Web Development
846412;Learning Drupal 8;TRUE;"$50,00";577;97;101;All Levels;9.5 hours;2016-05-11;Web Development
19603;Learning Dynamic Website Design - PHP MySQL and JavaScript;TRUE;"$50,00";47.886;285;125;All Levels;12.5 hours;2012-06-18;Web Development
486412;Learning Electric Guitar for Absolute Beginners;TRUE;"$35,00";19;2;12;Beginner Level;1.5 hours;2015-05-04;Musical Instruments
30318;Learning JavaScript Programming Tutorial. A Definitive Guide;TRUE;"$50,00";17.113;380;93;All Levels;9.5 hours;2012-11-26;Web Development
421018;Learning Object-Oriented JavaScript;TRUE;"$75,00";533;54;23;Intermediate Level;3 hours;2015-02-17;Web Development
1194232;Learning Path: Akka: Building Applications and Microservices;TRUE;"$200,00";88;8;55;Intermediate Level;4.5 hours;2017-05-04;Web Development
1225030;Learning Path: Magento: Master and Test Magento 2 with Ease;TRUE;"$200,00";155;9;37;Expert Level;6 hours;2017-05-26;Web Development
1179104;Learning Path: React: Make Stunning React Websites;TRUE;"$200,00";91;5;53;Expert Level;6.5 hours;2017-04-18;Web Development
1227578;Learning Path: The Road to Elasticsearch;TRUE;"$200,00";50;5;60;Beginner Level;5 hours;2017-05-29;Web Development
1270222;Learning Path: Web Applications with Spring and Angular;TRUE;"$200,00";19;2;33;Expert Level;4 hours;2017-06-28;Web Development
711688;Learning Photoshop CC 2014 in Egyptian Arabic ;TRUE;"$70,00";1.150;68;25;All Levels;3.5 hours;2016-01-10;Graphic Design
780150;Learning Photoshop CC 2015;TRUE;"$50,00";311;49;163;All Levels;10.5 hours;2016-03-08;Graphic Design
537884;Leasing - A Comprehensive Study (Professional Course Level);TRUE;"$20,00";3.094;2;22;All Levels;3.5 hours;2015-07-17;Business Finance
295909;Legal Accounting;TRUE;"$110,00";26;6;49;All Levels;4 hours;2014-09-21;Business Finance
1009166;Lerning PHP by building website;TRUE;"$185,00";567;63;34;All Levels;8 hours;2016-11-17;Web Development
188584;Letras en Adobe Illustrator;TRUE;"$40,00";0;0;13;Beginner Level;2.5 hours;2014-04-04;Graphic Design
1085064;Let's JavaScript!  Code a calculator;TRUE;"$35,00";380;10;30;Beginner Level;2 hours;2017-02-23;Web Development
801186;Lettering;TRUE;"$40,00";135;33;14;All Levels;1.5 hours;2016-03-24;Graphic Design
1066002;Leve a sua técnica de pedal duplo para um novo patamar;TRUE;"$40,00";42;4;196;Intermediate Level;5.5 hours;2017-01-16;Musical Instruments
229360;Level 1 2014 CFA® Program – Corporate Finance;TRUE;"$40,00";204;1;18;All Levels;3 hours;2014-06-21;Business Finance
239416;Level 1 2014 CFA® Program – Derivatives;TRUE;"$40,00";225;2;17;All Levels;2.5 hours;2014-09-03;Business Finance
239268;Level 1 2014 CFA® Program – Equity Investments;TRUE;"$40,00";347;0;24;All Levels;4.5 hours;2015-01-30;Business Finance
455120;Life Coach Business Basics: Finance and Operations;TRUE;"$195,00";397;4;54;All Levels;3.5 hours;2015-08-27;Business Finance
381330;Live Account - ETF Trading System - Hacking The Stock Market;TRUE;"$150,00";2.318;19;16;All Levels;5 hours;2014-12-31;Business Finance
25615;Login and Registration from Scratch with PHP and MySQL;TRUE;"$20,00";1.128;77;36;Intermediate Level;2 hours;2012-10-24;Web Development
971260;Logo Design - Design a Logo in Photoshop for beginners;TRUE;"$30,00";740;20;12;Beginner Level;35 mins;2016-12-02;Graphic Design
590622;Logo Design - Guide to Logo Design in Photoshop;TRUE;"$25,00";6.215;86;17;All Levels;2 hours;2016-02-05;Graphic Design
750934;Logo Design By Example : Design 5 Famous Logos;TRUE;"$50,00";2.199;28;16;Beginner Level;1 hour;2016-02-03;Graphic Design
249126;Logo Design Essentials ;TRUE;"$20,00";33.205;481;12;All Levels;42 mins;2014-06-30;Graphic Design
192726;Logo Design for Entrepreneurs ;TRUE;"$20,00";274;10;49;Beginner Level;3.5 hours;2014-04-04;Graphic Design
744696;Logo Design for Everybody;TRUE;"$30,00";706;10;24;Beginner Level;5.5 hours;2016-03-08;Graphic Design
595876;Logo Design in Adobe Illustrator - for Beginners & Beyond;TRUE;"$200,00";4.297;337;110;All Levels;7.5 hours;2015-10-01;Graphic Design
775252;LOGO DESIGN IN POWERPOINT;TRUE;"$95,00";1.046;12;28;Beginner Level;1 hour;2016-04-15;Graphic Design
938680;Logo Design Made Easy: Create your own logo in PowerPoint;TRUE;"$20,00";1.086;17;8;Beginner Level;1 hour;2016-11-22;Graphic Design
416548;Logo Design Masterclass: Learn Logo Design + Illustrator;TRUE;"$200,00";8.196;479;85;All Levels;6.5 hours;2015-08-18;Graphic Design
720300;Logo Design Theory & Application Bootcamp;TRUE;"$50,00";341;57;35;All Levels;7 hours;2016-01-10;Graphic Design
356840;Logo design: How To Design an Awesome Logo in Illustrator;TRUE;"$195,00";3.131;131;56;All Levels;5.5 hours;2014-11-28;Graphic Design
661628;Logo Design: Mastering the Wordmark;TRUE;"$20,00";500;29;17;All Levels;2 hours;2015-11-09;Graphic Design
385462;Logo Designing for Your Business in an Hour;TRUE;"$20,00";25.277;311;16;All Levels;1 hour;2015-01-05;Graphic Design
1027080;Logo Portfolio in 1 Hour in Wordpress;TRUE;"$100,00";734;9;36;All Levels;1 hour;2016-12-06;Graphic Design
55569;Los 7 Acordes para Tocarlo Todo en un fin de semana;TRUE;"$20,00";332;23;42;Beginner Level;2 hours;2013-07-06;Musical Instruments
570188;Low Poly Portrait Illustration;TRUE;"$20,00";4;0;8;All Levels;41 mins;2015-08-04;Graphic Design
439968;Magazine Design: Start your own magazine in less than 24hrs;TRUE;"$20,00";802;10;30;All Levels;2 hours;2015-03-22;Graphic Design
1058262;Major Scales and Modes for Chromatic Harmonica;TRUE;"$20,00";6;1;14;All Levels;1.5 hours;2017-04-10;Musical Instruments
241590;Make a professional website - 30 Day Guarantee. Discounted!;TRUE;"$20,00";11.167;34;13;All Levels;2 hours;2014-06-23;Web Development
794398;Make Electronic Music with the iPad;TRUE;"$20,00";13;0;69;Beginner Level;1.5 hours;2016-04-01;Musical Instruments
784478;Make Flat Design Space Ships in 30 Minutes in Illustrator!;TRUE;"$50,00";1.146;41;5;Beginner Level;33 mins;2016-04-06;Graphic Design
738198;Make flat design trees in Adobe Illustrator in 30 minutes!;TRUE;"$50,00";2.087;95;6;Beginner Level;38 mins;2016-01-22;Graphic Design
288850;Make Logo design pay with illustrator in less than a day;TRUE;"$50,00";22;1;20;All Levels;4 hours;2014-09-01;Graphic Design
771044;"Make Money With Photoshop: Logos, Business Cards & Brochures";TRUE;"$100,00";32;4;21;All Levels;5 hours;2016-08-14;Graphic Design
987865;Make Patterns in Illustrator;TRUE;"$20,00";0;0;32;Beginner Level;3.5 hours;2017-05-25;Graphic Design
640428;Make tech circles in Adobe Illustrator in 30 minutes;TRUE;"$200,00";821;15;5;All Levels;32 mins;2015-10-14;Graphic Design
640426;Make Tech circles in Adobe Photoshop and Illustrator;TRUE;"$200,00";1.150;10;13;All Levels;1 hour;2015-10-14;Graphic Design
625920;Make tech circles in Photoshop in 30 minutes!;TRUE;"$50,00";1.056;15;8;All Levels;34 mins;2015-10-09;Graphic Design
622122;Make your own great designs in PowerPoint: Quick & Easy;TRUE;"$20,00";19;6;10;Beginner Level;1 hour;2015-09-30;Graphic Design
831294;Make Your Own Ukulele;TRUE;"$85,00";452;5;23;All Levels;4.5 hours;2016-08-29;Musical Instruments
1047508;Make yourself a Santa Claus: Photoshop Manipulation;FALSE;Free;2.665;20;8;All Levels;34 mins;2016-12-22;Graphic Design
753154;Making Corporate Flyers in Photoshop;TRUE;"$20,00";4;3;7;All Levels;31 mins;2016-02-05;Graphic Design
286160;Making Killer Images in Photoshop that WOW Clients!;TRUE;"$95,00";45;1;26;Intermediate Level;5 hours;2014-10-25;Graphic Design
1024862;Making Tax Digital - UK HMRC Legislation Explained;FALSE;Free;743;0;7;All Levels;1 hour;2017-06-06;Business Finance
1053462;Management Accounting A Complete Study;TRUE;"$150,00";133;3;158;All Levels;17.5 hours;2016-12-29;Business Finance
1141708;Managerial Accounting - The Ultimate Beginner Course!;TRUE;"$100,00";11;0;121;Beginner Level;11 hours;2017-04-13;Business Finance
994118;Managing Budgets in the Public and Non Profit Sector;TRUE;"$95,00";4;0;20;All Levels;2 hours;2017-06-22;Business Finance
574194;Manipulate Photos with GIMP;TRUE;"$20,00";34;4;11;All Levels;2 hours;2015-08-09;Graphic Design
713492;Mantenimiento y octavación para guitarras eléctricas;TRUE;"$35,00";12;3;14;All Levels;1 hour;2016-04-27;Musical Instruments
371828;Manual Bookkeeping;TRUE;"$20,00";28;2;26;Intermediate Level;2.5 hours;2015-07-24;Business Finance
408118;Marvelous Logo Design;TRUE;"$20,00";91;5;13;All Levels;1.5 hours;2015-01-30;Graphic Design
148982;Mashup - Transform a scanned sketch into a digital painting;TRUE;"$20,00";57;3;16;Intermediate Level;2 hours;2014-10-23;Graphic Design
585566;Master Adobe Photoshop Lightroom CC - From Beginner to Advan;TRUE;"$50,00";1.468;190;141;Beginner Level;8 hours;2015-08-18;Graphic Design
1030774;Master all PHP ideas 2017 to build any project;TRUE;"$50,00";376;19;49;Beginner Level;3 hours;2017-02-12;Web Development
1019918;Master Angular 2 - The No Nonsense Course;TRUE;"$25,00";102;27;36;Beginner Level;2.5 hours;2016-11-24;Web Development
1142202;Master Angular 4 by Example - Build 7 Awesome Apps!;TRUE;"$195,00";596;32;84;All Levels;8 hours;2017-05-01;Web Development
693812;Master App Icon Design for iPhone (IOS) & Android Devices;TRUE;"$25,00";9.464;329;43;Intermediate Level;2 hours;2015-12-21;Graphic Design
442580;Master ASP . NET 4 from scratch;TRUE;"$50,00";613;135;116;All Levels;16 hours;2015-08-18;Web Development
44319;Master Calendar Spreads with this live trade on Gold (GLD);TRUE;"$60,00";540;44;6;Expert Level;1 hour;2013-03-02;Business Finance
1003568;Master Class # 11:  Play Piano Techniques Learn Piano 1 to10;TRUE;"$95,00";2.164;10;113;All Levels;2 hours;2016-11-07;Musical Instruments
1123250;Master Class Piano Techniques: Tips To EZ Coordinate 2 Hands;TRUE;"$95,00";2.026;3;62;Intermediate Level;2.5 hours;2017-03-09;Musical Instruments
673142;master course - realistisch zeichnen lernen;TRUE;"$20,00";280;46;33;All Levels;5 hours;2016-02-10;Graphic Design
911318;Master ECMAScript 2015 (ES6);FALSE;Free;7.438;441;37;All Levels;2.5 hours;2016-11-28;Web Development
941998;"Master Electron: Desktop Apps using HTML, JavaScript & CSS";TRUE;"$165,00";1.902;224;47;Intermediate Level;5.5 hours;2017-03-21;Web Development
511942;Master EmberJS : Learn Ember JS From Scratch;TRUE;"$120,00";707;59;103;All Levels;6.5 hours;2015-07-10;Web Development
637974;Master ExpressJS to Build Web Apps with NodeJS&JavaScript;TRUE;"$50,00";2.643;56;24;All Levels;3.5 hours;2016-01-07;Web Development
323196;Master Finance in Three Hours;TRUE;"$20,00";721;12;29;Beginner Level;3 hours;2014-10-28;Business Finance
324226;Master Flute Playing: Intermediate Instruction Made Simple!;TRUE;"$50,00";288;15;100;Intermediate Level;6 hours;2014-10-29;Musical Instruments
338308;Master Graphic Design Using Photoshop with Rachael;TRUE;"$25,00";598;22;13;All Levels;1.5 hours;2014-11-07;Graphic Design
42643;Master Iron Condors - Double the credit for half the risk;TRUE;"$60,00";1.338;139;7;Expert Level;1 hour;2013-03-02;Business Finance
1260288;"Master JavaScript Programming, 3 Projects Included !!";TRUE;"$20,00";3.903;53;107;All Levels;10.5 hours;2017-06-27;Web Development
349586;Master Manga Studio 5: Bonus Drawing and Painting;TRUE;"$165,00";2.325;155;61;All Levels;8 hours;2015-02-06;Graphic Design
349142;Master Oboe Playing: Intermediate Instruction Made Simple!;TRUE;"$50,00";98;6;73;Intermediate Level;5.5 hours;2015-01-01;Musical Instruments
1134330;Master Regular Expressions from scratch - All languages;TRUE;"$70,00";1.925;27;38;All Levels;2 hours;2017-04-27;Web Development
806536;Master Riot: Learn Riot.js from Scratch;TRUE;"$125,00";299;75;34;Intermediate Level;3.5 hours;2016-07-14;Web Development
43441;Master 'Technical Analysis and Chart reading skills Bundle";TRUE;"$120,00";3.348;352;13;All Levels;3 hours;2013-02-25;Business Finance
1163644;Master Terrazzo: Creating Vector Tiles with Adobe Illustrati;TRUE;"$20,00";2;1;11;Intermediate Level;1 hour;2017-03-31;Graphic Design
1052518;Master the Art of Web Design with HTML & CSS;TRUE;"$145,00";550;15;59;All Levels;3 hours;2016-12-28;Web Development
429364;Master the Basics of HTML5 & CSS3: Beginner Web Development;FALSE;Free;26.541;750;38;Beginner Level;3 hours;2015-05-21;Web Development
459207;Master the Bassoon - Intermediate Instruction Made Simple!;TRUE;"$50,00";177;3;102;All Levels;7.5 hours;2015-04-15;Musical Instruments
344348;Master the Clarinet: Intermediate Instruction Made Simple!;TRUE;"$50,00";232;11;97;All Levels;7 hours;2015-01-01;Musical Instruments
470482;"Master the Euphonium with Simple, Intermediate Instruction!";TRUE;"$50,00";120;6;106;Intermediate Level;8 hours;2015-04-16;Musical Instruments
263846;Master the French Horn: Intermediate Instruction Made Simple;TRUE;"$50,00";68;8;126;Intermediate Level;7.5 hours;2014-10-29;Musical Instruments
653846;Master the MEAN Stack - Learn By Example;TRUE;"$195,00";25.799;382;42;Intermediate Level;4.5 hours;2016-01-03;Web Development
894336;Master The Psychology of Forex & Binary Options Trading;TRUE;"$20,00";53;16;7;Intermediate Level;1 hour;2016-07-04;Business Finance
180680;Master the Saxophone: Intermediate Instruction Made Simple!;TRUE;"$50,00";376;9;86;Intermediate Level;5.5 hours;2014-03-17;Musical Instruments
475912;Master The Stock Market with practice;TRUE;"$35,00";49;10;42;All Levels;2 hours;2015-05-15;Business Finance
373636;Master the Trombone: Intermediate Instruction Made Simple!;TRUE;"$50,00";231;7;110;All Levels;9 hours;2015-03-04;Musical Instruments
459888;Master the Tuba - Intermediate Instruction Made Simple!;TRUE;"$50,00";184;5;107;Intermediate Level;8.5 hours;2015-04-15;Musical Instruments
185266;Master Trumpet Playing: Intermediate Instruction Made Simple;TRUE;"$50,00";292;18;130;Intermediate Level;7 hours;2014-03-24;Musical Instruments
591116;Master Typescript : Learn Typescript from scratch;TRUE;"$95,00";424;45;60;All Levels;3.5 hours;2015-10-16;Web Development
676554;Master WCF 4.0 From Scratch Using C#;TRUE;"$50,00";415;67;53;All Levels;7 hours;2015-11-23;Web Development
708674;Master WordPress Plugins: Shortcodes Ultimate - The Basics;FALSE;Free;10.780;110;19;All Levels;1 hour;2016-01-14;Web Development
1123226;MasterClass-Japanese &  Heiken Ashi CandleStick Patterns;TRUE;"$195,00";375;10;26;All Levels;3.5 hours;2017-03-12;Business Finance
1149656;Mastering advance Photoshop;TRUE;"$20,00";5.787;40;21;Intermediate Level;2 hours;2017-04-27;Graphic Design
601260;Mastering AngularJS UI Development;TRUE;"$95,00";464;26;22;Expert Level;1.5 hours;2015-09-03;Web Development
994634;Mastering ASP.NET MVC 5 From Scratch Using C#;TRUE;"$50,00";417;65;109;All Levels;13 hours;2016-12-01;Web Development
1176686;Mastering Basic CSS Selectors.;FALSE;Free;3.933;23;14;Beginner Level;3 hours;2017-05-09;Web Development
607876;Mastering Candlestick Charting : High Probability Trading;TRUE;"$50,00";123;16;35;All Levels;2 hours;2015-09-22;Business Finance
996542;Mastering Countertrend Trading : High Profit Trading Pattern;TRUE;"$40,00";14;5;11;All Levels;1 hour;2016-10-29;Business Finance
530092;Mastering CSS;TRUE;"$95,00";1.815;249;42;Expert Level;5 hours;2015-06-17;Web Development
1113036;Mastering CSS 3.0 Selectors;FALSE;Free;4.115;63;13;Intermediate Level;2 hours;2017-02-22;Web Development
976284;Mastering DevOps;TRUE;"$100,00";1.023;118;38;Intermediate Level;6 hours;2016-10-21;Web Development
674350;Mastering Futures Options for Beginners - Your Top 5 Plays!;TRUE;"$200,00";1.185;10;33;Beginner Level;2.5 hours;2016-02-02;Business Finance
1217778;Mastering High Probability Iron Condor Options Trading;TRUE;"$200,00";1.030;11;22;All Levels;2 hours;2017-06-01;Business Finance
30243;Mastering HTML5 Programming - The Easier Way;TRUE;"$75,00";21.653;138;35;All Levels;7 hours;2013-01-07;Web Development
602218;Mastering JavaScript;TRUE;"$95,00";694;39;39;Expert Level;4 hours;2015-09-04;Web Development
961684;Mastering Logo Design - 20 Projects step-by-step;TRUE;"$200,00";2.599;24;77;All Levels;7.5 hours;2016-09-25;Graphic Design
368679;Mastering Magento;TRUE;"$85,00";1.063;101;40;All Levels;3.5 hours;2014-12-15;Web Development
693726;Mastering Meteor: Reactive Full Stack JavaScript;TRUE;"$95,00";494;46;37;Expert Level;3 hours;2015-12-10;Web Development
1204208;Mastering Micro Services Using Java Spring Boot;TRUE;"$195,00";1.649;34;25;All Levels;2 hours;2017-05-17;Web Development
1135712;Mastering Modern Web Development Using React;TRUE;"$195,00";1.537;8;29;All Levels;2.5 hours;2017-03-13;Web Development
1223012;Mastering 'Native CSS Shapes To Build Modern Web Pages";TRUE;"$195,00";1.040;5;30;All Levels;3.5 hours;2017-05-29;Web Development
1062048;Mastering Photoshop CC 2017 - The Art of Design & Technology;TRUE;"$20,00";3.721;95;46;All Levels;6.5 hours;2017-02-04;Graphic Design
506164;Mastering Photoshop Elements 13 Made Easy Training Tutorial;TRUE;"$20,00";1.738;8;166;Beginner Level;10.5 hours;2015-05-22;Graphic Design
1088924;Mastering Photoshop Elements 15 Made Easy Training Tutorial;TRUE;"$30,00";13;4;185;Beginner Level;6.5 hours;2017-02-03;Graphic Design
341952;Mastering Photoshop: From Beginner to Industry Professional;TRUE;"$25,00";1.754;52;79;Intermediate Level;12.5 hours;2014-11-25;Graphic Design
473474;Mastering Realistic Real Life Drawing with Pencil;TRUE;"$20,00";33;5;12;Beginner Level;39 mins;2015-04-20;Graphic Design
482924;Mastering Retouching and Restoration (15 projects Included);TRUE;"$100,00";4.927;15;22;All Levels;2.5 hours;2015-04-26;Graphic Design
767256;Mastering Technical Analysis : Maximizing Trading Profits;TRUE;"$60,00";325;14;62;All Levels;5 hours;2016-03-04;Business Finance
1125814;Mastering Text Animation in After Effect;TRUE;"$20,00";1;1;9;Intermediate Level;1 hour;2017-02-26;Graphic Design
82960;Mastering the Art of Guitar Chords;TRUE;"$20,00";78;0;18;Beginner Level;1.5 hours;2013-11-18;Musical Instruments
447136;Mastering the Google Chrome Developer Tools;TRUE;"$20,00";2.002;41;31;All Levels;40 mins;2015-04-21;Web Development
1032234;Mastering the Market : (Technical Analysis + Candlestick);TRUE;"$90,00";18;7;97;All Levels;7 hours;2016-12-16;Business Finance
736250;Mastering Thymeleaf with Spring;TRUE;"$75,00";942;161;64;All Levels;4.5 hours;2016-02-05;Web Development
708514;Mastering TypeScript;TRUE;"$95,00";353;34;41;Expert Level;3 hours;2015-12-29;Web Development
1159822;Mastering Unix : AWK Commands;TRUE;"$20,00";358;0;23;All Levels;2 hours;2017-05-03;Web Development
707682;Mastering Web and Mobile Debugging Using Chrome Dev Tools;TRUE;"$195,00";1.102;12;21;All Levels;2 hours;2016-01-29;Web Development
941310;Matemática Financeira com HP12C e MS Excel;TRUE;"$20,00";74;17;30;Beginner Level;4.5 hours;2016-10-12;Business Finance
53211;Matemática Financeira de um jeito fácil;TRUE;"$95,00";401;67;20;All Levels;1.5 hours;2013-07-23;Business Finance
484132;MBA Accounting and Finance for Managers(Paper MS04 of IGNOU);TRUE;"$150,00";1.340;4;272;All Levels;26 hours;2015-07-19;Business Finance
364566;MCA Accountancy and Financial Management -Paper MCS 35 IGNOU;TRUE;"$180,00";3.667;4;460;All Levels;43.5 hours;2014-12-06;Business Finance
364206;Media Training for Financial Service Professionals;TRUE;"$20,00";1.254;2;64;All Levels;7 hours;2014-12-11;Business Finance
1020244;Mental Models For Wall Street - Become A Better Trader;FALSE;Free;1.067;50;35;All Levels;2 hours;2016-12-14;Business Finance
112296;Mergers and Acquisitions M&A Essentials You Need to Know;TRUE;"$95,00";4.103;19;15;Beginner Level;1 hour;2013-11-13;Business Finance
586680;Mestres do Photoshop;TRUE;"$30,00";86;18;52;All Levels;5.5 hours;2015-08-21;Graphic Design
915206;MetaTrader4 Platform Training;FALSE;Free;1.819;45;15;Beginner Level;1.5 hours;2016-09-21;Business Finance
832862;Meteor and React for Realtime Apps;TRUE;"$140,00";6.527;1.384;111;All Levels;9 hours;2016-05-23;Web Development
185526;MicroStation - Células;TRUE;"$20,00";0;0;9;Beginner Level;37 mins;2014-04-15;Graphic Design
185526;MicroStation - Células;TRUE;"$20,00";0;0;9;Beginner Level;37 mins;2014-04-15;Graphic Design
185538;MicroStation - Niveles;TRUE;"$20,00";2;0;7;Beginner Level;34 mins;2014-04-15;Graphic Design
544234;Mike G's Beginner Drum Course: Part 1;TRUE;"$35,00";515;14;20;Beginner Level;3 hours;2015-11-01;Musical Instruments
664764;Mike G's Beginner Drum Course: Part 2;TRUE;"$40,00";305;0;23;All Levels;2.5 hours;2016-03-10;Musical Instruments
273256;Mind-Blowing Photoshop: Master Skills Season 1;TRUE;"$20,00";94;3;69;All Levels;3 hours;2014-08-08;Graphic Design
1172370;Mit Finanzwissen zu besserem Unternehmertum;TRUE;"$50,00";49;3;23;Beginner Level;3 hours;2017-05-10;Business Finance
1015308;Mobile App Design in Photoshop from Scratch - UI & UX DESIGN;TRUE;"$195,00";1.282;17;19;All Levels;2.5 hours;2016-12-28;Graphic Design
998580;Mobile App Design: From Beginner to Intermediate;TRUE;"$140,00";896;21;108;All Levels;10 hours;2017-02-20;Graphic Design
837722;Modal Theory for Guitar (Guitar Lessons from Lutz Academy);TRUE;"$50,00";1.039;29;9;All Levels;1.5 hours;2016-05-06;Musical Instruments
1048188;Modern Country Guitar: Technique Booster;TRUE;"$30,00";1.152;16;42;Intermediate Level;2.5 hours;2017-01-26;Musical Instruments
1008246;Modern E-Commerce Store In php & mysqli With Bootstrap;TRUE;"$50,00";240;45;358;All Levels;66.5 hours;2016-12-09;Web Development
807874;"Modern JavaScript: Building Real-World, Real-Time Apps";TRUE;"$50,00";1.871;154;60;Intermediate Level;13.5 hours;2016-03-30;Web Development
182940;Modern Piano Lessons For Beginners;TRUE;"$20,00";736;6;46;Beginner Level;5 hours;2014-04-01;Musical Instruments
705264;Modern React with Redux;TRUE;"$180,00";50.815;15.117;150;All Levels;26.5 hours;2015-12-28;Web Development
1029440;Modern Rock Guitar Techniques;TRUE;"$50,00";3.157;375;32;Intermediate Level;3 hours;2016-12-08;Musical Instruments
715516;Modern Web Development with Laravel 5.2 (PHP Framework);TRUE;"$120,00";2.142;536;71;All Levels;12 hours;2016-01-24;Web Development
964732;"Modern Web Development with SASS, Gulp, NPM & Web Workflows";TRUE;"$95,00";502;62;59;Beginner Level;5 hours;2016-12-31;Web Development
632368;Monatlich Geld anlegen für später!;TRUE;"$30,00";5.983;135;7;Beginner Level;37 mins;2015-10-06;Business Finance
247940;Monetizing Your Website: How to Add Cost-Per-Action (CPA) ;TRUE;"$35,00";142;4;18;All Levels;1 hour;2014-06-30;Business Finance
756914;MongooseJS Essentials - Learn MongoDB for Node.js;FALSE;Free;21.682;1.106;8;Beginner Level;44 mins;2016-03-12;Web Development
907408;Morphing  with After Effect : Everything you need to know;TRUE;"$20,00";421;10;18;All Levels;1 hour;2016-07-21;Graphic Design
504620;Mortgage Acceleration;TRUE;"$20,00";247;2;17;All Levels;1.5 hours;2015-08-21;Business Finance
180372;Mortgage Backed Securities;TRUE;"$50,00";376;29;21;All Levels;3.5 hours;2014-03-13;Business Finance
792232;Most Wanted Flat Design Techniques;TRUE;"$195,00";2.081;35;61;Intermediate Level;4.5 hours;2016-03-17;Graphic Design
787340;Most Wanted Flat Design Techniques #1: Desert Island;FALSE;Free;4.294;143;15;Intermediate Level;1 hour;2016-03-17;Graphic Design
787204;Most Wanted Flat Design Techniques #2: Hipster Businessman;TRUE;"$95,00";1.016;5;25;Intermediate Level;1.5 hours;2016-03-17;Graphic Design
787096;Most Wanted Flat Design Techniques #3: Office Space;TRUE;"$95,00";1.028;2;26;Intermediate Level;2 hours;2016-03-17;Graphic Design
861742;Motion Graphic With After Effect From Scratch in 5 Hours;TRUE;"$30,00";50;7;45;All Levels;4 hours;2016-06-01;Graphic Design
542950;MQL4 Bootcamp Tutorial- Trading Robot Coding in Metatrader4;TRUE;"$20,00";313;14;25;Beginner Level;1 hour;2015-07-05;Business Finance
703770;MQL4 Programming for Traders: Build Robust Trading Robots!;TRUE;"$195,00";1.367;33;74;All Levels;7 hours;2016-02-22;Business Finance
542028;MQL4 Tutorial Bootcamp - Trading Robot Coding in Metatrader4;TRUE;"$30,00";1.278;33;23;Beginner Level;43 mins;2015-07-02;Business Finance
518886;MQL4 Tutorial Golden Goose;TRUE;"$20,00";135;5;12;Beginner Level;1.5 hours;2015-06-07;Business Finance
1021760;MQL5 - Beginner To Expert;TRUE;"$45,00";16;1;16;Beginner Level;1.5 hours;2017-04-06;Business Finance
745110;MQL5 Tutorial Bootcamp;TRUE;"$20,00";978;7;13;Beginner Level;32 mins;2016-01-29;Business Finance
52118;"Multiply your returns using 'Value Investing"",https://www.udemy.com/multiply-your-returns-using-value-investing/,true,20,1942,19,63,All Levels,4.5 hours,2015-07-23T00:08:33Z
874284,Weekly Forex Analysis by Baraq FX""";FALSE;Free;3.035;12;14;All Levels;1.5 hours;2016-06-20;Business Finance
430992;Mundharmonika spielen - mein schönstes Hobby;TRUE;"$20,00";65;7;77;Beginner Level;2.5 hours;2015-06-09;Musical Instruments
624118;Music Fundamentals: Learn Beatmaking with Pen Tapping;TRUE;"$200,00";537;2;22;All Levels;2 hours;2015-11-13;Musical Instruments
602812;"Music Theory, Guitar and Ear Training";TRUE;"$60,00";30;3;39;Beginner Level;3 hours;2015-11-22;Musical Instruments
627332;Mutual Funds for Investors in Retirement Accounts;TRUE;"$20,00";0;0;0;All Levels;0;2015-12-17;Business Finance
990440;My Forex Strategy that win consistently over and over;TRUE;"$200,00";204;23;9;Intermediate Level;1.5 hours;2016-10-29;Business Finance
1103718;Naked Put Options Trade Covered Call & Poor Man Covered Call;TRUE;"$200,00";939;7;19;All Levels;1.5 hours;2017-02-10;Business Finance
298522;Navigate the 10-K and Other Financial Reports;TRUE;"$40,00";653;55;20;All Levels;2.5 hours;2014-11-08;Business Finance
250902;Nest Egg Investing;TRUE;"$45,00";6;0;12;Beginner Level;2 hours;2014-06-27;Business Finance
455054;Ninja Chord Changes - Master your guitar chord changes;TRUE;"$30,00";1.327;11;13;Beginner Level;1.5 hours;2015-03-29;Musical Instruments
925854;No Bull Investing: Investing 101 For Financial Freedom;TRUE;"$100,00";1.213;12;25;Beginner Level;6.5 hours;2017-03-13;Business Finance
1241518;Node Package Manager Course: Build and Publish NPM Modules;TRUE;"$30,00";7.196;8;38;All Levels;6.5 hours;2017-06-06;Web Development
1103954;Node.js: The Essentials + API Frameworks Express KOA Sails;TRUE;"$20,00";2.760;52;34;Beginner Level;1 hour;2017-02-16;Web Development
1170920;Node:js : Building Rest Apis with Sails.js;TRUE;"$100,00";61;9;44;Beginner Level;2 hours;2017-04-27;Web Development
830994;Non Directional Weekly Options Trading System - ETF & Emini;TRUE;"$200,00";897;22;21;All Levels;2 hours;2016-05-24;Business Finance
305368;NPV and IRR Techniques for CA / CFA / CPA Exams;TRUE;"$20,00";1.551;5;55;Beginner Level;7.5 hours;2014-09-22;Business Finance
177472;Nuke X: Aprende composición digital;TRUE;"$35,00";3;1;21;Beginner Level;2.5 hours;2014-04-01;Graphic Design
304424;Numbers for the  Business Plan;TRUE;"$20,00";210;1;12;All Levels;1.5 hours;2014-09-22;Business Finance
974954;Numeracy skills in business and everyday life:Think and Deal;TRUE;"$20,00";90;4;15;Beginner Level;38 mins;2016-10-11;Business Finance
1024800;???? ???? ??????? ????????? ????????? - Adobe illustrator CC;TRUE;"$30,00";1;1;24;Beginner Level;4.5 hours;2017-06-08;Graphic Design
1185936;?????? ????????? ???? ??????? ???????? ??????? ??????;FALSE;Free;368;3;69;All Levels;20.5 hours;2017-04-25;Business Finance
967486;?????? ??????? illustrator from zero to hero;TRUE;"$150,00";155;40;158;All Levels;30 hours;2016-12-19;Graphic Design
986024;?????? ???????? ???????? ?????? ??????????;TRUE;"$25,00";781;7;8;Beginner Level;39 mins;2016-10-28;Business Finance
821108;???????? ????????? ? ??? ?????????;TRUE;"$20,00";9;3;17;Beginner Level;43 mins;2016-04-23;Business Finance
1000116;????? ?????? ????? ?????????Photoshop;TRUE;"$20,00";272;11;12;Beginner Level;2 hours;2016-12-22;Graphic Design
1031648;????? ??????? ???????? ???????? | Circular Templates Vegas;TRUE;"$20,00";5;2;9;All Levels;36 mins;2016-12-22;Graphic Design
735796;Object Orientation in PHP;TRUE;"$20,00";151;40;30;Beginner Level;5 hours;2016-02-29;Web Development
242574;Object Oriented Programming (OOP) in PHP - Build An OOP Site;TRUE;"$20,00";6.588;721;36;All Levels;2 hours;2014-06-17;Web Development
814474;Oboe Pro Series - You're going to love practicing the Oboe;TRUE;"$50,00";61;5;36;All Levels;7 hours;2016-04-08;Musical Instruments
912254;"Oboe Solos: Learn to Perform Three Fun, Unique Pieces!";TRUE;"$50,00";41;0;43;All Levels;2 hours;2016-07-28;Musical Instruments
42255;Old-Time Banjo for the Absolute Beginner;TRUE;"$25,00";192;21;17;Beginner Level;1.5 hours;2014-03-12;Musical Instruments
369132;One-stop Ruby on Rails: Build Web Applications from Scratch;TRUE;"$145,00";1.628;162;129;All Levels;18.5 hours;2015-01-13;Web Development
326338;OpenCV Computer Vision Application Programming ;TRUE;"$85,00";167;14;30;All Levels;2.5 hours;2014-10-24;Graphic Design
464002;Optimize! Make Best Decisions with Microsoft Excel;TRUE;"$20,00";28;3;14;Expert Level;1 hour;2015-04-01;Business Finance
803028;Optimizing investment to maximise your return;FALSE;Free;1.696;22;11;All Levels;38 mins;2016-03-25;Business Finance
1207382;Optimizing Wordpress for More Speed and Revenue;FALSE;Free;2.649;16;7;Intermediate Level;35 mins;2017-06-12;Web Development
443584;Option selling trading as income source. Beginners friendly;TRUE;"$195,00";1.276;46;61;All Levels;6 hours;2015-04-06;Business Finance
44836;Option Spreads and Credit Spreads Bundle;TRUE;"$180,00";2.212;194;24;Expert Level;4.5 hours;2013-03-05;Business Finance
556068;Option Trading - How To Earn If You Can't Predict The Market;TRUE;"$145,00";2.305;19;30;All Levels;1.5 hours;2015-07-22;Business Finance
848664;Option Trading for Rookies:  Understand Options Completely;TRUE;"$150,00";2.893;65;62;All Levels;2 hours;2016-08-10;Business Finance
920424;Option Trading for Rookies: Basic Option Strategies;TRUE;"$95,00";810;27;61;All Levels;2.5 hours;2016-08-25;Business Finance
941120;Option Trading for Rookies: Make & Manage Profitable Trades;TRUE;"$95,00";507;19;59;All Levels;2 hours;2016-09-02;Business Finance
214046;Option Trading for Rookies: The Covered Call Option Strategy;TRUE;"$95,00";6.092;25;29;Beginner Level;1.5 hours;2016-11-03;Business Finance
638980;Option Trading: How to Adjust Delta-Neutral Strangles!;TRUE;"$145,00";1.398;15;26;All Levels;1.5 hours;2015-10-19;Business Finance
881062;Options Basics & Trading With Small Capital! - Level 1;TRUE;"$30,00";120;17;19;Beginner Level;2 hours;2016-07-26;Business Finance
41961;"Options Foundation - Time Decay, Implied Volatility, Greeks";TRUE;"$60,00";459;25;14;Beginner Level;3 hours;2013-02-17;Business Finance
42197;Options Spreads Bundle-  the heart of Options Trading;TRUE;"$120,00";623;43;8;Intermediate Level;2.5 hours;2013-02-19;Business Finance
1151092;Options Trading - Calendar Spread Course for Every Trader;TRUE;"$200,00";1.113;11;17;All Levels;1.5 hours;2017-04-02;Business Finance
627540;Options Trading - How to Win with Weekly Options;TRUE;"$115,00";7.489;1.190;25;Intermediate Level;1 hour;2015-10-22;Business Finance
1148774;Options Trading 101: The Basics;FALSE;Free;1.514;66;11;Beginner Level;33 mins;2017-03-23;Business Finance
476268;Options Trading 3 : Advanced Stock Profit and Success Method;TRUE;"$195,00";5.172;34;38;Expert Level;2.5 hours;2015-05-28;Business Finance
43319;Options Trading Basics (3-Course Bundle);TRUE;"$180,00";10.100;985;45;Beginner Level;11 hours;2013-02-25;Business Finance
1187758;Options Trading Essentials: The ULTIMATE Guides;FALSE;Free;1.352;6;20;All Levels;4 hours;2017-04-24;Business Finance
1276182;Options Trading Foundation: Your journey to competency...;TRUE;"$95,00";0;0;5;Intermediate Level;1 hour;2017-07-05;Business Finance
401784;Options Trading Introduction: Day Trade Stock Options;TRUE;"$95,00";12.394;218;30;Beginner Level;2.5 hours;2015-02-20;Business Finance
434774;Options Trading Stocks: Proven Toolbox For Financial Success;TRUE;"$195,00";7.884;118;68;Intermediate Level;10 hours;2015-05-19;Business Finance
245722;Painless Piano!;TRUE;"$40,00";353;1;30;Beginner Level;3.5 hours;2014-06-23;Musical Instruments
909970;Paint atmospheric sunset with soft pastel!;TRUE;"$20,00";7;1;5;Intermediate Level;37 mins;2016-08-17;Graphic Design
908996;Parse Server: From Front End to Full Stack;TRUE;"$200,00";1.130;162;66;Intermediate Level;6 hours;2016-07-29;Web Development
935900;Pedais de efeito para Contrabaixo;TRUE;"$50,00";10;3;10;All Levels;2.5 hours;2016-08-26;Musical Instruments
1095116;Penny Stocks King: How 2 really Trade Penny Stocks (6 Hours);TRUE;"$200,00";1.085;17;48;All Levels;6 hours;2017-02-03;Business Finance
1122146;Penny Stocks Value & Chart Pattern Trading (2 Course Bundle);TRUE;"$200,00";1.033;2;31;Beginner Level;1.5 hours;2017-02-22;Business Finance
1253224;Pentatonic Scale Crash Course for Bass Guitar;FALSE;Free;898;6;24;Intermediate Level;1 hour;2017-06-15;Musical Instruments
403078;Percussive Fingerstyle Guitar;TRUE;"$50,00";886;43;74;Intermediate Level;1.5 hours;2015-02-02;Musical Instruments
1075570;Perfect React JS Course - Understand Relevant Details;TRUE;"$200,00";653;20;25;Beginner Level;1 hour;2017-01-17;Web Development
832870;Photo Editing in Photoshop - Beginner to Advanced in 1 Hour;TRUE;"$20,00";662;5;21;Beginner Level;1 hour;2016-05-09;Graphic Design
1219814;Photo Manipulation: Master Photo Editing;TRUE;"$75,00";326;6;43;All Levels;1 hour;2017-07-03;Graphic Design
1128984;Photoshop - Aprende a Transformar Imágenes;TRUE;"$20,00";0;0;14;Beginner Level;1 hour;2017-03-08;Graphic Design
1216164;Photoshop - Automatização com Adobe Script;TRUE;"$195,00";7;0;87;Intermediate Level;8.5 hours;2017-05-15;Graphic Design
1246636;Photoshop - Como criar Fusão de forma profissional;TRUE;"$30,00";38;6;34;All Levels;4 hours;2017-06-12;Graphic Design
1246518;Photoshop - Composição vintage;TRUE;"$30,00";35;4;9;All Levels;1 hour;2017-06-12;Graphic Design
1137738;Photoshop - Creación de Efectos;TRUE;"$20,00";0;0;11;Beginner Level;1 hour;2017-03-24;Graphic Design
1185898;Photoshop - Creación de Efectos 2;TRUE;"$30,00";0;0;9;Beginner Level;1 hour;2017-05-17;Graphic Design
950894;photoshop - CURSO DE PHOTOSHOP DO BÁSICO AO AVANÇADO;TRUE;"$100,00";1.110;183;77;All Levels;10 hours;2017-02-06;Graphic Design
1245356;Photoshop - Revelando os segredos das Fusões;TRUE;"$20,00";858;25;17;Expert Level;3.5 hours;2017-06-08;Graphic Design
1243016;Photoshop - Tratamento de pele profissional;TRUE;"$100,00";50;5;16;Intermediate Level;1.5 hours;2017-06-06;Graphic Design
1226518;Photoshop & Illustrator CC Essentials in Arabic;FALSE;Free;3.329;193;33;Beginner Level;3.5 hours;2017-05-31;Graphic Design
447210;Photoshop | GIMP: Quick & Easy Image Hacks for Beginners;TRUE;"$135,00";1.275;26;42;Beginner Level;3.5 hours;2015-05-27;Graphic Design
1274846;Photoshop Avançado - Pós Produção e fusão com 3D;TRUE;"$135,00";15;0;6;Expert Level;1 hour;2017-07-03;Graphic Design
1257870;Photoshop CC 2015 Top New Features;FALSE;Free;1.477;3;13;All Levels;39 mins;2017-06-26;Graphic Design
960898;Photoshop CC 2017 for Beginners: Master Photoshop Essentials;TRUE;"$195,00";389;20;43;Beginner Level;3 hours;2016-11-05;Graphic Design
1142428;Photoshop CC 2017 Full Course;TRUE;"$90,00";655;18;150;Beginner Level;3.5 hours;2017-04-25;Graphic Design
1147664;Photoshop CC Egitim Seti (YENI);TRUE;"$100,00";27;5;202;All Levels;16 hours;2017-03-30;Graphic Design
561188;Photoshop CC for Beginners - A Comprehensive Crash Course;TRUE;"$200,00";6.028;205;20;Beginner Level;2.5 hours;2015-07-29;Graphic Design
850426;Photoshop CC MasterClass;TRUE;"$95,00";505;88;78;All Levels;11.5 hours;2016-05-17;Graphic Design
1047750;Photoshop CC Training - Creating Fantastic Album Cover Art;TRUE;"$50,00";1;0;8;All Levels;1 hour;2016-12-21;Graphic Design
47004;Photoshop Course: Design an eBook Cover in Photoshop;TRUE;"$50,00";11.893;69;40;All Levels;3 hours;2013-04-25;Graphic Design
303042;Photoshop CS 6 ile Fotograf Islemenin Temelleri;TRUE;"$20,00";86;10;78;Beginner Level;6 hours;2015-02-13;Graphic Design
1223336;Photoshop Essentials - Uma Introdução Detalhada;FALSE;Free;800;39;24;Beginner Level;2.5 hours;2017-05-22;Graphic Design
855188;Photoshop Essentials: Designing FaceBook Graphics;TRUE;"$20,00";616;3;19;Beginner Level;1.5 hours;2016-05-23;Graphic Design
768366;Photoshop Fantastic! - The Comprehensive Guide to Photoshop;TRUE;"$20,00";2.938;26;45;All Levels;6 hours;2016-04-06;Graphic Design
820194;Photoshop for Entrepreneurs - Design 11 Practical Projects;TRUE;"$200,00";36.288;737;63;All Levels;5 hours;2016-06-09;Graphic Design
1093760;"Photoshop From Scratch to Logos, Digital Drawing & Projects";TRUE;"$20,00";91;10;21;Beginner Level;1.5 hours;2017-05-12;Graphic Design
870368;Photoshop from Zero to Hero ( Arabic );TRUE;"$60,00";720;220;82;Beginner Level;12.5 hours;2016-06-29;Graphic Design
573064;Photoshop in Ease: Create World Amazing  Graphic Designs;TRUE;"$20,00";14.440;182;26;All Levels;3 hours;2015-08-13;Graphic Design
348116;Photoshop In-Depth: Master all of Photoshop's Tools Easily;FALSE;Free;53.851;1.779;45;All Levels;4.5 hours;2014-11-30;Graphic Design
1216554;Photoshop isn't like what you imagine A to Z .;TRUE;"$35,00";343;0;24;All Levels;3.5 hours;2017-07-06;Graphic Design
524748;Photoshop JumpStart;TRUE;"$20,00";66;13;13;Beginner Level;2 hours;2015-07-02;Graphic Design
942768;Photoshop Learn Concept Art Manipulation;TRUE;"$25,00";8;0;11;Beginner Level;1.5 hours;2016-08-30;Graphic Design
1276020;Photoshop para iniciante - o básico;TRUE;"$30,00";23;2;20;Beginner Level;3 hours;2017-07-03;Graphic Design
405488;Photoshop para novatos:  ¡desde cero hasta experto!;TRUE;"$150,00";3.000;470;134;All Levels;12 hours;2015-01-30;Graphic Design
922092;Photoshop para principiantes: ¡De cero a experto!;TRUE;"$120,00";410;15;62;Beginner Level;7.5 hours;2016-08-22;Graphic Design
559204;Photoshop Quickstart Guide to Digital Sketching;TRUE;"$20,00";1.679;24;15;Beginner Level;1 hour;2015-09-17;Graphic Design
497268;Photoshop the Art of Clipart;TRUE;"$20,00";30;3;22;Beginner Level;1 hour;2015-07-05;Graphic Design
441106;"Photoshop tips and tricks, how to change clothes";TRUE;"$20,00";837;4;26;All Levels;2 hours;2015-03-16;Graphic Design
1104858;Photoshop Tools 101;TRUE;"$50,00";6;0;49;All Levels;3 hours;2017-05-01;Graphic Design
1242692;Photoshop Workflow - Manipulação de imagem para Publicidade;TRUE;"$135,00";20;8;53;Expert Level;12.5 hours;2017-06-28;Graphic Design
406424;"Photoshop, Illustrator, InDesign & Graphic Design Principles";TRUE;"$30,00";934;143;41;All Levels;12 hours;2015-02-02;Graphic Design
431562;Photoshop: 5 Practical Techniques to Improve Your Skills;TRUE;"$20,00";780;5;5;Intermediate Level;43 mins;2015-02-26;Graphic Design
1181652;Photoshop: Automatiza invitaciones con bloc de notas y Excel;TRUE;"$30,00";86;2;18;All Levels;1.5 hours;2017-04-20;Graphic Design
181294;Photoshop: Creando efectos de luz;TRUE;"$20,00";3;1;9;Beginner Level;1.5 hours;2014-04-02;Graphic Design
181264;Photoshop: Creando elemental de agua;TRUE;"$20,00";1;1;5;Beginner Level;37 mins;2014-04-01;Graphic Design
181268;Photoshop: Creando elemental de aire;TRUE;"$20,00";0;0;5;Beginner Level;1 hour;2014-04-01;Graphic Design
1143148;PHOTOSHOP: Dessiner l'affiche du film Rogue One en style BD;TRUE;"$50,00";4;0;20;Intermediate Level;4.5 hours;2017-04-27;Graphic Design
1196852;Photoshop: How to create stunning collages;TRUE;"$20,00";2.044;17;15;Beginner Level;1.5 hours;2017-05-09;Graphic Design
349144;Photoshop: Learn Digital Painting Basics in Photoshop;TRUE;"$20,00";1.332;31;24;Beginner Level;2 hours;2014-12-06;Graphic Design
968268;Photoshop: Organización de eventos y decoración de fiestas;TRUE;"$120,00";125;5;56;Beginner Level;8.5 hours;2016-10-18;Graphic Design
269082;Photoshop: Real World Hands-on Freelance Mastery;TRUE;"$105,00";5.950;25;29;All Levels;2.5 hours;2014-09-25;Graphic Design
406054;Photoshop: Real World Learning;TRUE;"$20,00";9;0;56;All Levels;5 hours;2015-01-29;Graphic Design
724824;Photoshop ????????????????????????????????;TRUE;"$85,00";113;5;39;Intermediate Level;4.5 hours;2016-01-12;Graphic Design
701468;Photoshop??????? ???????? ???????????Photoshop????????;TRUE;"$70,00";354;27;98;All Levels;13 hours;2016-01-04;Graphic Design
863976;PHP - Send and Receive Mobile Text Messages (SMS);TRUE;"$50,00";1.626;81;18;All Levels;1.5 hours;2016-06-15;Web Development
32649;PHP & MySQL - Learn The Easy Way. Master PHP & MySQL Quickly;TRUE;"$50,00";5.549;92;143;All Levels;15.5 hours;2012-12-15;Web Development
862428;PHP : Learn to upload files to Amazon S3 and use CloudFront;TRUE;"$50,00";1.216;36;28;All Levels;3 hours;2016-06-15;Web Development
970252;PHP :basics for beginners;TRUE;"$45,00";1.562;4;12;All Levels;1.5 hours;2016-09-28;Web Development
1016650;PHP CodeIgniter:CRUD concepts in MVC;TRUE;"$40,00";601;4;6;All Levels;35 mins;2016-11-27;Web Development
838418;PHP Date and Time Course by Edwin Diaz;TRUE;"$40,00";1.653;53;14;All Levels;1.5 hours;2016-05-03;Web Development
180547;PHP Development with the Laravel Framework;TRUE;"$50,00";1.611;24;20;All Levels;3.5 hours;2014-03-11;Web Development
674646;PHP Essential How to create build Amazing websites with PHP;TRUE;"$75,00";8.067;30;44;Beginner Level;3.5 hours;2015-11-26;Web Development
472526;PHP for Beginners;TRUE;"$40,00";2.626;95;135;Beginner Level;6 hours;2015-07-01;Web Development
1013314;PHP For Beginners : Learn PHP From Scratch!;TRUE;"$100,00";1.825;17;58;All Levels;3.5 hours;2016-11-18;Web Development
405282;PHP for Beginners -Become a PHP Master - Project Included;TRUE;"$200,00";28.880;4.316;286;All Levels;30.5 hours;2015-02-14;Web Development
527952;PHP for Beginners: How to Build an E-Commerce Store;TRUE;"$100,00";5.117;463;138;All Levels;14.5 hours;2015-07-17;Web Development
818958;PHP For WordPress Development;TRUE;"$35,00";850;12;16;Beginner Level;1 hour;2016-04-12;Web Development
723522;PHP Fundamentals - Start Earning The Top Dollars You Deserve;TRUE;"$195,00";12.068;81;12;All Levels;1.5 hours;2016-04-05;Web Development
639848;PHP Graphic Techniques: CAPTCHA/ Create a verification code;TRUE;"$20,00";8.320;73;11;All Levels;43 mins;2015-10-14;Web Development
1022682;PHP Laravel 5:Creating a CRUD application;TRUE;"$45,00";511;12;7;All Levels;33 mins;2016-11-28;Web Development
678142;PHP Login and Registration System - Email Confirm Activation;TRUE;"$100,00";2.607;317;49;All Levels;5 hours;2015-11-26;Web Development
593544;PHP MVC Framework CodeIgniter Tutorial for Beginners Project;TRUE;"$100,00";3.701;508;125;All Levels;10.5 hours;2015-08-28;Web Development
739770;PHP MySQL: Learn PHP MySQL with Project;TRUE;"$20,00";2.314;77;25;All Levels;2 hours;2016-04-21;Web Development
473548;PHP OOP: Object Oriented Programming for beginners + Project;TRUE;"$200,00";6.497;901;221;All Levels;18 hours;2015-06-03;Web Development
861528;PHP Security;TRUE;"$50,00";1.892;147;24;All Levels;2.5 hours;2016-06-15;Web Development
1158836;PHP Specialist (2017 Edition);TRUE;"$100,00";197;11;53;Beginner Level;3.5 hours;2017-03-28;Web Development
1124280;PHP Tutorial: Learn PHP Basic Programming for Beginners;TRUE;"$20,00";2.510;21;23;Beginner Level;1.5 hours;2017-03-08;Web Development
945602;PHP User Login Registration Script With All Features;TRUE;"$200,00";5.603;46;47;All Levels;4 hours;2016-10-02;Web Development
946310;PHP webservices;TRUE;"$30,00";1.305;25;8;All Levels;34 mins;2016-08-31;Web Development
758582;PHP with Laravel for beginners - Become a Master in Laravel;TRUE;"$150,00";8.496;1.838;308;All Levels;29.5 hours;2016-04-21;Web Development
688968;PHP with PDO - ULTIMATE Crash Course;TRUE;"$50,00";1.248;171;18;All Levels;1.5 hours;2015-12-06;Web Development
1020722;PHP Zend Framework 1.11:Creating a CRUD Application;TRUE;"$40,00";1.122;5;7;All Levels;35 mins;2016-11-24;Web Development
1021594;PHP Zend Framework 2:Creating a CRUD Application;TRUE;"$40,00";802;6;9;All Levels;38 mins;2016-11-25;Web Development
519952;PHP: Complete Login and Registration System with PHP & MYSQL;TRUE;"$200,00";1.448;173;48;All Levels;7.5 hours;2015-06-16;Web Development
732556;PHP: Complete Registration and Login with Email Verification;TRUE;"$20,00";12.781;145;22;All Levels;2.5 hours;2016-01-27;Web Development
752658;PHP: Ultimate guide to PHP for everyone;TRUE;"$115,00";10.103;75;20;Beginner Level;1.5 hours;2016-05-29;Web Development
824044;PI-101 Top 10 Classical Piano Pieces for Beginners;FALSE;Free;6.292;183;38;Beginner Level;1 hour;2016-05-30;Musical Instruments
422546;Piano - Circle of 5ths to Play A Song in 12 Keys in 12 Days;TRUE;"$95,00";2.415;16;115;All Levels;2.5 hours;2015-02-17;Musical Instruments
1196538;Piano Building Blocks: Learn Chord Additions & Variations;FALSE;Free;375;0;9;Beginner Level;1 hour;2017-07-02;Musical Instruments
660690;Piano Building Blocks: Learn the 24 Most Common Chords;TRUE;"$50,00";492;10;17;Beginner Level;1.5 hours;2016-03-07;Musical Instruments
660460;Piano for Complete Beginners: Learn your first song today!;TRUE;"$40,00";1.268;10;30;Beginner Level;1 hour;2015-11-10;Musical Instruments
620372;Piano for Kids: Developing Your Child's Creative Abilities;TRUE;"$65,00";42;2;37;Beginner Level;4 hours;2015-10-24;Musical Instruments
658276;Piano for Singer/Songwriters | Write Songs and Perform Live!;TRUE;"$100,00";3.371;175;42;Beginner Level;3 hours;2015-11-12;Musical Instruments
938260;Piano For Singer/Songwriters 2: Pop/Rock Rhythm Immersion;TRUE;"$100,00";567;37;24;All Levels;1.5 hours;2016-08-29;Musical Instruments
793234;Piano From Zero To Pro - Beginner Essentials To The Piano;TRUE;"$70,00";811;129;52;Beginner Level;3.5 hours;2016-03-16;Musical Instruments
27681;Piano Improvisation from Day One;TRUE;"$20,00";1.249;37;21;All Levels;3 hours;2013-03-01;Musical Instruments
932842;Piano Lesson Variety;TRUE;"$40,00";59;1;28;Intermediate Level;4 hours;2016-08-18;Musical Instruments
812602;Piano Lessons For Beginners;TRUE;"$95,00";8;0;50;Beginner Level;4 hours;2016-04-12;Musical Instruments
206986;Piano Lessons for Beginners Made Easy;TRUE;"$25,00";333;5;40;Beginner Level;3 hours;2014-05-28;Musical Instruments
725906;Piano Lessons For Beginners: Learn Piano Quickly And Easily;TRUE;"$75,00";186;35;56;Beginner Level;3 hours;2016-02-05;Musical Instruments
628606;Piano Lessons for Beginners: Play the Piano AND Read Music!;TRUE;"$70,00";61;9;30;Beginner Level;4 hours;2016-02-12;Musical Instruments
214418;Piano Lessons For The Hip Hop Fan;TRUE;"$20,00";276;2;62;Intermediate Level;5.5 hours;2014-05-12;Musical Instruments
214328;Piano Lessons for the R&B Fan;TRUE;"$20,00";228;2;64;All Levels;8 hours;2014-05-13;Musical Instruments
1105794;Piano Music Theory (Back To Basics) by JFilt;FALSE;Free;4.967;308;12;Beginner Level;30 mins;2017-02-13;Musical Instruments
888698;Piano Playing: Reading and Playing Classical Tunes Vol.II;TRUE;"$40,00";1.638;3;17;Beginner Level;1.5 hours;2016-06-28;Musical Instruments
656364;Piano Runs & Fills #1: Play Dreamy Whole Tone Scale Runs;TRUE;"$70,00";769;10;33;All Levels;1 hour;2015-11-02;Musical Instruments
659918;Piano Runs & Fills #2: Play Rolling Cascading Runs for Intro;TRUE;"$70,00";2.164;10;30;All Levels;1 hour;2015-11-04;Musical Instruments
661814;Piano Runs & Fills #3:  Jazzy Chromatic Chord Song Endings;TRUE;"$70,00";747;5;28;All Levels;1 hour;2015-11-10;Musical Instruments
663810;Piano Runs & Fills #4: C6 Rolling Waves & Waterfall Runs;TRUE;"$70,00";834;3;35;All Levels;1 hour;2015-11-10;Musical Instruments
993510;Piano Technique Exercises Vol.1;TRUE;"$50,00";1.674;4;24;All Levels;1 hour;2017-01-25;Musical Instruments
138336;Piano The Hard Way -  Fast Way To Life Long Piano Enjoyment;TRUE;"$25,00";238;3;22;Beginner Level;1 hour;2014-02-19;Musical Instruments
670376;Piano Tutorial : Ludovico Einaudi - Una Mattina;FALSE;Free;1.631;23;6;All Levels;44 mins;2015-11-23;Musical Instruments
1036400;"Piano Unbound. Piano learning method, a course for beginners";TRUE;"$195,00";32;1;39;All Levels;2.5 hours;2017-04-25;Musical Instruments
131562;Piano With A Pro;TRUE;"$25,00";66;6;38;All Levels;2.5 hours;2014-05-05;Musical Instruments
773016;Piano With Willie Building Technique with Scales Vol. 1;TRUE;"$40,00";111;15;12;All Levels;1.5 hours;2016-04-13;Musical Instruments
773144;Piano With Willie Building Technique with Scales Vol. 2;TRUE;"$40,00";61;3;9;All Levels;1.5 hours;2016-04-13;Musical Instruments
773156;Piano With Willie Building Technique with Scales Vol. 3;TRUE;"$40,00";42;1;11;All Levels;1.5 hours;2016-04-13;Musical Instruments
773174;Piano With Willie Building Technique with Scales Vol. 4;TRUE;"$40,00";44;0;11;All Levels;1.5 hours;2016-04-12;Musical Instruments
742764;Piano With Willie: Basics of Improvisation;TRUE;"$40,00";76;4;23;Beginner Level;3.5 hours;2016-04-13;Musical Instruments
743634;Piano With Willie: Blues n' Boogie Vol. 1;TRUE;"$40,00";172;26;15;Intermediate Level;2.5 hours;2016-04-13;Musical Instruments
743674;Piano With Willie: Blues n' Boogie Vol. 2;TRUE;"$40,00";95;8;11;Intermediate Level;2.5 hours;2016-04-13;Musical Instruments
743884;Piano With Willie: Blues n' Boogie Vol. 3;TRUE;"$40,00";84;4;10;Intermediate Level;2.5 hours;2016-04-13;Musical Instruments
744034;Piano With Willie: Jazz & Gospel Exercises;TRUE;"$40,00";56;3;28;Intermediate Level;2 hours;2016-04-13;Musical Instruments
741172;Piano With Willie: Jazz Kids - Vol 1;TRUE;"$40,00";28;3;32;Beginner Level;4.5 hours;2016-04-13;Musical Instruments
741316;Piano With Willie: Jazz Kids - Vol 2;TRUE;"$40,00";17;0;38;Beginner Level;3 hours;2016-04-13;Musical Instruments
741388;Piano With Willie: Jazz Kids - Vol 3;TRUE;"$40,00";16;1;29;Beginner Level;3 hours;2016-04-13;Musical Instruments
742300;Piano With Willie: Jazz Kids - Vol 4;TRUE;"$40,00";19;0;30;Intermediate Level;3.5 hours;2016-04-13;Musical Instruments
743932;Piano With Willie: Piano Chords Vol. 1;TRUE;"$40,00";48;4;14;Beginner Level;2 hours;2016-04-13;Musical Instruments
743970;Piano With Willie: Piano Chords Vol. 2;TRUE;"$40,00";32;2;11;Intermediate Level;1.5 hours;2016-04-13;Musical Instruments
744080;Piano With Willie: Tritones & Phat Chords;TRUE;"$40,00";37;3;19;Intermediate Level;2 hours;2016-04-13;Musical Instruments
372416;"Piano: Learn 48 chords in 1 hour,  and always remember how";TRUE;"$120,00";1.424;71;16;Beginner Level;1.5 hours;2014-12-28;Musical Instruments
238934;Pianoforall - Incredible New Way To Learn Piano & Keyboard;TRUE;"$200,00";75.499;7.676;362;All Levels;30 hours;2014-08-07;Musical Instruments
659340;Pic Monkey for Beginners - Graphic Design and Photo Editing;TRUE;"$20,00";774;3;17;Beginner Level;3 hours;2015-11-08;Graphic Design
1082996;Pimcore Developer: Implement a Blog from a Bootstrap Theme;TRUE;"$95,00";1.212;15;39;All Levels;4.5 hours;2017-01-24;Web Development
923184;Pin Bars: The Most Powerful Forex Trading Signal;TRUE;"$200,00";494;16;19;All Levels;1 hour;2016-08-10;Business Finance
220604;Pixelmator - Create Vector Graphics From Scratch;TRUE;"$20,00";507;42;36;All Levels;3 hours;2014-09-19;Graphic Design
1249146;Planning and Executing a Financial Statement Audit;TRUE;"$50,00";0;0;9;Intermediate Level;2 hours;2017-06-29;Business Finance
520876;Plantillas Powerpoint para Publicar en Mercadolibre y Ebay;TRUE;"$35,00";15;5;32;All Levels;2 hours;2015-06-08;Graphic Design
692812;Play all major scales by ear - no notation required!;TRUE;"$40,00";868;8;62;Beginner Level;3.5 hours;2015-12-15;Musical Instruments
199500;Play Autumn Leaves' falling notes on piano with no reading!;TRUE;"$30,00";438;10;12;Intermediate Level;34 mins;2014-04-29;Musical Instruments
413182;Play By Ear #4: Play Song By Ear with 3 Chords Using Any Key;TRUE;"$95,00";1.064;11;110;All Levels;2.5 hours;2015-02-07;Musical Instruments
26648;Play Guitar and Understand Music Quick & Easy in 28 Days!;TRUE;"$20,00";738;6;64;All Levels;9.5 hours;2012-10-13;Musical Instruments
132878;Play Guitar with Rhythm - 5 Easy Lessons;TRUE;"$20,00";31;0;10;Beginner Level;1 hour;2013-12-12;Musical Instruments
615226;"Play Leyenda, Canarios, and Bach on Classical Guitar";TRUE;"$195,00";185;8;70;Intermediate Level;7.5 hours;2015-11-05;Musical Instruments
228268;Play music on Harmonica using 8 notes - learn easy tunes!;TRUE;"$35,00";29;0;14;Beginner Level;1 hour;2014-05-26;Musical Instruments
995562;Play Piano 1 Master Class Intro:  Standards 2-5 Power Chords;TRUE;"$50,00";1.541;14;42;All Levels;1 hour;2016-10-29;Musical Instruments
997470;Play Piano 2:  Play 'Love Me Tender By Ear with 2-5 Chords";TRUE;"$50,00";1.204;8;56;All Levels;1.5 hours;2016-10-30;Musical Instruments
996888;Play Piano 3: Improvise Chords to Enchanted Evening by Ear;TRUE;"$50,00";809;5;57;All Levels;1.5 hours;2016-10-30;Musical Instruments
998100;Play Piano 4: Improvise on popular song Yesterday chords;TRUE;"$50,00";1.018;4;63;All Levels;1.5 hours;2016-10-30;Musical Instruments
1000966;Play Piano 5: Improvise on Misty Eb Key Runs & 2-5 Chords;TRUE;"$50,00";833;6;70;Expert Level;1.5 hours;2016-11-03;Musical Instruments
1000988;Play Piano 6 -Improvise on The Way We Were with Power Chords;TRUE;"$50,00";701;4;62;All Levels;1.5 hours;2016-11-03;Musical Instruments
1008054;Play Piano 7: Improvise on For All We Know in F Key by Ear;TRUE;"$50,00";438;3;77;All Levels;1.5 hours;2016-11-10;Musical Instruments
1009802;Play Piano 8 - Play Over the Rainbow by Ear & Free Improvise;TRUE;"$50,00";1.249;6;69;All Levels;1.5 hours;2016-11-14;Musical Instruments
501412;Play Piano by Ear Today! SuperCourse;TRUE;"$60,00";4.557;21;77;All Levels;5.5 hours;2016-01-05;Musical Instruments
555340;Play Piano in 30 Days! - Start Playing NOW!;FALSE;Free;5.188;410;58;Beginner Level;3 hours;2015-07-26;Musical Instruments
105350;Play Piano Today - Easy Festive Favorites & Piano Party Hits;TRUE;"$75,00";3.122;6;80;All Levels;4 hours;2013-10-27;Musical Instruments
925286;Play Piano To-day! - Beginner Piano Lessons For Busy People!;TRUE;"$100,00";476;16;91;Beginner Level;4 hours;2016-11-01;Musical Instruments
365292;Play Sonny Terry style on Harmonica and dazzle your friends!;TRUE;"$200,00";582;49;51;All Levels;5.5 hours;2014-12-18;Musical Instruments
344180;Play the Jews Harp - instant skills for non musicians.;TRUE;"$25,00";196;16;35;Intermediate Level;2.5 hours;2015-01-22;Musical Instruments
1007396;"Play The Piano By Ear | Master Class, Learn By Doing";TRUE;"$175,00";362;38;27;All Levels;2.5 hours;2016-11-12;Musical Instruments
1182624;Play Thousands of Songs On The Guitar | Cheater Chords;TRUE;"$100,00";97;5;12;Beginner Level;1 hour;2017-04-19;Musical Instruments
139778;Play tunes on harmonica and learn how to bend some notes;TRUE;"$35,00";73;2;16;Beginner Level;2 hours;2014-03-09;Musical Instruments
17922;Play Ukulele Now;TRUE;"$30,00";1.951;88;78;All Levels;5 hours;2012-06-02;Musical Instruments
783778;Play Violin and Fiddle for beginners - it's fun  - Course 1;TRUE;"$20,00";560;8;9;Beginner Level;1 hour;2016-03-18;Musical Instruments
637842;Playing Piano : Reading and Playing Classical Tunes Vol.I;TRUE;"$50,00";1.732;6;34;Beginner Level;2 hours;2015-10-16;Musical Instruments
638204;Playing Piano By Ear: Complete Guide for Aspiring Musicians;TRUE;"$150,00";346;26;59;All Levels;4.5 hours;2015-11-20;Musical Instruments
646906;Playing Piano:  Play Chords and Popular Pieces Vol.I;TRUE;"$100,00";1.987;7;43;Beginner Level;3 hours;2016-02-01;Musical Instruments
801486;Playing Piano:  Popular Pieces Vol. II;TRUE;"$150,00";1.472;4;24;Beginner Level;1.5 hours;2016-03-31;Musical Instruments
782430;Playing Piano: Scales and Arpeggios Vol.I : Major keys;TRUE;"$50,00";2.358;3;26;Beginner Level;1 hour;2016-03-31;Musical Instruments
479760;Podcast Cover Art | Design Like the Best;TRUE;"$20,00";33;2;7;All Levels;1 hour;2015-04-22;Graphic Design
1144288;Poldark TV series Soundtracks for Piano-Quicklessons;TRUE;"$20,00";8;1;9;Beginner Level;1 hour;2017-03-16;Musical Instruments
883138;Pop and Jazz Keyboards and Harmony (beginner level);TRUE;"$180,00";47;7;13;Beginner Level;3 hours;2016-07-12;Musical Instruments
1002210;Popular JavaScript Framework:Learn The Language Of Angular 2;TRUE;"$200,00";260;22;64;Beginner Level;11 hours;2016-11-11;Web Development
610812;Portfolio Management CFA L1 2016;TRUE;"$20,00";393;5;34;All Levels;5 hours;2015-09-15;Business Finance
537886;Portfolio Management for CA / CS / CFA exams;TRUE;"$20,00";1.740;5;8;All Levels;1 hour;2015-07-21;Business Finance
1126016;Portrait Typography in Photoshop - Anyone can do Typography;TRUE;"$95,00";941;2;26;All Levels;2.5 hours;2017-03-06;Graphic Design
791030;Power up HTML5 with JavaScript;TRUE;"$100,00";4.442;23;28;Beginner Level;2 hours;2016-03-15;Web Development
608436;Présentation du Banjo Ténor;TRUE;"$20,00";18;4;31;Beginner Level;1.5 hours;2015-09-13;Musical Instruments
741898;Practical Accounts & Bookkeeping Automated Overview ;TRUE;"$20,00";2.060;17;30;All Levels;4.5 hours;2016-01-28;Business Finance
959144;Practical Accounts APP Overview;TRUE;"$20,00";1.361;1;14;Intermediate Level;3 hours;2016-10-04;Business Finance
1056242;Practical Accounts Training A;TRUE;"$35,00";2;0;127;Intermediate Level;31.5 hours;2017-01-18;Business Finance
736940;Practical CSS Website Development: Crash Course ;TRUE;"$95,00";11.170;35;19;All Levels;2.5 hours;2016-02-02;Web Development
1271182;Practical Film Financing: Finding & Pitching Investors;TRUE;"$100,00";0;0;9;Beginner Level;1 hour;2017-07-05;Business Finance
489146;Practical Finance;TRUE;"$20,00";4.497;281;11;All Levels;1 hour;2015-07-14;Business Finance
833770;Practical Financial Statement Analysis;TRUE;"$75,00";22;5;45;All Levels;4.5 hours;2017-05-01;Business Finance
172906;Practical Font Design;TRUE;"$50,00";229;23;26;Intermediate Level;7.5 hours;2014-04-16;Graphic Design
823236;Practical Guide to Web Development;TRUE;"$20,00";2.025;16;38;Beginner Level;2 hours;2016-05-02;Web Development
1076244;Practical Guitar Theory: Level 1;TRUE;"$60,00";14;3;41;All Levels;1.5 hours;2017-05-01;Musical Instruments
130064;Practical PHP: Master the Basics and Code Dynamic Websites;FALSE;Free;83.737;4.598;45;All Levels;6.5 hours;2014-07-19;Web Development
28172;Practical Trading on Financial Futures & Options Markets;TRUE;"$50,00";43;0;25;Beginner Level;4 hours;2012-11-12;Business Finance
890810;Practical Understanding of PHP and MySQL;FALSE;Free;12.201;217;24;Beginner Level;5.5 hours;2016-07-06;Web Development
628876;Practical Web Development: Make Websites Quickly And Easily;TRUE;"$20,00";2.389;7;20;All Levels;2 hours;2015-11-29;Web Development
681390;Practice guitar with no previous experience and become a pro;TRUE;"$30,00";26;0;14;Beginner Level;1 hour;2017-01-13;Musical Instruments
1174086;Precificação - Calculando valor de venda baseado nos custos;TRUE;"$35,00";32;3;46;All Levels;3 hours;2017-04-19;Business Finance
55136;Precious Metal Equities;TRUE;"$20,00";28;1;8;All Levels;1 hour;2013-05-26;Business Finance
1266148;Preparation of Consolidated Financial Statements (Basic);FALSE;Free;965;0;18;Intermediate Level;1.5 hours;2017-06-28;Business Finance
1013838;Price Action Gap Trading Strategies;TRUE;"$20,00";13;2;5;Intermediate Level;1 hour;2016-12-31;Business Finance
611804;Primeros Pasos con Photoshop CC;FALSE;Free;6.429;654;31;Beginner Level;2.5 hours;2015-09-23;Graphic Design
615206;Professional Bookkeeping & Accounting 1: Sales & Purchases;TRUE;"$35,00";551;22;34;All Levels;1.5 hours;2015-09-27;Business Finance
615204;Professional Bookkeeping & Accounting 2 - Bank Daybook;TRUE;"$35,00";91;6;36;All Levels;2 hours;2015-11-01;Business Finance
774570;Professional Bookkeeping & Accounting 4:Trial Balance & More;TRUE;"$35,00";83;8;21;All Levels;1 hour;2016-03-12;Business Finance
729128;Professional Bookkeeping and Accounting 3: Double Entry ;TRUE;"$35,00";81;8;33;All Levels;1 hour;2016-01-21;Business Finance
995384;Professional Business Logo Design Using Free Online Tools;TRUE;"$20,00";0;0;5;All Levels;37 mins;2016-10-31;Graphic Design
772224;Professional CSS Flexbox;TRUE;"$35,00";396;130;21;Intermediate Level;43 mins;2016-04-07;Web Development
682514;Professional Forex strategy;TRUE;"$50,00";353;21;17;Expert Level;1.5 hours;2016-02-03;Business Finance
788756;Professional Forex Strategy+2 weeks for FREE trading alerts;TRUE;"$95,00";55;9;15;All Levels;1 hour;2016-03-29;Business Finance
399938;Professional Logo Design in Adobe Illustrator;FALSE;Free;44.044;1.563;45;All Levels;7.5 hours;2015-01-22;Graphic Design
439362;"Professional Options Trading, Simplified";TRUE;"$200,00";631;49;21;All Levels;2 hours;2015-04-17;Business Finance
368340;Professional Python Web Development Using Flask;TRUE;"$120,00";3.420;489;102;Beginner Level;14.5 hours;2015-03-04;Web Development
912946;Professional Rails Code Along;TRUE;"$40,00";1.469;237;120;Intermediate Level;19 hours;2016-08-04;Web Development
1035940;Professional RESTful API Design using Python Flask;TRUE;"$120,00";578;25;36;Intermediate Level;4.5 hours;2017-01-11;Web Development
64739;Professional Risk Manager (PRM) Certification: Level 1;TRUE;"$50,00";116;10;51;All Levels;24 hours;2013-07-23;Business Finance
65105;Professional Risk Manager (PRM) Certification: Level 2;TRUE;"$50,00";41;1;55;All Levels;7.5 hours;2013-07-23;Business Finance
65110;Professional Risk Manager (PRM) Certification: Level 3;TRUE;"$50,00";55;5;22;All Levels;12.5 hours;2013-07-23;Business Finance
65113;Professional Risk Manager (PRM) Certification: Level 4;TRUE;"$50,00";38;7;17;All Levels;8 hours;2013-07-23;Business Finance
1000010;Professional Ruby on Rails Developer with Rails 5;TRUE;"$200,00";3.179;214;174;All Levels;20.5 hours;2017-02-19;Web Development
40670;Professional Trader's Mindset - Complete Forex Course;TRUE;"$50,00";4.702;17;6;All Levels;1 hour;2013-06-07;Business Finance
579642;Professional Trading - Consistent Profits with Low Risk!;TRUE;"$20,00";627;5;27;All Levels;1 hour;2015-10-17;Business Finance
312834;Professional Trading With Institutional Supply & Demand;TRUE;"$200,00";343;84;37;All Levels;5.5 hours;2014-11-24;Business Finance
756050;Professional Web Scraping with Java;TRUE;"$50,00";685;37;14;Intermediate Level;1 hour;2016-05-16;Web Development
492818;Professional WordPress Theme Development For 2017;TRUE;"$20,00";3.185;102;94;All Levels;8 hours;2015-05-08;Web Development
552258;Professional WordPress Theme Development from Scratch;TRUE;"$200,00";1.284;173;301;All Levels;25.5 hours;2015-10-13;Web Development
1163242;Profit and Loss Account for bankers and credit analysts;TRUE;"$20,00";1;0;31;Beginner Level;7.5 hours;2017-04-23;Business Finance
619786;Profit During Crashing Markets: A Step-by-Step Guide;TRUE;"$195,00";57;11;18;All Levels;1 hour;2016-05-16;Business Finance
599684;Profitable binary option trading strategy;TRUE;"$195,00";1.096;24;24;All Levels;1.5 hours;2015-10-29;Business Finance
35409;Profits Turbo;TRUE;"$20,00";10;0;7;Intermediate Level;5.5 hours;2013-06-03;Business Finance
101864;Programming for Entrepreneurs - JavaScript;TRUE;"$200,00";12.873;106;38;Beginner Level;2.5 hours;2013-11-11;Web Development
505208;Programming Foundations: HTML5 + CSS3 for Entrepreneurs 2015;TRUE;"$20,00";23.764;490;58;Beginner Level;5.5 hours;2015-10-17;Web Development
379682;Project Funding Modelling (for Professionals);TRUE;"$20,00";2.736;3;8;All Levels;1.5 hours;2014-12-29;Business Finance
531954;Projects in AngularJS - Learn by building 10 Projects;TRUE;"$40,00";7.146;629;77;All Levels;14.5 hours;2015-06-25;Web Development
303514;Projects in CSS;TRUE;"$60,00";4.689;216;54;All Levels;10 hours;2014-09-23;Web Development
270808;Projects in Django and Python;TRUE;"$60,00";1.764;53;28;All Levels;6.5 hours;2014-10-21;Web Development
606756;Projects in ExpressJS - Learn ExpressJs building 10 projects;TRUE;"$50,00";1.949;149;102;All Levels;15.5 hours;2015-09-15;Web Development
564268;Projects in Foundation Framework - Learn By Building 10 Apps;TRUE;"$50,00";636;33;54;All Levels;10 hours;2015-07-27;Web Development
197836;Projects in HTML5;TRUE;"$60,00";8.777;206;75;Intermediate Level;15.5 hours;2014-06-17;Web Development
318638;Projects In JavaScript & JQuery;TRUE;"$60,00";9.109;620;50;All Levels;9 hours;2014-10-16;Web Development
1250824;Projects in Laravel: Learn Laravel Building 10 Projects;TRUE;"$50,00";119;6;70;Intermediate Level;10.5 hours;2017-06-15;Web Development
621022;Projects in MongoDB - Learn MongoDB Building Projects;TRUE;"$50,00";4.628;247;93;All Levels;12 hours;2015-09-28;Web Development
720356;Projects in Node.js - Learn by Example;TRUE;"$195,00";869;99;38;All Levels;5 hours;2016-04-24;Web Development
266252;Projects in PHP and MySQL;TRUE;"$60,00";10.606;570;88;All Levels;23 hours;2014-07-25;Web Development
1016388;Projects In ReactJS - The Complete React Learning Course;TRUE;"$50,00";947;108;56;Intermediate Level;8 hours;2016-11-22;Web Development
1030440;Projects with JSON and APIs;TRUE;"$20,00";1.520;34;23;All Levels;2 hours;2017-02-18;Web Development
1049760;Promotional Design Master Class;TRUE;"$50,00";14;2;26;All Levels;2 hours;2016-12-24;Graphic Design
571506;ProTrader -  Advanced Technical Analysis;TRUE;"$125,00";825;11;34;All Levels;2 hours;2016-08-22;Business Finance
713416;Proven Methods In Trading Candlestick Patterns;TRUE;"$75,00";438;10;22;All Levels;1.5 hours;2016-02-12;Business Finance
596192;PSD To a Creative Landing Page Using Twitter Bootstrap 3;FALSE;Free;11.666;546;20;Beginner Level;4 hours;2016-04-07;Web Development
611688;PSD to Bootstrap 3 for Beginners using HTML & CSS;TRUE;"$20,00";976;93;46;Beginner Level;2.5 hours;2015-11-03;Web Development
228934;PSD to HTML5/CSS3 using Twitter Bootstrap 3! ;TRUE;"$95,00";2.073;24;16;All Levels;2 hours;2015-02-25;Web Development
948440;PSD to Responsive HTML5: Beginner to Advanced;TRUE;"$40,00";1.502;218;49;All Levels;6 hours;2016-10-03;Web Development
1164568;Psicología del trading;TRUE;"$20,00";1;1;6;All Levels;36 mins;2017-05-04;Business Finance
362530;Public Speaking: You Can Give Great Financial Presentations;TRUE;"$20,00";916;6;23;All Levels;6.5 hours;2014-12-11;Business Finance
1103526;Pure Modal Magic: The Complete Guitar Modes Solution;TRUE;"$50,00";52;3;18;All Levels;2 hours;2017-02-14;Musical Instruments
1013558;Pure Pentatonic Power: Rock and Blues Guitar Soloing;TRUE;"$50,00";128;10;18;All Levels;2 hours;2016-11-27;Musical Instruments
902480;Pure Rock Guitar : Play Like the Gods of Rock!;TRUE;"$45,00";80;5;24;All Levels;4.5 hours;2016-07-29;Musical Instruments
1170894;Python Algo Stock Trading: Automate Your Trading!;TRUE;"$95,00";1.165;21;41;Beginner Level;2.5 hours;2017-05-28;Business Finance
1070886;Python Algo Trading: FX Trading with Oanda;TRUE;"$200,00";453;42;33;Intermediate Level;3 hours;2017-03-14;Business Finance
1196544;Python Algo Trading: Sentiment Trading with News;TRUE;"$200,00";294;19;42;All Levels;7 hours;2017-04-28;Business Finance
822444;Python and Django Full Stack Web Developer Bootcamp;TRUE;"$200,00";11.832;1.883;191;All Levels;31.5 hours;2017-02-24;Web Development
477702;Python for Beginners: Python Programming Language | Tutorial;TRUE;"$150,00";6.153;125;84;Beginner Level;5 hours;2015-06-14;Web Development
1035472;Python for Finance: Investment Fundamentals & Data Analytics;TRUE;"$195,00";3.811;278;103;All Levels;6.5 hours;2017-03-30;Business Finance
529828;Python for Trading & Investing;TRUE;"$95,00";638;25;36;All Levels;5 hours;2015-06-17;Business Finance
70640;Python Programming: Create an Digital Marketplace in Django;TRUE;"$195,00";4.198;145;161;All Levels;26 hours;2013-10-20;Web Development
523312;Python Web Programming;TRUE;"$100,00";1.020;46;60;Beginner Level;6 hours;2015-07-01;Web Development
1105344;Quantitative Aptitude for Banking & Competitive Examinations;TRUE;"$50,00";1.056;1;42;All Levels;3 hours;2017-02-09;Business Finance
1088656;Quantitative Trading Analysis with Python;TRUE;"$50,00";256;17;49;All Levels;5.5 hours;2017-01-27;Business Finance
1046724;Quantitative Trading Analysis with R;TRUE;"$50,00";567;40;53;All Levels;7.5 hours;2016-12-22;Business Finance
422012;Querying Microsoft SQL Server 2012 - (Exam No. 70-461);TRUE;"$85,00";666;89;115;All Levels;6.5 hours;2015-03-12;Web Development
260900;Quick & Easy Piano Chords: Play more songs with more chords;TRUE;"$55,00";1.818;4;90;Beginner Level;2.5 hours;2014-07-17;Musical Instruments
37821;Quick and Quirky Caricatures - Learn in an Hour!;TRUE;"$20,00";139;14;9;Beginner Level;1.5 hours;2013-01-24;Graphic Design
830834;Quick learning jQuery web development;TRUE;"$150,00";3.388;67;39;Intermediate Level;3 hours;2016-04-25;Web Development
629704;Quick Piano Lessons - Tutorials for Drake's Greatest Hits;TRUE;"$35,00";19;1;4;All Levels;33 mins;2015-10-04;Musical Instruments
488818;QuickBooks 2015 Training for Newbies;TRUE;"$200,00";2.506;21;76;Beginner Level;6 hours;2015-05-11;Business Finance
1110256;QuickBooks Online : Inventory Management For Non-Finance;TRUE;"$35,00";8;4;10;All Levels;40 mins;2017-04-20;Business Finance
571394;QuickBooks Online: Complete Guide & Certification tips;TRUE;"$50,00";2.187;218;91;All Levels;13 hours;2015-08-03;Business Finance
194692;Quicklessons Piano Course - Learn to Play Piano by Ear!;TRUE;"$200,00";7.178;260;144;All Levels;8.5 hours;2014-04-12;Musical Instruments
785328;Quickly Batch Export & Package Logo Files for Clients;TRUE;"$20,00";489;10;5;Intermediate Level;41 mins;2017-05-01;Graphic Design
314462;Quickstart AngularJS;FALSE;Free;64.128;4.047;17;Beginner Level;1.5 hours;2014-11-22;Web Development
611370;"Quote Images for Pinterest, Facebook, & Instagram";FALSE;Free;12.103;576;18;Beginner Level;1 hour;2015-09-24;Graphic Design
395652;R Graph Essentials;TRUE;"$85,00";105;4;41;All Levels;2 hours;2015-01-21;Graphic Design
858762;Rails Ecommerce App with HTML Template from Themeforest;TRUE;"$25,00";214;34;24;Intermediate Level;2 hours;2016-05-27;Web Development
497236;Raise Your Credit Score to 800 Or More....;TRUE;"$50,00";844;33;40;All Levels;2 hours;2015-07-12;Business Finance
532216;Raising Capital for Your Business;TRUE;"$50,00";22;5;60;All Levels;2.5 hours;2015-08-03;Business Finance
1027342;Rapid Website Design with Bootstrap;TRUE;"$200,00";14.842;131;17;Beginner Level;1 hour;2016-12-02;Web Development
411986;"Rapidly Learn & Master Acoustic Guitar, Classic Fingerstyle";TRUE;"$30,00";478;3;31;Beginner Level;42 mins;2015-02-06;Musical Instruments
1165780;Ratio analysis for bankers and credit analysts;TRUE;"$20,00";1;0;13;Beginner Level;3 hours;2017-04-12;Business Finance
1233302;Ratio Analysis for Financial Statements;TRUE;"$50,00";0;0;6;Beginner Level;2 hours;2017-07-03;Business Finance
1072220;Reach Your Personal Financial Goals the Easy Way (2017 UK);TRUE;"$95,00";2;0;59;All Levels;4.5 hours;2017-05-22;Business Finance
671552;React and Flux Web Development for Beginners;TRUE;"$100,00";8.691;836;63;Beginner Level;11 hours;2015-12-15;Web Development
904890;React for visual learners;TRUE;"$20,00";659;64;26;All Levels;3.5 hours;2016-07-18;Web Development
836044;React From The Ground Up;TRUE;"$150,00";3.252;401;62;All Levels;12.5 hours;2016-05-02;Web Development
1049092;React JS - Build real world JS apps & deploy on cloud;TRUE;"$175,00";12.815;262;53;All Levels;8.5 hours;2017-02-12;Web Development
1252630;React JS - Mastering Redux;TRUE;"$100,00";7.059;116;58;All Levels;5 hours;2017-06-19;Web Development
1078522;React JS and Redux - Mastering Web Apps;TRUE;"$60,00";16.829;820;77;All Levels;5 hours;2017-01-19;Web Development
1208638;"React JS, Angular & Vue JS - Quickstart & Comparison";TRUE;"$160,00";2.273;288;142;Beginner Level;8 hours;2017-05-09;Web Development
920544;React Redux React-Router: From Beginner to Paid Professional;TRUE;"$20,00";11.536;876;60;All Levels;6.5 hours;2016-08-25;Web Development
1218130;React VR - Creating Virtual Reality Apps;TRUE;"$80,00";5.026;72;43;All Levels;3 hours;2017-05-17;Web Development
1227322;React vs Angular vs Vue.js by Example;FALSE;Free;6.958;132;30;Beginner Level;3.5 hours;2017-06-02;Web Development
825354;React.js Quickly: Developing Scalable Web User Interfaces;TRUE;"$50,00";4.447;76;24;Intermediate Level;4 hours;2016-04-19;Web Development
1006894;"React.js: Building Production Ready Apps, Start to Finish";TRUE;"$50,00";1.129;137;77;All Levels;17.5 hours;2016-11-10;Web Development
647564;React: Learn ReactJS Fundamentals for Front-End Developers;TRUE;"$55,00";1.993;55;26;All Levels;4 hours;2016-06-06;Web Development
771198;Reactive JS:  Are you ready for the next big paradigm shift?;TRUE;"$60,00";2.097;401;28;Intermediate Level;5.5 hours;2016-02-23;Web Development
764042;ReactJS and Flux: Learn By Building 10 Projects;TRUE;"$60,00";1.723;258;60;All Levels;11 hours;2016-02-18;Web Development
543346;ReactJS Course: Learn JavaScript Library Used by Facebook&IG;TRUE;"$50,00";1.018;33;41;Intermediate Level;3 hours;2015-07-07;Web Development
407658;Read financial statements as a stock investor;TRUE;"$20,00";56;8;18;Beginner Level;2 hours;2015-07-10;Business Finance
429308;Read financial statements like a pro;TRUE;"$50,00";12;1;38;Intermediate Level;4 hours;2015-03-02;Business Finance
1031780;Ready for Production with Spring Boot Actuator;TRUE;"$55,00";361;26;49;Intermediate Level;2.5 hours;2017-01-05;Web Development
407796;Redirect Your Visitors By Country Easily -Wordpress Tutorial;TRUE;"$20,00";2.306;3;24;Beginner Level;1 hour;2015-02-05;Web Development
1251786;Redux in Angular (2 and 4+);TRUE;"$70,00";909;16;13;Intermediate Level;1.5 hours;2017-06-23;Web Development
405840;Regular Expressions for Beginners - Universal;TRUE;"$100,00";1.975;141;36;All Levels;3 hours;2017-01-20;Web Development
513782;Removing Backgrounds From Images using Adobe Photoshop;TRUE;"$20,00";1.768;20;14;All Levels;41 mins;2015-06-03;Graphic Design
561136;Responsive Design with NEW Materialize;TRUE;"$75,00";12.629;88;36;All Levels;1.5 hours;2015-07-23;Web Development
235104;Responsive Html5 Theme Development;TRUE;"$20,00";1.517;4;12;All Levels;1 hour;2014-06-06;Web Development
1254172;Responsive PHP Registration Form: From Scratch;TRUE;"$95,00";5.738;9;35;All Levels;4 hours;2017-06-28;Web Development
152244;Responsive Web Design with HTML5 and CSS3 - Introduction;TRUE;"$35,00";770;65;84;Beginner Level;8 hours;2014-01-28;Web Development
151956;Responsive Web Design: Made Easy;TRUE;"$195,00";5.085;106;27;All Levels;6.5 hours;2014-02-13;Web Development
970600;REST APIs with Flask and Python;TRUE;"$110,00";5.151;737;115;Intermediate Level;12.5 hours;2016-11-06;Web Development
866696;REST WCF Service in ASP.NET;FALSE;Free;7.905;561;5;All Levels;41 mins;2016-06-08;Web Development
406820;RESTful API with Laravel;TRUE;"$45,00";1.905;228;57;All Levels;6 hours;2015-02-05;Web Development
1109150;RESTful API with Laravel 5.4: Definitive Guide;TRUE;"$145,00";655;95;195;All Levels;12.5 hours;2017-04-28;Web Development
352774;RESTful Services with ASP.NET Web API;TRUE;"$85,00";716;59;34;All Levels;2 hours;2014-11-21;Web Development
54677;Revealed: Profitable Principles of Successful Traders ;TRUE;"$25,00";1.046;5;26;All Levels;3 hours;2013-05-19;Business Finance
266004;Rhythm to Rock Drum Lesson 4;TRUE;"$20,00";12;3;12;Beginner Level;1.5 hours;2014-08-18;Musical Instruments
269830;Rhythm to Rock Drum Lesson 5;TRUE;"$20,00";13;3;9;Beginner Level;1 hour;2014-08-18;Musical Instruments
269832;Rhythm to Rock Drum Lesson 6;TRUE;"$20,00";12;1;13;Beginner Level;1.5 hours;2014-08-21;Musical Instruments
151120;Rhythm to Rock Drum Lessons;TRUE;"$20,00";44;2;7;Beginner Level;1 hour;2014-02-02;Musical Instruments
171598;Rhythm to Rock Drum Lessons 2;TRUE;"$20,00";21;2;11;Beginner Level;1 hour;2014-03-10;Musical Instruments
205764;Rhythm to Rock Drum Lessons 3;TRUE;"$20,00";12;2;12;Beginner Level;1 hour;2014-07-18;Musical Instruments
649404;Ribbon Lettering: From Sketch to Wordmark;TRUE;"$40,00";342;2;8;All Levels;43 mins;2015-10-25;Graphic Design
537896;Risk Analysis - Capital Budgeting for CA / CS / CFA exams;TRUE;"$20,00";2.268;4;47;All Levels;5.5 hours;2015-07-07;Business Finance
537888;Risk in Forex Transactions - for CA / CS / CFA exams;TRUE;"$20,00";2.235;3;9;All Levels;1 hour;2015-09-29;Business Finance
667332;Robots de Forex: espere ganar 175%p.a! Incluye Robot de Fx! ;TRUE;"$130,00";315;49;41;All Levels;5 hours;2016-01-22;Business Finance
206332;Rock Drumset Grooves: Level 1;TRUE;"$20,00";709;12;38;Beginner Level;2 hours;2014-09-02;Musical Instruments
375136;Rock Solid Wordpress Security - Secure Web Development;FALSE;Free;5.052;92;23;All Levels;1.5 hours;2014-12-28;Web Development
755198;Rockabilly Guitar For Beginners;TRUE;"$40,00";475;125;36;Beginner Level;2 hours;2016-02-21;Musical Instruments
46524;Rock-Solid Brands;TRUE;"$20,00";134;4;13;Beginner Level;31 mins;2016-02-17;Graphic Design
1085580;"RSI, Options Trading & Technical Analysis (3 Course Bundle)";TRUE;"$200,00";1.047;9;46;All Levels;3.5 hours;2017-01-26;Business Finance
382258;Ruby on Rails 4---A Test-Driven Approach;TRUE;"$100,00";1.518;55;122;Beginner Level;19 hours;2015-02-17;Web Development
937586;"Ruby on Rails 5 - BDD, RSpec and Capybara";TRUE;"$200,00";1.870;193;145;All Levels;14.5 hours;2016-10-28;Web Development
778084;Ruby on Rails a Beginners Guide ;FALSE;Free;13.130;346;88;Beginner Level;6.5 hours;2016-03-18;Web Development
657710;Ruby on Rails for Complete Beginners;TRUE;"$35,00";4.839;129;84;Beginner Level;4 hours;2015-11-02;Web Development
372518;Ruby On Rails For Web Development;TRUE;"$195,00";2.526;185;24;Beginner Level;5 hours;2014-12-17;Web Development
656522;Ruby on Rails Foundations;TRUE;"$20,00";359;45;73;All Levels;6.5 hours;2015-11-16;Web Development
465210;Ruby on Rails Tutorial: Learn 6 Ruby on Rails SEO Techniques;TRUE;"$200,00";1.266;16;21;All Levels;2 hours;2015-05-15;Web Development
134144;Ruby on Rails: Training and Skills to Build Web Applications;TRUE;"$95,00";9.375;219;43;All Levels;7 hours;2014-01-10;Web Development
369662;Running a Web Development Business: The Complete Guide;TRUE;"$150,00";24.575;525;98;All Levels;19.5 hours;2015-08-26;Web Development
1123098;RxJs & Reactive Programming Angular Masterclass - Angular 4;TRUE;"$150,00";1.301;179;80;All Levels;7.5 hours;2017-04-11;Web Development
158830;Samuel and Co Trading - Stock & Forex Trading;TRUE;"$50,00";592;109;24;All Levels;5.5 hours;2014-02-10;Business Finance
828042;SAP - Learn SAPUI5 Professional Development;TRUE;"$195,00";860;201;56;All Levels;7 hours;2016-04-25;Web Development
436496;SAP Crystal Reports with ASP.Net (Step by step);FALSE;Free;7.484;304;5;Beginner Level;1 hour;2015-03-04;Web Development
1048496;"SAP Crystal Reports:Master-Detail,Cross-Tab,Sub-Reports";TRUE;"$50,00";13;1;9;All Levels;2 hours;2016-12-26;Business Finance
907444;SAP FICO For Beginners - A Guide to SAP Financial Accounts;TRUE;"$100,00";1.444;101;59;Beginner Level;5 hours;2016-07-25;Business Finance
877036;Sara Learns to Code.  Making an App from Scratch;TRUE;"$60,00";402;20;35;Beginner Level;4 hours;2016-08-02;Web Development
413618;SASS - Beginner Crash Course;TRUE;"$25,00";1.143;34;13;Beginner Level;1 hour;2015-02-12;Web Development
382786;Sass Workflow;FALSE;Free;20.890;945;21;Beginner Level;3 hours;2015-02-06;Web Development
906700;Sass: From Beginner to Advanced;TRUE;"$40,00";8.059;231;39;All Levels;2 hours;2016-07-21;Web Development
812616;Save on Your Taxes;TRUE;"$20,00";2.437;12;23;All Levels;1.5 hours;2016-11-16;Business Finance
184088;Sax Solos: Learn how to Perform Three Fun and Unique Pieces!;TRUE;"$50,00";147;4;39;Intermediate Level;1 hour;2014-03-17;Musical Instruments
545036;Saxophone Essentials: Beginners Course;TRUE;"$40,00";3;0;16;Beginner Level;1.5 hours;2017-04-26;Musical Instruments
815182;Saxophone Pro Series - You're going to love practicing Sax;TRUE;"$50,00";119;4;32;All Levels;5.5 hours;2016-04-08;Musical Instruments
785388;Scaling Docker on AWS;TRUE;"$25,00";3.133;351;63;All Levels;6 hours;2016-03-28;Web Development
56926;School of Raising Capital: Agile Financial Modeling;TRUE;"$20,00";12;1;11;All Levels;1.5 hours;2013-06-28;Business Finance
751100;Scrape Websites using PhantomJS and CasperJS;TRUE;"$195,00";960;110;32;Intermediate Level;2 hours;2016-02-26;Web Development
551910;SEASON 2 MQL4 Tutorial Bootcamp - Metatrader4 Trading Robots;TRUE;"$25,00";462;18;34;All Levels;1 hour;2015-07-16;Business Finance
1101204;Security for your WordPress site;TRUE;"$85,00";1.096;8;7;Beginner Level;38 mins;2017-02-09;Web Development
386922;Seeing the Big Picture: Understanding Financial Statements;TRUE;"$50,00";885;69;14;All Levels;43 mins;2015-01-07;Business Finance
669346;Self Advertise Using PowerPoint Twitter and Facebook on ios;TRUE;"$20,00";1.780;15;6;Beginner Level;36 mins;2015-11-17;Web Development
824412;Sell Courses On Your Own Website - No Coding Required!;TRUE;"$100,00";1.032;9;21;All Levels;1 hour;2016-04-18;Web Development
597424;Sell like a Pro: Insider Secrets of Successful Selling!;TRUE;"$115,00";12;1;25;All Levels;2.5 hours;2016-11-01;Business Finance
770526;Sending email with PHP: from Basic to Advanced;TRUE;"$40,00";379;58;45;All Levels;2 hours;2016-06-10;Web Development
615600;Sensitivity & Scenario Analysis for CA / CFA / CPA Exams;TRUE;"$20,00";2.185;3;13;All Levels;2 hours;2015-09-20;Business Finance
1106148;Series 7: Intermediate Options;TRUE;"$55,00";5;0;11;Intermediate Level;1 hour;2017-04-17;Business Finance
1128050;"Server API Development in Swift, Kitura, & Bluemix";TRUE;"$200,00";1.827;129;66;Beginner Level;20.5 hours;2017-03-08;Web Development
1023062;Serverless Architecture on Amazon Web Services;FALSE;Free;13.210;978;8;Intermediate Level;33 mins;2016-11-30;Web Development
1033944;Serverless Workflow Management with AWS Step Functions;FALSE;Free;8.768;173;8;Intermediate Level;1 hour;2016-12-09;Web Development
23742;Servlets and JSPs Tutorial: Learn Web Applications With Java;TRUE;"$35,00";15.187;970;64;All Levels;10 hours;2012-09-10;Web Development
1131732;Set up a localhost Web Server for Faster Website Development;TRUE;"$30,00";55;13;31;All Levels;1.5 hours;2017-06-12;Web Development
767400;Sevillanas con Castañuelas - Baile y toque al mismo tiempo;TRUE;"$40,00";20;4;24;All Levels;1.5 hours;2016-02-23;Musical Instruments
326326;SharePoint 2013 Development using C# - Part I;TRUE;"$50,00";891;101;119;All Levels;8.5 hours;2014-11-06;Web Development
215728;Shark Accounting - Building a Business by the Numbers!;TRUE;"$20,00";6.050;140;17;Beginner Level;1.5 hours;2014-05-18;Business Finance
996320;Shopping Cart Website from Scratch Ecommerce;TRUE;"$200,00";633;39;54;Beginner Level;4 hours;2016-11-08;Web Development
504036;Short Selling: Learn To Sell Stocks Before The Fall;TRUE;"$75,00";2.276;106;19;Intermediate Level;1.5 hours;2015-06-22;Business Finance
1225564;Short Straddles - Exploit Earnings Option Volatility Crush;TRUE;"$60,00";59;8;7;Expert Level;35 mins;2017-05-24;Business Finance
242176;Si eres nuevo en Photoshop...Este es tu curso Nº1;TRUE;"$20,00";13;3;22;Beginner Level;2 hours;2014-06-17;Graphic Design
655198;Siemens NX Unigraphics (UG) Basic to Advance 3D Modelling;TRUE;"$50,00";142;23;88;All Levels;10.5 hours;2015-10-30;Graphic Design
1143032;Silhouettes that Sells;TRUE;"$25,00";9;1;13;Beginner Level;1 hour;2017-03-23;Graphic Design
41973;"Silver, Gold, and Inflation";FALSE;Free;5.597;76;11;Beginner Level;1 hour;2013-02-16;Business Finance
576722;Simple And Easy: Wordpress For Beginners;FALSE;Free;5.014;196;32;Beginner Level;3 hours;2015-08-09;Web Development
577796;"Simple Javascript: Learn by Doing, Beginners Welcome!";TRUE;"$25,00";2.753;10;18;All Levels;2 hours;2015-09-07;Web Development
587232;Simple Linear Regression Analysis ( A Complete Course );TRUE;"$200,00";811;5;29;All Levels;1.5 hours;2015-08-27;Business Finance
262818;Simple Options Trading System;TRUE;"$35,00";104;2;16;Intermediate Level;1.5 hours;2014-07-31;Business Finance
788722;Simple Photoshop CC: Smart Objects;TRUE;"$20,00";272;0;11;Intermediate Level;30 mins;2016-03-15;Graphic Design
1134864;Simple things you must know before start FOREX (OFFER);TRUE;"$200,00";1.053;20;15;Beginner Level;44 mins;2017-03-10;Business Finance
935014;Simplified Cross Browser Web Testing Using VirtualBox;TRUE;"$20,00";796;3;18;Beginner Level;1 hour;2016-09-13;Web Development
563880;Single Page Application of MVC 5 Using AngularJS;TRUE;"$20,00";722;53;18;Intermediate Level;1.5 hours;2015-08-16;Web Development
1193950;Sintetizadores e Síntese Subtrativa;TRUE;"$85,00";38;12;83;All Levels;5 hours;2017-05-02;Musical Instruments
758216;Sistema Completo De Guitarra Rítmica Para Principiantes;TRUE;"$55,00";21;3;32;Beginner Level;6 hours;2016-02-27;Musical Instruments
628944;Situational Trading: Proven Option Strategy for any Scenario;TRUE;"$200,00";1.048;11;16;All Levels;1.5 hours;2015-11-06;Business Finance
826912;Six Stage Negotiation;TRUE;"$30,00";1;0;21;All Levels;2.5 hours;2016-05-11;Business Finance
374652;Sketch 3 - New Guide To iOS 8 Mobile App Design (2015);TRUE;"$20,00";481;15;66;All Levels;5.5 hours;2015-01-05;Graphic Design
371074;Sketch 3 from A to Z: Become an App Designer;TRUE;"$75,00";7.282;1.629;42;All Levels;3.5 hours;2015-01-03;Graphic Design
358998;Sketch 3: Design a mobile application from scratch;TRUE;"$45,00";709;14;31;All Levels;2.5 hours;2014-12-08;Graphic Design
808542;Sketchbook Pro for Beginners;TRUE;"$125,00";1.657;46;41;All Levels;4 hours;2016-04-01;Graphic Design
379814;"Sketching: How to Draw People, Hands, Eyes, Buildings & Cars";TRUE;"$20,00";500;16;31;All Levels;2 hours;2014-12-29;Graphic Design
846962;Slap Bass For Beginners;TRUE;"$50,00";79;3;25;All Levels;1.5 hours;2016-06-23;Musical Instruments
757284;Slide Guitar- Slide Soloing Essentials;TRUE;"$50,00";297;20;17;All Levels;3 hours;2016-02-11;Musical Instruments
83736;Small Biz Doers' Guide to Small Biz Accounting + Bookkeeping;TRUE;"$20,00";1.294;7;58;Beginner Level;5.5 hours;2013-08-28;Business Finance
59725;Small Business and Managerial Accounting Training Tutorial;TRUE;"$20,00";117;3;71;Beginner Level;3.5 hours;2013-06-19;Business Finance
399170;Small Business Owners: Drive a Productive Business and Grow;TRUE;"$20,00";5.099;2;15;Beginner Level;3 hours;2015-01-20;Business Finance
851288;Smart Trading Techniques for Safe & Consistent Weekly Result;TRUE;"$100,00";46;11;24;Intermediate Level;2.5 hours;2016-05-24;Business Finance
766906;Smashing Photoshop CC/CS;TRUE;"$20,00";437;7;76;Beginner Level;5 hours;2016-04-26;Graphic Design
846832;So you think you know JavaScript?;TRUE;"$50,00";1.010;154;25;All Levels;6 hours;2016-05-12;Web Development
56513;Social Network Web Development;TRUE;"$200,00";2.698;29;57;All Levels;8 hours;2013-09-03;Web Development
709816;Socorro! Preciso Organizar as Minhas Finanças!;TRUE;"$20,00";72;17;37;All Levels;1.5 hours;2016-01-08;Business Finance
632488;Spice up your playing with some easy Flamenco techniques! ;TRUE;"$40,00";120;11;47;Intermediate Level;44 mins;2015-11-06;Musical Instruments
592606;Spielend Klavier lernen mit Freude und Erfolg;TRUE;"$100,00";255;30;53;Beginner Level;4 hours;2015-11-12;Musical Instruments
976854;Spring 4 Mastercourse: Covers Annotation & XML Configuration;TRUE;"$200,00";1.353;53;320;Intermediate Level;23.5 hours;2016-11-01;Web Development
1078208;Spring Boot Tutorial For Beginners;TRUE;"$40,00";2.578;210;39;Beginner Level;5.5 hours;2017-01-23;Web Development
863812;Spring Core DevOps on AWS;TRUE;"$100,00";1.626;115;78;Intermediate Level;6.5 hours;2016-11-15;Web Development
554384;Spring Framework 4 (Java Enterprise JEE) with AngularJS;TRUE;"$95,00";5.177;318;70;All Levels;13.5 hours;2015-09-21;Web Development
357726;Spring Framework 4 And Dependency Injection For Beginners;FALSE;Free;21.147;1.220;16;Beginner Level;1.5 hours;2015-01-16;Web Development
726290;Star Rating Project AJAX with JSON response from PHP MySQL;TRUE;"$120,00";1.302;18;22;Beginner Level;1.5 hours;2016-01-13;Web Development
839536;Start Making Comics with Manga Studio 5 / Clip Studio Paint;FALSE;Free;5.301;125;77;All Levels;6.5 hours;2016-06-21;Graphic Design
619792;Start Now: A Rescue Plan for Retirement Late Savers;TRUE;"$150,00";11;1;15;All Levels;39 mins;2016-11-19;Business Finance
746432;Start Trading Stocks Using Technical Analysis!;TRUE;"$25,00";3.190;244;45;All Levels;4 hours;2016-02-03;Business Finance
1170626;Start Trading Stocks Using Technical Analysis! Part 2;TRUE;"$95,00";94;11;25;All Levels;2 hours;2017-05-23;Business Finance
765916;Start Web Development with GIS Map in JavaScript;TRUE;"$60,00";1.599;26;49;All Levels;3 hours;2016-02-28;Web Development
1073793;Start Writing JavaScript Today - Beginner JavaScript Course;TRUE;"$100,00";9.067;41;27;Beginner Level;3 hours;2017-03-08;Web Development
342084;Start Your Own Forum Website in 15 Minutes ;TRUE;"$40,00";5.387;38;15;All Levels;1 hour;2015-01-26;Web Development
139788;Starting to play the blues on your harmonica in easy steps ;TRUE;"$35,00";71;3;16;Intermediate Level;2 hours;2014-03-01;Musical Instruments
392478;Startup Business: How To Raise Seed Capital;TRUE;"$95,00";3.360;12;34;All Levels;3 hours;2015-03-15;Business Finance
877968;Start-up financial modeling for non-finance professionals;TRUE;"$20,00";11;0;19;All Levels;4 hours;2016-06-20;Business Finance
611420;Statistics - Measures of Dispersion for CA / CS / CFA exams;TRUE;"$20,00";5.108;9;13;All Levels;1 hour;2015-09-14;Business Finance
1055424;Stencil - Simple Graphic Design For Entrepreneurs;TRUE;"$95,00";11;0;10;All Levels;1 hour;2017-01-03;Graphic Design
1148342;Step by Step Build Your Template by Bootstrap 4 from scratch;TRUE;"$80,00";2.184;15;24;Beginner Level;3 hours;2017-03-30;Web Development
796188;Step by Step Classical Guitar Course;TRUE;"$100,00";9;1;45;Beginner Level;4.5 hours;2016-12-08;Musical Instruments
508570;Step by Step Gif animation in Photoshop;TRUE;"$20,00";518;2;17;All Levels;1 hour;2015-06-08;Graphic Design
368916;Step by step guide to understand how business perform;TRUE;"$20,00";788;3;15;Intermediate Level;38 mins;2014-12-14;Business Finance
710420;Step by Step Tabla Course- Indian Drums;TRUE;"$20,00";1.337;17;21;Beginner Level;1 hour;2016-01-18;Musical Instruments
73080;Step-by-step HTML and CSS for Absolute Beginners;TRUE;"$120,00";6.162;324;43;Beginner Level;4 hours;2013-08-26;Web Development
593962;Stock Fundamental Analysis with Excel;TRUE;"$50,00";206;13;50;All Levels;10 hours;2015-09-15;Business Finance
389108;Stock Market - Swing Trading Strategies for Wall Street;TRUE;"$50,00";814;9;5;All Levels;1 hour;2015-01-09;Business Finance
696616;Stock Market for Beginners - Complete Starter Toolkit;TRUE;"$120,00";577;45;82;Intermediate Level;6.5 hours;2016-03-31;Business Finance
98706;Stock Market for Beginners. Learn to trade;TRUE;"$35,00";143;15;42;All Levels;3.5 hours;2013-10-03;Business Finance
191854;Stock Market Foundations;FALSE;Free;19.339;794;9;Beginner Level;2 hours;2014-03-31;Business Finance
528784;Stock market Investing Encyclopedia: How to invest in stocks;TRUE;"$200,00";3.143;11;39;Intermediate Level;3 hours;2015-11-10;Business Finance
133536;Stock Market Investing for Beginners;FALSE;Free;50.855;2.698;15;Beginner Level;1.5 hours;2013-12-25;Business Finance
1076920;Stock Market investment: Practical Accounting;TRUE;"$125,00";1.120;6;43;Beginner Level;3 hours;2017-01-23;Business Finance
1045726;Stock Market investment:Non financial fundamental analysis;TRUE;"$125,00";1.091;4;29;Beginner Level;3 hours;2016-12-20;Business Finance
545918;Stock Market Leverage: How to Start Trading Options Wisely;TRUE;"$95,00";2.153;14;13;Beginner Level;1.5 hours;2015-07-27;Business Finance
202290;Stock Market Mastery;TRUE;"$20,00";135;2;25;All Levels;7.5 hours;2014-06-08;Business Finance
412856;Stock Market Option Trading: How Sell Options For Premium;TRUE;"$200,00";1.909;8;19;Intermediate Level;2 hours;2015-02-08;Business Finance
770486;Stock Market: The Zero Risk Way of Investing;TRUE;"$25,00";2.046;14;8;Beginner Level;38 mins;2016-03-18;Business Finance
466632;Stock Markets: How I Became Rich By Changing How I Trade;TRUE;"$20,00";646;6;17;All Levels;1 hour;2015-09-13;Business Finance
588764;Stock Options Day Trading Mindset for Success;TRUE;"$200,00";2.988;21;43;All Levels;4.5 hours;2015-09-29;Business Finance
476256;Stock Options Trades Using Interactive Brokers;TRUE;"$95,00";1.580;26;14;Intermediate Level;1 hour;2015-09-07;Business Finance
832410;Stock Technical Analysis with Excel;TRUE;"$50,00";156;16;41;All Levels;7 hours;2016-04-28;Business Finance
815482;Stock Technical Analysis with Python;TRUE;"$50,00";409;35;46;All Levels;8 hours;2016-04-12;Business Finance
792216;Stock Technical Analysis with R;TRUE;"$50,00";354;32;49;All Levels;7 hours;2016-03-18;Business Finance
380206;Stock Trading Essentials for Day Traders;TRUE;"$100,00";94;15;9;All Levels;1 hour;2015-01-08;Business Finance
165964;Stock Trading Ninja: Complete System For Trading Success;TRUE;"$155,00";9.445;497;38;All Levels;4.5 hours;2014-02-19;Business Finance
507600;Stock Trading Strategies Using a D.A.R.T.;TRUE;"$20,00";227;3;5;All Levels;1 hour;2015-05-26;Business Finance
528104;Stock Trading Strategies: Profitable Trading in 7 Days.;TRUE;"$50,00";80;10;27;All Levels;5.5 hours;2015-06-16;Business Finance
581662;Stock Trading with this Strategy;TRUE;"$50,00";30;3;6;All Levels;1 hour;2015-08-13;Business Finance
544556;Stock Trading: Insider Tips For Determining Market Direction;TRUE;"$95,00";104;1;11;All Levels;1 hour;2015-07-07;Business Finance
389834;Stock Trading: Ultimate Guide to swing trading stocks;TRUE;"$200,00";336;6;13;All Levels;41 mins;2016-10-25;Business Finance
538560;Stocks For Beginners - A Guide To Investing;TRUE;"$20,00";64;15;14;Beginner Level;1 hour;2015-07-17;Business Finance
987682;Stocks: Quick Method to get started Investing;FALSE;Free;718;13;7;Beginner Level;1 hour;2017-05-18;Business Finance
1087466;Stop Creditors from Harassing you and Avoid Bankruptcy;TRUE;"$20,00";0;0;7;Beginner Level;37 mins;2017-02-02;Business Finance
949504;Straddle Options Trading - Profit in Any Market Direction;TRUE;"$200,00";837;9;19;All Levels;1 hour;2016-10-03;Business Finance
42651;Straddles and Strangles - Volatility moves in any direction;TRUE;"$60,00";775;54;11;Expert Level;1.5 hours;2013-03-12;Business Finance
115752;Straight From Business School: Create Financial Statements;TRUE;"$20,00";31;2;5;Beginner Level;1 hour;2013-11-28;Business Finance
944594;Strategy layout and Backtesting;TRUE;"$200,00";36;2;24;Expert Level;4 hours;2016-09-21;Business Finance
1200374;Strumming from scratch - Rhythm guitar lesson for Beginners;FALSE;Free;530;11;13;Beginner Level;2 hours;2017-05-04;Musical Instruments
132950;Strumming the Guitar - 5 Lessons on Strum Patterns;TRUE;"$20,00";56;3;10;Beginner Level;38 mins;2013-12-13;Musical Instruments
196164;Studying the CFA Program exams (Mandarin language version);FALSE;Free;1.168;9;5;All Levels;40 mins;2014-04-09;Business Finance
1079370;Sublime Text for Rapid Web Development;TRUE;"$20,00";2.104;69;14;All Levels;1 hour;2017-01-19;Web Development
745832;Succeed at Options Even If You Don't Know Where to Start;TRUE;"$200,00";36;1;12;All Levels;1.5 hours;2017-04-17;Business Finance
791422;Succeed in Bonds Even if You Don't Know Where to Start;TRUE;"$200,00";1.113;6;8;All Levels;1 hour;2017-02-03;Business Finance
521342;Succeed in Forex Even if You Don't Know Where to Start!;TRUE;"$200,00";1.806;38;211;Beginner Level;19.5 hours;2015-06-19;Business Finance
791574;Succeed in Futures Even if You Don't Know Where to Start;FALSE;Free;3.014;19;15;All Levels;1 hour;2017-01-03;Business Finance
791436;Succeed in Lotto Even if You Don't Know Where to Start!;TRUE;"$20,00";1.201;12;18;All Levels;1.5 hours;2017-05-11;Business Finance
793084;Succeed in Stocks Even if you Don't Know Where to Start;FALSE;Free;2.554;20;10;Beginner Level;1 hour;2017-03-09;Business Finance
593460;Successful Day Trading with Fibonacci;TRUE;"$200,00";869;135;11;All Levels;2 hours;2015-08-31;Business Finance
647442;Successful website creation - everything you need to know;TRUE;"$150,00";9.384;21;16;All Levels;1.5 hours;2015-10-22;Web Development
1261210;Suonare la Chitarra;TRUE;"$200,00";1;1;22;All Levels;1 hour;2017-06-21;Musical Instruments
301686;"Super Beginner Guitar - start right, start awesome";TRUE;"$30,00";594;3;33;Beginner Level;2 hours;2014-11-26;Musical Instruments
796486;Super Fast Accounting - the fastest way to do your books;TRUE;"$25,00";129;21;8;Beginner Level;34 mins;2016-03-18;Business Finance
177614;Super Textos con Photoshop;TRUE;"$20,00";0;0;8;Beginner Level;2 hours;2014-03-31;Graphic Design
1226008;Superb jQuery Course - Become Certified jQuery Developer;TRUE;"$95,00";817;6;32;All Levels;1.5 hours;2017-05-28;Web Development
592352;Supercharging Development With Atom Text Editor;TRUE;"$20,00";644;42;28;All Levels;1.5 hours;2015-09-02;Web Development
207440;Super-Curso de Guitarra Práctico Para Principiantes;TRUE;"$85,00";228;26;215;Beginner Level;10.5 hours;2014-06-30;Musical Instruments
1023668;Supreme NodeJS Course - For Beginners;TRUE;"$200,00";1.080;37;76;All Levels;3.5 hours;2016-11-29;Web Development
1165016;Surface Pattern Design : Create Scandinavian Patterns;TRUE;"$40,00";390;6;8;All Levels;42 mins;2017-04-04;Graphic Design
56058;Surpassing Your Kickstarter Goals;TRUE;"$30,00";124;7;12;All Levels;1 hour;2013-05-24;Business Finance
123242;Surviving Introduction to Finance;FALSE;Free;1.362;7;13;Beginner Level;3 hours;2014-02-06;Business Finance
153230;Swing Low - The 101 Authentic Nashville Piano Style Course;TRUE;"$20,00";146;5;15;All Levels;1 hour;2014-01-30;Musical Instruments
1182108;Symfony 3: Build a PHP Application with Symfony;TRUE;"$20,00";466;11;25;All Levels;2 hours;2017-04-20;Web Development
621014;System of Asset Management for Professionals (SAMP);TRUE;"$50,00";8;1;8;Expert Level;1 hour;2015-09-25;Business Finance
197610;Técnicas Photoshop: Reformar Campo de golf;TRUE;"$40,00";2;0;34;All Levels;1.5 hours;2014-05-08;Graphic Design
442114;Take Control By Learning The Stock Market Now;TRUE;"$30,00";1.440;0;21;Beginner Level;1 hour;2015-03-10;Business Finance
869312;TAKE NOTE BEGINNER CLARINET!  –  Fun with Fundamental Skills;TRUE;"$30,00";137;2;43;Beginner Level;4.5 hours;2016-06-13;Musical Instruments
280842;Take Your Career to the Next Level with MBA Finance;TRUE;"$50,00";618;10;19;All Levels;2 hours;2015-10-29;Business Finance
808292;Take your double bass drum technique to the next level;TRUE;"$40,00";584;7;196;Intermediate Level;5.5 hours;2016-05-16;Musical Instruments
1078254;Tally ERP Complete Training in Urdu / Hindi;TRUE;"$30,00";5;2;51;All Levels;5 hours;2017-02-02;Business Finance
188418;Tape Reading: Learn how to read the tape for day trading;TRUE;"$195,00";1.013;128;32;All Levels;14 hours;2014-03-27;Business Finance
1022108;"Tax Accounting: Difficult Topic, Made Easy to Understand";TRUE;"$200,00";1.033;10;29;All Levels;2 hours;2017-01-11;Business Finance
390510;Tax made simple for Limited Company Owners and Contractors;TRUE;"$50,00";11;0;57;All Levels;3 hours;2015-02-18;Business Finance
724596;Tax Preparation: Learn Fast! Prepare Taxes with Confidence!;TRUE;"$200,00";609;32;33;All Levels;2.5 hours;2016-01-12;Business Finance
822808;Tax Strategies of the Wealthy;TRUE;"$195,00";207;19;11;Beginner Level;1.5 hours;2016-04-29;Business Finance
332848;Tax Strategy: Financial Planning for Beginners;TRUE;"$200,00";1.703;59;25;All Levels;2 hours;2014-11-04;Business Finance
640496;Teaching Music : Start teaching an instrument successfully.;TRUE;"$30,00";1.337;5;18;Beginner Level;1.5 hours;2015-10-16;Musical Instruments
42640;Technical Analysis - A practical approach for trade entry;TRUE;"$60,00";454;52;15;Expert Level;2 hours;2013-02-24;Business Finance
692722;Technical Analysis 101: How to Profit During Market Crashes;TRUE;"$95,00";1.730;18;53;All Levels;2 hours;2016-01-27;Business Finance
316750;Technical Analysis 101: Master the Basics of Trading;TRUE;"$95,00";2.688;61;50;All Levels;2 hours;2015-05-13;Business Finance
507486;Technical Analysis 101: Secrets of Trading Revealed;TRUE;"$150,00";912;27;81;All Levels;2.5 hours;2015-07-16;Business Finance
294292;Technical Analysis 101: Ten Primary Candlestick Reversals;TRUE;"$95,00";1.741;85;84;All Levels;7 hours;2014-10-05;Business Finance
576906;"Technical Analysis Primer for trading Stocks, Bonds & Forex";TRUE;"$50,00";397;4;36;Beginner Level;3 hours;2015-11-23;Business Finance
474150;Technical Analysis tools for Stocks and Options trading;TRUE;"$40,00";3.555;89;11;All Levels;1.5 hours;2015-04-12;Business Finance
986034;Technical Analysis Using Elliott Wave Theory;TRUE;"$60,00";217;7;16;All Levels;1 hour;2016-11-01;Business Finance
824034;Technical Analysis: Understanding Price Action;TRUE;"$45,00";39;6;37;All Levels;3 hours;2016-08-26;Business Finance
625670;Technical Charting;TRUE;"$20,00";4;1;6;Intermediate Level;1 hour;2015-11-02;Business Finance
363058;Technical Trading and Investing Made Easy;TRUE;"$40,00";217;7;27;Intermediate Level;1.5 hours;2014-12-24;Business Finance
46010;TechniTrader Leading Hybrid Indicator Trading;TRUE;"$20,00";4.117;54;5;Intermediate Level;1 hour;2013-04-04;Business Finance
1057040;Teeter-Totter Accounting;TRUE;"$90,00";0;0;12;Beginner Level;1 hour;2017-02-08;Business Finance
222062;Tenor Banjo;TRUE;"$40,00";70;6;18;Intermediate Level;1 hour;2015-06-17;Musical Instruments
198660;Tenor Banjo for Absolute Beginners;FALSE;Free;3.167;161;34;Beginner Level;37 mins;2014-07-19;Musical Instruments
809968;Tenor Saxophone Lessons For Beginners;TRUE;"$95,00";45;5;43;Beginner Level;3 hours;2016-04-04;Musical Instruments
600486;Teoria Basica del Arte. Como Pintar Ilustraciones Digitales;TRUE;"$20,00";5.104;437;26;Beginner Level;1 hour;2015-09-08;Graphic Design
1153876;"Term Loan Appraisal for bankers, credit analysts";TRUE;"$20,00";11;2;28;Beginner Level;6.5 hours;2017-04-03;Business Finance
1271684;Test your Knowledge in Banking Credit Analysis Process;TRUE;"$30,00";17;0;0;All Levels;24 questions;2017-06-30;Business Finance
1259560;Test your knowledge in Basics of Accounting;TRUE;"$30,00";1.000;11;0;Beginner Level;218 questions;2017-06-20;Business Finance
1270254;Test your Knowledge in Cost Accounting;TRUE;"$30,00";999;3;0;All Levels;18 questions;2017-06-27;Business Finance
1259396;Test your knowledge in Financial Management;TRUE;"$30,00";20;0;0;All Levels;82 questions;2017-06-21;Business Finance
475214;Text based Logo Design for Business Using Adobe Photoshop;TRUE;"$20,00";4.208;25;19;All Levels;1 hour;2015-08-03;Graphic Design
1177670;Texturing For Designers - Bring Life to Design With Textures;TRUE;"$60,00";201;0;12;All Levels;1 hour;2017-04-18;Graphic Design
589900;The 7 Day Guitar Method;TRUE;"$20,00";213;4;11;All Levels;2.5 hours;2015-10-26;Musical Instruments
880564;The 7 fundamentals to Successful Cashflow Management;TRUE;"$25,00";7;0;12;All Levels;1 hour;2016-07-11;Business Finance
606494;The 80/20 Beginner Guitar Course;TRUE;"$50,00";1.269;27;51;Beginner Level;3 hours;2016-04-28;Musical Instruments
807934;The 80/20 Guitar: Write Music and Play Guitar in 30 Days;FALSE;Free;2.610;28;24;All Levels;3.5 hours;2016-04-20;Musical Instruments
998872;The Actuarial Profession: Basic Sciences and Principles;TRUE;"$25,00";1.531;6;7;Beginner Level;35 mins;2016-11-20;Business Finance
614472;The Advanced Forex Course for Smart Traders;FALSE;Free;8.236;144;25;All Levels;5 hours;2015-10-09;Business Finance
511838;The Advanced Web Developer Course;TRUE;"$100,00";6.890;99;90;Intermediate Level;10.5 hours;2015-06-03;Web Development
1225674;The Advantages of ETF Options and Index Options Trading;TRUE;"$60,00";52;3;9;Intermediate Level;1 hour;2017-05-23;Business Finance
1072248;The All-In-One Web Development Course;TRUE;"$85,00";538;13;113;All Levels;18.5 hours;2017-04-27;Web Development
983418;The Allman Brothers Guitar Roots And Techniques;TRUE;"$75,00";2.692;29;14;Intermediate Level;1.5 hours;2016-10-29;Musical Instruments
1122792;The Almost Perfect Options Trading Strategy System - Unique;TRUE;"$200,00";1.793;18;15;All Levels;1 hour;2017-03-03;Business Finance
86558;The Art Of Financial Valuation With Certificate;TRUE;"$20,00";3.372;12;12;All Levels;2 hours;2013-09-29;Business Finance
1165588;The Art of Icon Design: Create Custom Flat Icon Designs;TRUE;"$90,00";778;2;24;All Levels;1.5 hours;2017-04-04;Graphic Design
1133764;The Art of Logo Design : Everything You Need to Know;TRUE;"$20,00";0;0;18;All Levels;1 hour;2017-03-09;Graphic Design
297930;The art of piano improvisation;TRUE;"$20,00";83;4;9;All Levels;40 mins;2014-09-19;Musical Instruments
838320;The Art of the Blues Shuffle - A Guitarist's Guide;TRUE;"$20,00";8;0;11;Intermediate Level;1.5 hours;2016-06-26;Musical Instruments
42642;The Basics Of Volume Analysis;TRUE;"$60,00";611;57;13;All Levels;1.5 hours;2013-02-24;Business Finance
716828;The Beginner's Guide to the Futures and Options Trading;FALSE;Free;6.185;138;20;All Levels;3 hours;2016-01-18;Business Finance
353224;The Best Beginner Guitar Course Ever;TRUE;"$50,00";1.976;252;16;Beginner Level;1 hour;2014-11-25;Musical Instruments
702278;The Big Volatility Short: The Best Trade On Wall Street!;TRUE;"$200,00";224;35;16;All Levels;1.5 hours;2016-04-25;Business Finance
689868;The Binary Institute -  Binary Options Trading Course;TRUE;"$200,00";103;25;12;All Levels;2.5 hours;2015-12-14;Business Finance
1194426;The Binary Institute - Introductory Course in Binary Options;FALSE;Free;1.121;12;6;All Levels;1 hour;2017-04-27;Business Finance
551968;The Blueprint for Successful Stock Trading;TRUE;"$120,00";2.697;331;15;All Levels;1 hour;2015-08-13;Business Finance
912996;The Bubble Course - Create Complete Web Apps without Coding;TRUE;"$30,00";3.960;220;47;Beginner Level;4.5 hours;2016-07-24;Web Development
856526;The Build a SAAS App with Flask Course;TRUE;"$40,00";2.244;365;168;All Levels;10 hours;2016-06-02;Web Development
400130;The Business Graphic Design with Photoshop & Illustrator;TRUE;"$200,00";6.039;128;111;All Levels;17 hours;2015-02-25;Graphic Design
1232282;The Cash Flow Statement - An Introduction;TRUE;"$50,00";0;0;10;Beginner Level;1.5 hours;2017-06-28;Business Finance
1034080;The Circle of Fifths for Guitarists;TRUE;"$50,00";1.018;2;5;Intermediate Level;1.5 hours;2016-12-15;Musical Instruments
1275872;The Complete Adobe Spark Course;TRUE;"$150,00";0;0;29;All Levels;2 hours;2017-07-03;Graphic Design
806922;The Complete ASP.NET MVC 5 Course;TRUE;"$190,00";20.652;6.357;138;All Levels;7.5 hours;2016-05-16;Web Development
380970;The Complete Bitcoin Course: Get .001 Bitcoin In Your Wallet;TRUE;"$45,00";8.797;449;80;All Levels;6.5 hours;2015-01-09;Business Finance
642410;The Complete Bootstrap Masterclass Course - Build 4 Projects;TRUE;"$195,00";24.978;540;67;All Levels;7 hours;2015-10-27;Web Development
1199928;The Complete Canva Course;TRUE;"$200,00";68;11;48;All Levels;4.5 hours;2017-05-10;Graphic Design
564966;The Complete Chart Pattern Trading Course: A Proven Approach;TRUE;"$200,00";2.666;115;52;All Levels;4 hours;2015-08-10;Business Finance
1000574;The Complete Developers Guide to MongoDB;TRUE;"$150,00";10.945;1.286;129;All Levels;13.5 hours;2016-11-15;Web Development
921474;The Complete DevOps Engineer Course 2.0 - Java & Kubernetes;TRUE;"$195,00";5.335;105;117;All Levels;14 hours;2016-08-06;Web Development
916902;The Complete E-Commerce Web Developer Course 5.0;TRUE;"$195,00";3.209;58;96;All Levels;12.5 hours;2016-09-13;Web Development
904462;The Complete Elixir and Phoenix Bootcamp;TRUE;"$50,00";5.279;1.375;123;All Levels;14.5 hours;2016-10-27;Web Development
859742;The Complete Ethereum Course: Get .01 Ether In Your Wallet;TRUE;"$45,00";2.507;333;40;All Levels;2 hours;2016-05-30;Business Finance
938560;The Complete Ethical Hacking Course 2.0: Python & Kali Linux;TRUE;"$195,00";7.827;268;66;All Levels;11 hours;2016-09-26;Web Development
978576;The Complete Figure Drawing Course HD;TRUE;"$50,00";1.323;136;225;Beginner Level;78.5 hours;2016-10-11;Graphic Design
648826;The Complete Financial Analyst Course 2017;TRUE;"$195,00";24.481;2.347;174;All Levels;10 hours;2016-01-21;Business Finance
429952;The Complete Financial Model Builder Course-Build 7 Models;TRUE;"$75,00";214;20;88;All Levels;9 hours;2015-03-19;Business Finance
1030976;The Complete Financial Statement Analysis Course;TRUE;"$150,00";912;12;37;Beginner Level;3 hours;2017-01-11;Business Finance
20185;The Complete Forex Trader;TRUE;"$25,00";1.634;142;46;All Levels;7 hours;2012-10-01;Business Finance
905850;The Complete front end web developer Bootcamp - 14 projects;TRUE;"$200,00";900;129;126;All Levels;18.5 hours;2016-08-12;Web Development
933394;The Complete Guide to Forex Trading;TRUE;"$20,00";1.329;12;33;All Levels;5 hours;2017-02-05;Business Finance
739090;The Complete Guide to JavaScript Development;TRUE;"$110,00";3.590;36;104;All Levels;14 hours;2016-01-25;Web Development
843854;The Complete Guide to Professional Trading with Elliott Wave;TRUE;"$115,00";228;49;43;All Levels;4.5 hours;2016-05-11;Business Finance
903140;The Complete hapiJS Course - Go From Beginner To Advanced!;TRUE;"$195,00";1.697;64;54;All Levels;6 hours;2016-07-13;Web Development
977470;The Complete HMTL5 Course - Go From Beginner To Advanced!;TRUE;"$95,00";2.430;15;36;All Levels;2 hours;2016-10-13;Web Development
556248;The Complete HTML & CSS Course - From Novice To Professional;TRUE;"$195,00";57.422;874;84;All Levels;7.5 hours;2015-07-27;Web Development
1252318;The Complete HTML and CSS Course For Beginners;TRUE;"$85,00";733;104;50;All Levels;3 hours;2017-06-20;Web Development
559512;The Complete HTML5 & CSS3 Course Build Professional Websites;TRUE;"$195,00";10.518;129;57;All Levels;4.5 hours;2015-08-11;Web Development
936504;The Complete HTML5 and CSS3 Course;TRUE;"$40,00";1.548;30;126;All Levels;15 hours;2016-08-23;Web Development
650222;The Complete HTML5 and CSS3 Course - with 8 Websites Design;TRUE;"$30,00";1.551;42;78;All Levels;7.5 hours;2015-12-07;Web Development
683394;The complete HTML5 course;TRUE;"$20,00";3.461;11;23;Beginner Level;1.5 hours;2015-12-02;Web Development
722274;The Complete Investing Guide: How to Beat Wall Street;TRUE;"$50,00";13;3;25;All Levels;5.5 hours;2016-06-14;Business Finance
965832;The Complete Investment Banking Course 2017;TRUE;"$195,00";8.575;809;110;All Levels;5.5 hours;2016-10-10;Business Finance
882128;The Complete JavaScript Bootcamp;TRUE;"$195,00";1.839;91;47;All Levels;5 hours;2016-06-20;Web Development
695656;The Complete JavaScript Course For Web Development Beginners;TRUE;"$195,00";31.499;450;46;All Levels;4 hours;2015-12-29;Web Development
851712;The Complete JavaScript Course: Build a Real-World Project;TRUE;"$195,00";27.801;4.340;113;All Levels;17.5 hours;2016-10-14;Web Development
687466;The complete JavaScript developer: MEAN stack zero-to-hero;TRUE;"$75,00";4.820;983;53;All Levels;11.5 hours;2015-12-16;Web Development
1270392;"The Complete JavaScript, HTML and CSS Tutorial For Beginners";TRUE;"$35,00";244;44;21;Beginner Level;3 hours;2017-06-29;Web Development
877124;The Complete jQuery Course - From Beginner to Professional!;TRUE;"$200,00";6.420;134;188;All Levels;22.5 hours;2016-06-20;Web Development
812588;The Complete jQuery Course: From Beginner To Advanced!;TRUE;"$195,00";6.636;302;50;All Levels;6 hours;2016-05-26;Web Development
1257502;The Complete Litecoin Crypto Currency Bootcamp;TRUE;"$20,00";7;3;24;All Levels;1 hour;2017-06-28;Business Finance
1092632;The Complete Motion Graphic Course;TRUE;"$65,00";50;6;115;All Levels;9.5 hours;2017-02-01;Graphic Design
1107524;The Complete NodeJS Course: Build a Full Business Rating App;TRUE;"$195,00";17.784;260;61;All Levels;12.5 hours;2017-02-13;Web Development
1017568;The Complete PHP Bootcamp Course With Video Sharing Project;TRUE;"$195,00";9.831;56;74;Beginner Level;14.5 hours;2017-03-21;Web Development
652438;The Complete PHP CodeIgniter Course: Beginner To Advanced;TRUE;"$195,00";17.895;212;30;All Levels;4 hours;2015-12-29;Web Development
1171966;The Complete PHP MySQL Professional Course with 5 Projects;TRUE;"$200,00";16.158;159;125;All Levels;19.5 hours;2017-06-07;Web Development
953152;The Complete Piano & Music Theory Beginners Course;TRUE;"$50,00";10.435;665;23;All Levels;1.5 hours;2016-09-15;Musical Instruments
574974;The Complete Piano Course - Master The Piano;TRUE;"$95,00";4.982;276;240;All Levels;23 hours;2015-08-20;Musical Instruments
723510;The Complete Position Trading Course: Position Trading Stock;TRUE;"$45,00";1.311;36;5;All Levels;1 hour;2016-01-15;Business Finance
519442;The Complete Ruby on Rails Developer Course;TRUE;"$195,00";33.677;3.809;283;All Levels;31.5 hours;2015-10-23;Web Development
746014;The Complete Sass & SCSS Course: From Beginner to Advanced;TRUE;"$195,00";12.021;660;41;All Levels;4 hours;2016-02-24;Web Development
1246208;The Complete Short Course on Ethereum;TRUE;"$200,00";1.041;12;28;All Levels;1.5 hours;2017-06-11;Business Finance
980114;The Complete TypeScript Programming Guide for Web Developers;TRUE;"$40,00";236;31;35;Intermediate Level;4 hours;2016-10-12;Web Development
502772;The Complete Value Investing Course: A Proven Approach;TRUE;"$200,00";2.146;212;49;All Levels;4.5 hours;2015-06-16;Business Finance
489114;The Complete Video Production Guide - Learn Top Video Tools;TRUE;"$195,00";121;9;77;All Levels;7.5 hours;2015-05-25;Graphic Design
390866;The Complete Web Developer Bootcamp - Beginner to Expert;TRUE;"$190,00";14.103;1.548;197;All Levels;21.5 hours;2015-01-19;Web Development
459922;The Complete Web Developer Course - Build 20 Websites;TRUE;"$20,00";2.650;61;304;All Levels;15.5 hours;2015-03-26;Web Development
764164;The Complete Web Developer Course 2.0;TRUE;"$200,00";114.512;22.412;304;All Levels;30.5 hours;2016-03-08;Web Development
674608;The Complete Web Developer Masterclass: Beginner To Advanced;TRUE;"$195,00";37.141;1.813;316;All Levels;51 hours;2016-05-18;Web Development
1112844;The Complete Web Developer Masterclass: Beginner To Advanced;TRUE;"$20,00";1.030;11;30;All Levels;2.5 hours;2017-05-12;Web Development
548278;The Complete Web Development Course -  Build 15 Projects;TRUE;"$200,00";7.501;1.213;384;All Levels;76.5 hours;2015-11-09;Web Development
910838;The Complete Web Development Tutorial Using React and Redux;TRUE;"$40,00";796;43;29;Intermediate Level;4 hours;2016-07-25;Web Development
575880;The Complete Wordpress Course - Build Your Own Website Today;TRUE;"$195,00";9.421;73;36;All Levels;3.5 hours;2015-08-25;Web Development
896858;The Complete WordPress Development & Customization Course;TRUE;"$100,00";1.611;165;157;Expert Level;12.5 hours;2016-11-07;Web Development
50528;The Complete Wordpress Plugin Development Course - 8 Plugins;TRUE;"$200,00";1.215;58;33;All Levels;2.5 hours;2013-05-29;Web Development
1211160;The Complete Wordpress Theme Development Guide;TRUE;"$25,00";1.011;2;19;Beginner Level;2 hours;2017-05-19;Web Development
520116;The Complete WordPress Website Business Course;TRUE;"$150,00";13.439;1.981;89;All Levels;20.5 hours;2016-11-01;Web Development
788796;The Cost of Capital: The Key To Attract Venture Capitalists;TRUE;"$50,00";635;4;6;All Levels;41 mins;2016-03-22;Business Finance
45941;The CSS and CSS3 Crash Course;TRUE;"$150,00";2.051;99;76;All Levels;13 hours;2013-03-15;Web Development
715476;The Cuckoo Strategy to get European Funding;TRUE;"$160,00";0;0;6;All Levels;1 hour;2016-01-06;Business Finance
282050;The Day Trader: Learn to Trade The Stock Market and Forex;TRUE;"$20,00";768;23;54;All Levels;10.5 hours;2014-08-21;Business Finance
1106490;The Design Theory Blitz;TRUE;"$35,00";142;35;9;Beginner Level;42 mins;2017-04-05;Graphic Design
641868;The Docker for DevOps course: From development to production;TRUE;"$25,00";8.234;1.111;110;All Levels;7.5 hours;2015-11-13;Web Development
1146368;The Easy Beginner Drum Course;TRUE;"$25,00";21;4;12;Beginner Level;30 mins;2017-03-21;Musical Instruments
260756;The Essential Web Developer Course - Build 12 Websites;TRUE;"$200,00";9.355;390;177;All Levels;16.5 hours;2015-11-02;Web Development
521440;The Essentials of Acoustic Guitar Strumming Patterns;FALSE;Free;2.995;51;19;Beginner Level;1 hour;2015-07-01;Musical Instruments
850294;The Everyday Investor: Building Wealth with Venture Capital;TRUE;"$20,00";176;2;12;Intermediate Level;2.5 hours;2016-06-07;Business Finance
949134;The Extreme Web Development Course - For Beginners;TRUE;"$200,00";1.420;62;152;All Levels;5.5 hours;2016-09-04;Web Development
1230950;The Fast Route to a Faster Financial Close;TRUE;"$50,00";2;0;8;Intermediate Level;1.5 hours;2017-06-23;Business Finance
523216;The Fastest Way to Create a Website Using Godaddy;TRUE;"$30,00";1.454;14;12;Beginner Level;30 mins;2015-11-09;Web Development
1053272;The Financial Analyst Skills Training (FAST) course 2017;TRUE;"$100,00";589;31;138;All Levels;10 hours;2017-01-02;Business Finance
1149564;The Forex Pivot Points Trading Strategy;TRUE;"$20,00";21;2;12;All Levels;2 hours;2017-03-22;Business Finance
948974;THE Forex Robot: Incredible ROI (Robot Included);TRUE;"$200,00";1.843;171;35;All Levels;1.5 hours;2016-10-04;Business Finance
1002676;The Full Stack Web Development;TRUE;"$60,00";3.119;453;207;Beginner Level;33 hours;2016-11-24;Web Development
1141614;The Fun and Effective Piano Course;TRUE;"$30,00";24;2;38;All Levels;3.5 hours;2017-04-24;Musical Instruments
835212;The Fundamentals Of Finance For Non-Finance Professionals;TRUE;"$40,00";206;3;7;All Levels;1.5 hours;2016-05-18;Business Finance
836926;The Holy Grail of Auto Trading Forex Futures Stocks Revealed;TRUE;"$50,00";3.917;45;7;All Levels;1 hour;2016-05-03;Business Finance
578534;The Intelligent Investor;TRUE;"$30,00";384;40;44;All Levels;10.5 hours;2015-08-27;Business Finance
736836;The Investment Banking Recruitment Series;TRUE;"$40,00";17;6;26;All Levels;3.5 hours;2016-02-06;Business Finance
1233894;The Latest Updates 2016 Financial Accounting Standards Board;TRUE;"$50,00";1;0;9;Intermediate Level;2 hours;2017-06-29;Business Finance
52457;The Logo Design Process From Start To Finish;TRUE;"$95,00";2.361;74;40;All Levels;5.5 hours;2013-09-24;Graphic Design
1093608;The Most Comprehensive Web Development Course;TRUE;"$200,00";333;22;353;All Levels;42 hours;2017-05-01;Web Development
1076222;The most popular techniques in Photoshop;TRUE;"$20,00";1.753;18;15;Intermediate Level;1 hour;2017-02-21;Graphic Design
1135126;The Most Powerful Options Spread Trading Front Ratio Spread;TRUE;"$200,00";1.487;16;18;All Levels;2 hours;2017-03-08;Business Finance
1195742;The Music Coach Online Spirit Drum Course;TRUE;"$95,00";2;0;86;Beginner Level;5.5 hours;2017-05-04;Musical Instruments
1167710;The Only Investment Strategy You Need For Your Retirement;TRUE;"$200,00";827;14;15;All Levels;1 hour;2017-04-18;Business Finance
19332;The Original Complete Web Developer Course.;TRUE;"$20,00";31.070;742;195;Beginner Level;18 hours;2012-10-28;Web Development
1110470;The Passive Investing Blueprint - Build Wealth Passively;TRUE;"$200,00";338;32;66;All Levels;3.5 hours;2017-03-08;Business Finance
1236562;The Piano Chord Ladder | Learn to Play Thousands of Songs;TRUE;"$100,00";103;2;11;All Levels;1 hour;2017-05-31;Musical Instruments
951304;The Play-Doh Technique: Fun Hand-made Vectors In Illustrator;TRUE;"$20,00";1.145;42;20;All Levels;38 mins;2016-09-06;Graphic Design
994754;The Power Modeling Bootcamp: Advanced Excel in 10 Days;TRUE;"$150,00";1.680;158;76;All Levels;5.5 hours;2016-11-26;Business Finance
436210;The Pro Ruby on Rails Starter;TRUE;"$45,00";2.409;90;19;Beginner Level;2.5 hours;2015-03-04;Web Development
917432;The Professional Bass Masterclass;TRUE;"$200,00";1.449;136;88;All Levels;7 hours;2016-10-24;Musical Instruments
456284;The Professional Guitar Masterclass;TRUE;"$200,00";21.701;1.340;136;All Levels;9.5 hours;2015-04-28;Musical Instruments
383204;The Professional Ruby on Rails Developer;TRUE;"$100,00";17.334;676;96;All Levels;17 hours;2015-02-23;Web Development
1088102;The Psychology of Trading;TRUE;"$20,00";95;3;20;All Levels;1 hour;2017-02-02;Business Finance
975906;The Sass Course! Learn Sass for Real-World Websites;TRUE;"$95,00";975;141;18;All Levels;3.5 hours;2016-12-08;Web Development
180362;The Securities Trade Lifecycle;TRUE;"$50,00";1.182;110;22;All Levels;4 hours;2014-03-12;Business Finance
101234;The Smart Option Trader;TRUE;"$45,00";412;19;74;All Levels;13 hours;2013-10-10;Business Finance
662996;The Tax Advantaged Investor: A Guide to Legal Tax Reduction!;FALSE;Free;1.888;42;25;All Levels;2 hours;2015-12-17;Business Finance
190906;The Theory & Practice of Modes on the Guitar;TRUE;"$35,00";17;0;7;Intermediate Level;1.5 hours;2014-04-04;Musical Instruments
645202;The Total Beginner's Guitar Course;FALSE;Free;9.193;357;17;Beginner Level;1.5 hours;2016-03-24;Musical Instruments
1220862;The True ' Secret Sauce  For Stock Market Success";TRUE;"$200,00";23;2;30;All Levels;3 hours;2017-06-11;Business Finance
971110;The Truths about (in)secure Retirement;TRUE;"$200,00";86;6;32;Intermediate Level;4.5 hours;2016-10-03;Business Finance
1019276;The Ultimate Beginner's Guide to Django;TRUE;"$200,00";2.390;497;82;Beginner Level;9 hours;2016-12-11;Web Development
874012;The Ultimate Drawing Course - Beginner to Advanced;TRUE;"$150,00";26.742;2.379;62;Beginner Level;11 hours;2017-01-23;Graphic Design
932274;The Ultimate Fibonacci Trading Plan for Forex and Stocks;TRUE;"$200,00";399;15;15;All Levels;1 hour;2016-08-19;Business Finance
584410;The Ultimate Guide to Dividend & Dividend Growth Investing;TRUE;"$200,00";2.115;59;88;All Levels;5.5 hours;2015-11-13;Business Finance
1076424;The Ultimate Guide to the Best WordPress Plugins Part 1;TRUE;"$50,00";122;10;116;All Levels;10.5 hours;2017-02-16;Web Development
633606;The Ultimate jQuery Course;TRUE;"$20,00";1.098;15;54;All Levels;2.5 hours;2015-11-13;Web Development
333046;The Ultimate Method for Learning Modern Piano & Keyboards;TRUE;"$25,00";512;3;151;All Levels;2.5 hours;2014-11-03;Musical Instruments
1022582;The Ultimate Vue JS 2 Developers Course;TRUE;"$195,00";1.703;292;178;All Levels;13 hours;2016-12-16;Web Development
629142;The Ultimate Web Developer How To Guide;TRUE;"$200,00";24.861;423;281;All Levels;22.5 hours;2015-11-26;Web Development
30240;The Ultimate Web Development Course;TRUE;"$50,00";9.881;329;136;All Levels;12 hours;2013-08-25;Web Development
683606;The Ultimate WordPress Boot Camp: Build 7 Websites;TRUE;"$125,00";1.000;74;140;Intermediate Level;11 hours;2016-02-26;Web Development
811534;The Visual Learning Basic Accounting Course;TRUE;"$20,00";9;0;6;Beginner Level;1 hour;2016-05-03;Business Finance
625204;The Web Developer Bootcamp;TRUE;"$200,00";121.584;27.445;342;All Levels;43 hours;2015-11-02;Web Development
834600;The Web Developers Guide: Learn HTML & CSS Fundamentals;TRUE;"$20,00";2.243;27;97;All Levels;7 hours;2016-05-01;Web Development
443746;The WpFASTER WordPress Speed Optimization Master Course;TRUE;"$175,00";2.134;215;55;All Levels;7 hours;2015-04-13;Web Development
978728;"Thoughtful Web Development Course: HTML, Vue.js, PHP, MySQL";TRUE;"$200,00";842;144;536;All Levels;25 hours;2016-10-11;Web Development
1214702;Three Steps Trading - Live Trading - Real Account;TRUE;"$190,00";1.197;11;46;All Levels;5 hours;2017-05-24;Business Finance
1143414;Tin Whistle Básico;TRUE;"$20,00";11;2;53;Beginner Level;1.5 hours;2017-05-17;Musical Instruments
58791;Toon Boom Studio Tutorial - Cartoon Animation Made Simple;TRUE;"$50,00";342;20;81;All Levels;5 hours;2013-06-07;Graphic Design
1198166;Top 10 Trading Ideas in the Equities Market;TRUE;"$20,00";661;4;12;All Levels;1 hour;2017-05-02;Business Finance
953490;TopTrader Academy - Complete Options Course;TRUE;"$150,00";42;1;11;All Levels;3 hours;2016-09-13;Business Finance
625974;Total beginner to intermediate guitar - Learn to play by ear;TRUE;"$45,00";80;4;112;Beginner Level;3 hours;2015-10-16;Musical Instruments
176136;Trade for a Living;TRUE;"$20,00";293;14;59;All Levels;8 hours;2014-03-22;Business Finance
596026;Trade for Profit: Find-Trade Stocks Successfully Arabic ????;TRUE;"$95,00";299;5;65;All Levels;2.5 hours;2015-11-12;Business Finance
355622;Trade Forex 13 Patterns - Golden Ratios Secret Revealed;TRUE;"$200,00";554;63;44;All Levels;4 hours;2015-01-10;Business Finance
597716;Trade Pullback Candlestick Strategy - Make Consistent Pips;TRUE;"$200,00";521;67;24;All Levels;3 hours;2016-02-24;Business Finance
165122;Trade Recap I - A Real Look at Futures Options Markets;TRUE;"$20,00";3.339;4;11;Beginner Level;1.5 hours;2014-02-17;Business Finance
1046940;Trade RSI Breakout Strategy: Great Risk/Reward Ratio (Forex);TRUE;"$200,00";66;12;19;All Levels;2 hours;2017-05-01;Business Finance
75182;Trade Show Samurai;TRUE;"$95,00";32;7;7;All Levels;31 mins;2013-08-29;Business Finance
288256;"Trade Stocks, Forex & Financial Markets like a Professional";TRUE;"$20,00";116;6;12;All Levels;3 hours;2014-08-28;Business Finance
936298;Trade the News in Forex: EA Robot Included;TRUE;"$200,00";276;11;11;All Levels;34 mins;2016-08-30;Business Finance
642060;Tradeonomics - Four Steps to Mastering Economic Indicators;TRUE;"$20,00";1.189;13;41;All Levels;4 hours;2016-04-01;Business Finance
167316;TRADER BOT: Introdução à Linguagem MQL5;TRUE;"$20,00";209;33;33;All Levels;70 hours;2014-03-07;Business Finance
1193056;Trader sur le Forex avec Ichimoku;TRUE;"$90,00";48;12;18;Beginner Level;2.5 hours;2017-05-05;Business Finance
765238;Trading Algorítmico en Forex: Crea tu primer Robot de Forex!;TRUE;"$170,00";206;39;39;All Levels;6.5 hours;2016-03-12;Business Finance
1082352;Trading Basics in 30 minutes;TRUE;"$50,00";1;0;6;Beginner Level;32 mins;2017-02-26;Business Finance
218416;Trading Binary Options for Fun and Profit;TRUE;"$20,00";1.574;24;46;All Levels;2 hours;2015-02-21;Business Finance
469526;Trading Biotech Stocks - Understanding the Healthcare Sector;TRUE;"$55,00";166;17;16;All Levels;1.5 hours;2015-04-24;Business Finance
1103590;Trading con retrocesos de Fibonacci;TRUE;"$25,00";14;4;15;All Levels;2.5 hours;2017-02-07;Business Finance
546924;Trading Economic Indicators - Complete Trading System;TRUE;"$50,00";2.692;25;25;Beginner Level;1.5 hours;2015-09-17;Business Finance
624016;TRADING FOR A LIVING: Trading Full-Time Transition Guide;TRUE;"$195,00";483;10;40;Intermediate Level;3.5 hours;2015-11-06;Business Finance
955748;Trading for Beginners - Entry Level;FALSE;Free;5.077;256;16;Beginner Level;1.5 hours;2016-10-03;Business Finance
1005658;Trading for Beginners - Intermediate Level;TRUE;"$150,00";3.979;40;39;Beginner Level;5 hours;2016-11-09;Business Finance
498360;Trading For Busy People;TRUE;"$50,00";99;12;26;All Levels;3 hours;2015-07-06;Business Finance
598266;Trading for everyone - The Independent Investor Course I;TRUE;"$120,00";4.133;15;36;Beginner Level;4 hours;2015-10-08;Business Finance
1022796;Trading for winning;TRUE;"$200,00";168;7;27;All Levels;2 hours;2017-01-23;Business Finance
1264512;Trading Forex  - L'analyse des volumes;TRUE;"$70,00";4;3;13;All Levels;2 hours;2017-06-29;Business Finance
1151398;Trading Forex - Trader avec les figures harmoniques;TRUE;"$90,00";57;11;23;Beginner Level;2 hours;2017-03-31;Business Finance
411168;Trading Inside Bars - Master 1 Easy Pattern To Be Successful;TRUE;"$125,00";2.996;200;23;Intermediate Level;2 hours;2015-03-09;Business Finance
412108;Trading Intradiario basado en Precio y Volumen;TRUE;"$40,00";92;15;19;Intermediate Level;1.5 hours;2015-02-18;Business Finance
536166;TRADING MARKET MAP;TRUE;"$45,00";1.489;32;27;All Levels;3.5 hours;2015-07-01;Business Finance
657130;"Trading Mindset, and Three Steps To Profitable Trading";TRUE;"$20,00";246;8;24;Beginner Level;1.5 hours;2015-11-02;Business Finance
753610;Trading mit kleinen Konten - Grundlagen die du kennen musst;TRUE;"$80,00";74;4;20;Beginner Level;3.5 hours;2017-03-29;Business Finance
834606;Trading News Using Binary Options;TRUE;"$145,00";1.186;16;22;All Levels;1.5 hours;2016-05-11;Business Finance
889066;Trading Options Basics;TRUE;"$200,00";8;0;8;Beginner Level;1.5 hours;2016-07-01;Business Finance
951050;Trading Options For Consistent Returns: Calendar Spreads;TRUE;"$200,00";1.214;69;20;All Levels;1.5 hours;2016-10-07;Business Finance
919906;Trading Options For Consistent Returns: Options Basics;FALSE;Free;4.077;281;20;Beginner Level;1.5 hours;2016-08-18;Business Finance
975046;Trading Options With Money Flow;TRUE;"$200,00";1.380;42;17;All Levels;1 hour;2016-10-18;Business Finance
192870;Trading Penny Stocks: A Guide for All Levels In 2017;TRUE;"$150,00";9.221;138;25;All Levels;3 hours;2014-05-02;Business Finance
610890;TRADING PSYCHOLOGY: Trading Mindset Mastery;TRUE;"$120,00";975;23;23;Intermediate Level;1 hour;2015-09-30;Business Finance
674352;Trading Robot Forex Programs in Your Sleep in Live Examples!;TRUE;"$200,00";1.125;11;18;Expert Level;1.5 hours;2016-01-28;Business Finance
738900;"Trading Seasonal Price Patterns in Stocks, Futures, & Forex!";TRUE;"$200,00";1.094;8;13;Beginner Level;2 hours;2016-03-30;Business Finance
403100;"Trading Stock Chart Patterns For Immediate, Explosive Gains";TRUE;"$95,00";2.917;148;23;All Levels;2.5 hours;2015-01-30;Business Finance
544176;Trading strategies with common sense technical analysis;TRUE;"$75,00";1.750;71;29;All Levels;3 hours;2015-07-19;Business Finance
707054;Trading Strategies: Find The Trading Strategy That Fits You;TRUE;"$20,00";1.037;3;12;All Levels;2 hours;2015-12-29;Business Finance
419308;TRADING TACTICS;TRUE;"$145,00";951;25;62;All Levels;6 hours;2015-02-13;Business Finance
560472;Trading Tips from Hedge Fund Manager;TRUE;"$50,00";6;2;32;All Levels;1 hour;2015-07-22;Business Finance
629060;Trading Trends in ANY Market;TRUE;"$30,00";632;49;22;All Levels;2 hours;2015-10-04;Business Finance
512004;TRADING TRUTHS;TRUE;"$50,00";1.405;14;27;All Levels;2 hours;2015-06-12;Business Finance
601912;TRADING: 5K CHALLENGE;TRUE;"$55,00";375;10;19;Intermediate Level;1 hour;2015-09-12;Business Finance
652768;Trading: Basics of Trading for Beginners;TRUE;"$140,00";1.309;4;20;Beginner Level;1.5 hours;2015-11-11;Business Finance
331968;Trading: From Wall Street to Your Street;TRUE;"$50,00";312;24;37;Intermediate Level;5.5 hours;2014-12-18;Business Finance
130366;Trading: High-ROI Trading;TRUE;"$190,00";126;20;47;Intermediate Level;12.5 hours;2014-02-05;Business Finance
64173;Trading: How Transformative Learning Drives Expertise;TRUE;"$30,00";69;2;16;All Levels;1 hour;2013-07-15;Business Finance
1198302;Traditional-Style Electric Blues Guitar For Beginners;TRUE;"$25,00";9;2;36;Beginner Level;3 hours;2017-06-22;Musical Instruments
1051570;Transfer Pricing A Complete Analysis;TRUE;"$50,00";1.852;3;14;All Levels;2.5 hours;2016-12-28;Business Finance
429662;Trend Following Stocks: A Complete Trading System;TRUE;"$95,00";1.202;76;64;Expert Level;3.5 hours;2015-03-23;Business Finance
572744;Trend Traders Club: How To Find And Trade Fast Moving Trends;TRUE;"$75,00";1.513;31;60;All Levels;5.5 hours;2015-08-04;Business Finance
1151326;Triangulated Bird: Origami Styled Bird in Adobe Illustrator;TRUE;"$195,00";2.027;11;9;Intermediate Level;30 mins;2017-04-18;Graphic Design
136244;Triple P Trading Course;TRUE;"$20,00";797;15;16;All Levels;3 hours;2013-12-24;Business Finance
818838;Trombone Lessons For Beginners;TRUE;"$95,00";11;2;34;Beginner Level;3 hours;2016-04-14;Musical Instruments
824020;Trombone Pro Series - Fall in love with the Trombone;TRUE;"$50,00";57;6;57;All Levels;7 hours;2016-04-22;Musical Instruments
812610;Trumpet Lessons For Beginners;TRUE;"$95,00";17;3;35;Beginner Level;2.5 hours;2016-04-06;Musical Instruments
823860;Trumpet Pro Series - You're going to love practicing Trumpet;TRUE;"$50,00";92;1;25;All Levels;6 hours;2016-04-22;Musical Instruments
188064;"Trumpet Solos: Learn how to Perform Three Fun, Unique Pieces";TRUE;"$50,00";115;6;53;Intermediate Level;2.5 hours;2014-03-25;Musical Instruments
983534;Try AngularJS: Beginner's Guide to Front End Web Development;TRUE;"$50,00";16.926;126;33;Beginner Level;4.5 hours;2016-10-13;Web Development
991630;Try Django 1.10 | Create a URL Shortening Service;TRUE;"$50,00";9.607;78;40;All Levels;5.5 hours;2016-10-24;Web Development
76052;Try Django 1.9 | Build a Blog and Learn Python's #1 Library;TRUE;"$50,00";7.407;172;147;All Levels;20 hours;2014-03-04;Web Development
803058;T-Shirt Design Workshop 01: Foundation;TRUE;"$25,00";690;162;19;All Levels;1 hour;2016-03-25;Graphic Design
883828;T-Shirt Design Workshop 02: Mixed Media Design;TRUE;"$25,00";885;176;29;Intermediate Level;2.5 hours;2016-06-27;Graphic Design
709160;T-Shirt Sales - Merch By Amazon Profit Formula With Canva;TRUE;"$20,00";380;1;26;All Levels;1 hour;2017-06-26;Graphic Design
459946;Tuba Solos: Learn how to Perform Three Fun and Unique Pieces;TRUE;"$50,00";164;0;20;Intermediate Level;2 hours;2015-04-15;Musical Instruments
907416;Tudo sobre Investimentos em Renda Fixa;TRUE;"$45,00";689;145;16;All Levels;2 hours;2016-08-22;Business Finance
956888;Tumult Hype Pro Basics: HTML5 Animations Made Easier;TRUE;"$50,00";716;32;57;Beginner Level;4 hours;2016-09-14;Web Development
1214670;Tune that Sour Note on Your Piano;TRUE;"$20,00";0;0;6;All Levels;33 mins;2017-06-20;Musical Instruments
600366;Turn your animated greeting card carousel into a music video;TRUE;"$20,00";311;0;9;Intermediate Level;1 hour;2016-07-01;Graphic Design
300466;Turn Your Photos Into Professional And Modern Artworks;TRUE;"$20,00";1.557;11;12;All Levels;1.5 hours;2014-09-16;Graphic Design
56585;Twitter Bootstrap 2 for Beginners;TRUE;"$20,00";2.388;139;12;Beginner Level;1 hour;2013-05-29;Web Development
709180;Twitter Integration customize Tweets with developer API;TRUE;"$115,00";2.039;7;19;All Levels;1 hour;2015-12-29;Web Development
986406;Typescript Masterclass & FREE E-Book;TRUE;"$150,00";1.229;139;108;All Levels;7.5 hours;2016-11-08;Web Development
691641;Typografie - Die besten Schriftarten im Geschäftsalltag;TRUE;"$75,00";213;10;16;Beginner Level;1.5 hours;2016-01-18;Graphic Design
1117796;Typographic Logo Design in Illustrator - Beginners & Beyond;TRUE;"$150,00";1.720;40;27;All Levels;1.5 hours;2017-02-23;Graphic Design
317278;Typographic Logos: Typography and Lettering for Logo Design;TRUE;"$25,00";4.235;427;20;Intermediate Level;1.5 hours;2014-10-16;Graphic Design
634480;Typographic Poster Design - From Sketch to Vector;TRUE;"$45,00";36;5;20;Intermediate Level;1.5 hours;2015-10-08;Graphic Design
412864;Typography 101: Picking the Right Fonts for Business Success;TRUE;"$75,00";1.224;10;15;Beginner Level;1.5 hours;2015-04-20;Graphic Design
397204;Typography Design: Learn Web Typography The Practical Way;TRUE;"$20,00";970;9;34;Beginner Level;2 hours;2015-01-20;Graphic Design
575040;Typography From A to Z;TRUE;"$100,00";317;15;76;All Levels;6 hours;2015-08-07;Graphic Design
77896;Typography Fundamentals - Feel confident with type!;TRUE;"$20,00";1.873;121;14;Beginner Level;1 hour;2013-10-20;Graphic Design
507726;Typography: Learn the Basics to Build a Solid Foundation;TRUE;"$35,00";5.850;19;34;Beginner Level;1 hour;2015-05-26;Graphic Design
635716;Typography: Learn the Foundation and Designs;TRUE;"$135,00";220;13;33;All Levels;2.5 hours;2015-11-11;Graphic Design
948294;???? ?? ??????? ????????? ????????? ???;TRUE;"$120,00";13;9;7;Beginner Level;1 hour;2016-09-06;Graphic Design
690546;UK Self Assessment Tax Return Filing Online;TRUE;"$20,00";23;7;6;All Levels;28 mins;2015-12-07;Business Finance
359926;UK Tax Returns with HMRC;TRUE;"$40,00";2;0;11;Beginner Level;1 hour;2016-04-05;Business Finance
970462;Ukelele exprés: aprende a tocar en menos de un mes;FALSE;Free;888;64;25;Beginner Level;1.5 hours;2016-10-17;Musical Instruments
532572;Ukulele 2 : Level 1 KEY OF C AND STRUMS;TRUE;"$20,00";26;2;26;Beginner Level;1 hour;2016-02-01;Musical Instruments
730702;Ukulele 3:  Intermediate;TRUE;"$25,00";1;0;11;Intermediate Level;39 mins;2017-05-24;Musical Instruments
1150468;Ukulele lernen für Papas mit Aram sam sam;TRUE;"$55,00";1;0;37;Beginner Level;42 mins;2017-05-17;Musical Instruments
1189926;Ukulele lernen für Papas mit Bruder Jakob;TRUE;"$55,00";12;1;38;Beginner Level;1 hour;2017-05-04;Musical Instruments
835616;Ukulele Lessons For Beginners - Fast Track Your Learning;TRUE;"$20,00";57;8;28;Beginner Level;1 hour;2016-06-09;Musical Instruments
945978;Ultimate Angular 4 (previously Angular 2) with Bootstrap 4;TRUE;"$50,00";11.384;1.846;80;All Levels;5.5 hours;2016-09-19;Web Development
585496;Ultimate AngularJS: Build a Real-World App from Scratch;TRUE;"$100,00";1.712;438;49;All Levels;5.5 hours;2016-02-08;Web Development
742096;Ultimate Beginner Guitar Guide - Both Acoustic & Electric ;TRUE;"$45,00";57;9;15;Beginner Level;2 hours;2016-02-16;Musical Instruments
1132342;Ultimate Beginner Guitar Masterclass;TRUE;"$200,00";8.113;79;124;Beginner Level;11.5 hours;2017-05-15;Musical Instruments
173776;Ultimate Blues Guitar Beginner Lessons;TRUE;"$20,00";922;57;90;Beginner Level;10.5 hours;2014-03-08;Musical Instruments
1243474;Ultimate Css & JQuery Form Designing From Beginner to Expert;TRUE;"$115,00";783;5;13;All Levels;1 hour;2017-06-09;Web Development
977474;Ultimate CSS3 Course - From Beginners To Professional;TRUE;"$95,00";2.635;25;30;All Levels;2 hours;2016-10-13;Web Development
438420;Ultimate Guide on Freelancing Career in Photoshop Design;TRUE;"$165,00";1.479;49;82;All Levels;6.5 hours;2015-04-30;Graphic Design
615106;Ultimate guide to Social Media Web development integration ;TRUE;"$200,00";11.011;13;36;All Levels;2.5 hours;2015-09-20;Web Development
521952;Ultimate Guide To Trading Engulfing Candlestick Strategy;TRUE;"$200,00";185;36;25;All Levels;2.5 hours;2016-10-25;Business Finance
1070968;Ultimate Investment Banking Course;TRUE;"$200,00";2.147;23;51;All Levels;1.5 hours;2017-01-18;Business Finance
895096;Ultimate JavaScript Objects;TRUE;"$20,00";1.525;43;65;All Levels;2.5 hours;2016-07-07;Web Development
909836;Ultimate JavaScript Strings;FALSE;Free;3.142;117;20;Beginner Level;37 mins;2016-07-29;Web Development
1046722;Ultimate Photoshop Training: From Beginner to Pro;TRUE;"$200,00";5.326;447;150;Beginner Level;11.5 hours;2017-01-12;Graphic Design
482534;Ultimate Retirement: Build Your Own Dynamic Retirement Plan;TRUE;"$50,00";1.184;15;37;All Levels;6 hours;2015-07-28;Business Finance
602032;Ultimate Stock Market Investing: Learn How to Value Stocks;TRUE;"$50,00";1.519;40;46;All Levels;3.5 hours;2015-11-03;Business Finance
446134;Ultimate Web Designer & Developer Course: Build 23 Projects!;TRUE;"$200,00";33.788;4.434;246;All Levels;32.5 hours;2015-08-20;Web Development
924704;Ultimate Web Developer Course Build 10 Websites from Scratch;TRUE;"$200,00";9.359;110;402;Beginner Level;32.5 hours;2016-10-10;Web Development
576694;Ultimate WordPress Plugin Course;TRUE;"$100,00";4.537;415;49;All Levels;9 hours;2015-08-20;Web Development
109988;Understand Banks & Financial Markets ;TRUE;"$30,00";1.548;24;34;All Levels;3 hours;2013-12-19;Business Finance
1251654;Understand Core Finance Principles in 60 Minutes;TRUE;"$75,00";0;0;13;Beginner Level;2.5 hours;2017-06-29;Business Finance
856530;Understand PHP Arrays and HTTP Request in a Better Way;TRUE;"$35,00";1.627;38;7;All Levels;35 mins;2016-05-23;Web Development
429080;Understanding Financial Derivatives;TRUE;"$20,00";16;1;11;Intermediate Level;2 hours;2017-03-24;Business Finance
1035638;Understanding Financial Statements;TRUE;"$25,00";0;0;10;All Levels;1 hour;2016-12-15;Business Finance
1035638;Understanding Financial Statements;TRUE;"$25,00";0;0;10;All Levels;1 hour;2016-12-15;Business Finance
343818;Understanding The Stock Market: For Beginners;TRUE;"$25,00";122;2;36;Beginner Level;7.5 hours;2014-11-18;Business Finance
947098;Understanding TypeScript;TRUE;"$110,00";9.132;1.560;137;All Levels;7 hours;2016-09-12;Web Development
617158;Unit Testing AngularJS: Build Bugfree Apps That Always Work!;TRUE;"$25,00";2.083;213;23;All Levels;2.5 hours;2016-01-24;Web Development
1065250;Up and Running with jQuery;FALSE;Free;3.324;138;19;All Levels;5 hours;2017-02-03;Web Development
1005610;Up and Running with Phalcon;TRUE;"$20,00";715;12;12;All Levels;1.5 hours;2016-11-10;Web Development
47504;Use Crowdfunding Effectively With Indiegogo and Kickstarter;FALSE;Free;6.533;32;9;All Levels;2 hours;2013-06-25;Business Finance
323950;Use the Magic Multiple Moving Average Forex Trading system;TRUE;"$50,00";1.097;252;10;Intermediate Level;1 hour;2014-11-08;Business Finance
711592;Using Modern JavaScript Today;TRUE;"$50,00";1.658;185;68;Intermediate Level;16.5 hours;2016-01-01;Web Development
297602;Using MODX CMS to Build Websites: A Beginner's Guide;TRUE;"$45,00";901;36;20;Beginner Level;2 hours;2014-09-28;Web Development
860890;Using 'The Greeks To Understand Options";TRUE;"$50,00";2.134;55;5;All Levels;1 hour;2016-07-13;Business Finance
1095700;Using Xero for your bookkeeping needs  do beautiful business;TRUE;"$95,00";39;6;28;Beginner Level;1 hour;2017-02-27;Business Finance
722176;Uso Básico de Adobe Photoshop;TRUE;"$20,00";1;0;27;Beginner Level;1 hour;2016-02-08;Graphic Design
615602;Valuation of Goodwill for CA / CFA / CMA Exams;TRUE;"$20,00";1.509;0;9;All Levels;43 mins;2015-09-23;Business Finance
812798;Value Investing and Stock Market Fundamentals;TRUE;"$195,00";74;8;17;Beginner Level;3 hours;2016-04-07;Business Finance
743914;Value Investing For Beginners;TRUE;"$100,00";801;48;25;Beginner Level;2.5 hours;2016-05-11;Business Finance
502240;"Value Investing, Taught by Six Superinvestors";TRUE;"$200,00";3.804;267;66;All Levels;5 hours;2015-06-19;Business Finance
1067516;Vector Logo Design in Affinity Designer;TRUE;"$150,00";1.789;102;57;All Levels;3 hours;2017-02-07;Graphic Design
637922;Venture Capital. What is it and Why it Matters to You!;TRUE;"$50,00";1.566;48;25;All Levels;2.5 hours;2015-10-14;Business Finance
917176;Violin for Beginners;TRUE;"$50,00";4;0;18;Beginner Level;44 mins;2017-03-07;Musical Instruments
676432;Violin lessons for beginners;TRUE;"$20,00";59;6;15;Beginner Level;1 hour;2015-11-25;Musical Instruments
65033;Virtual Piano Lessons - A New Way To Learn Piano;TRUE;"$50,00";5.830;29;12;All Levels;1 hour;2013-07-21;Musical Instruments
892446;Visualizing Data;TRUE;"$40,00";149;2;63;Intermediate Level;6.5 hours;2016-07-22;Business Finance
584522;Voiceover Audio Secrets - Your Way to Top Audio Quality;TRUE;"$195,00";918;8;39;Beginner Level;2.5 hours;2015-11-11;Web Development
1128662;Volatility Trading Analysis with R;TRUE;"$50,00";190;13;45;Expert Level;6 hours;2017-03-06;Business Finance
1245392;Voxel 3D Model Creation Course;FALSE;Free;1.031;9;8;All Levels;39 mins;2017-06-08;Graphic Design
284118;VPS for Forex Trading - Protect Your Forex Robots;TRUE;"$160,00";4.252;225;24;All Levels;2 hours;2014-09-19;Business Finance
1165096;Vue JS - Mastering Web Apps;TRUE;"$80,00";13.457;215;69;All Levels;4.5 hours;2017-04-06;Web Development
995016;Vue JS 2 - The Complete Guide (incl. Vue Router & Vuex);TRUE;"$190,00";17.671;4.675;329;All Levels;18 hours;2016-11-08;Web Development
1047968;Vue JS 2: From Beginner to Professional;TRUE;"$145,00";602;93;214;All Levels;15.5 hours;2016-12-28;Web Development
900434;VueJS V1 Introduction to VueJS JavaScript Framework;TRUE;"$200,00";3.632;28;31;Beginner Level;2 hours;2016-07-26;Web Development
665278;Walking Bass - Quick Start Guide;TRUE;"$50,00";193;20;31;All Levels;1 hour;2015-12-10;Musical Instruments
1113170;Walking Bass Fundamentals;TRUE;"$50,00";44;3;34;All Levels;2 hours;2017-03-13;Musical Instruments
255280;WE WILL PAY YOU TO TRADE WITH US;TRUE;"$20,00";2.101;51;11;All Levels;2 hours;2014-08-18;Business Finance
361286;Wealth Management;TRUE;"$30,00";274;1;21;All Levels;3.5 hours;2014-12-17;Business Finance
137650;Web Application Development - Learn by Building 3 Web Apps;TRUE;"$30,00";1.688;16;29;Beginner Level;1.5 hours;2014-06-23;Web Development
1089652;"Web Application Development using Redis, Express, and Socket";TRUE;"$200,00";300;16;66;Beginner Level;6 hours;2017-02-09;Web Development
948204;Web Building Starter Pack. Html Css and JQuery Animations;TRUE;"$30,00";1.033;16;42;All Levels;7.5 hours;2016-10-07;Web Development
958750;Web Design Creating websites from scratch;TRUE;"$75,00";13.920;64;28;Beginner Level;2 hours;2016-09-19;Web Development
246154;Web Design for Beginners: Real World Coding in HTML & CSS;TRUE;"$100,00";9.103;1.724;58;All Levels;9 hours;2014-09-22;Web Development
473160;Web Design for Web Developers: Build Beautiful Websites!;FALSE;Free;98.867;6.512;20;All Levels;3 hours;2015-04-13;Web Development
951060;Web Design How to Create a Website HTML CSS Bootstrap;TRUE;"$75,00";5.263;29;29;Beginner Level;2 hours;2016-09-12;Web Development
947498;Web Design HTML CSS How to Create a Website from Scratch;TRUE;"$50,00";3.601;28;22;Beginner Level;2 hours;2016-09-03;Web Development
65330;Web Development By Doing: HTML / CSS From Scratch;FALSE;Free;72.932;2.575;21;Beginner Level;1 hour;2013-09-25;Web Development
532008;Web Development Essential Skills - Complete HTML and CSS;TRUE;"$95,00";1.388;11;58;All Levels;7 hours;2015-09-29;Web Development
965528;Web Development Masterclass - Complete Certificate Course;TRUE;"$200,00";4.090;178;348;All Levels;19.5 hours;2016-10-12;Web Development
549064;Web Development Tools the Pros Use: Code Productivity Hacks;TRUE;"$30,00";2.596;11;39;Beginner Level;4 hours;2015-10-08;Web Development
1002030;Web Development w/ Google’s Go (golang) Programming Language;TRUE;"$65,00";4.872;662;171;Intermediate Level;19 hours;2017-01-17;Web Development
403604;Web Development with BootStrap - 16 Instant Themes Included!;TRUE;"$40,00";1.355;45;27;All Levels;3.5 hours;2015-07-14;Web Development
1009236;Web Development With Google Maps;TRUE;"$50,00";222;9;60;Beginner Level;8.5 hours;2017-01-03;Web Development
1231872;Web Development With HTML CSS BOOTSTRAP JQUERY for Beginners;TRUE;"$35,00";1.156;4;59;Beginner Level;5 hours;2017-05-30;Web Development
65355;Web Development: Make A Website That Will Sell For Thousands;TRUE;"$50,00";1.116;62;51;All Levels;7.5 hours;2013-09-03;Web Development
133968;Web Elements Design With Photoshop;TRUE;"$45,00";5.072;38;44;All Levels;5 hours;2014-10-21;Graphic Design
130694;Web Hosting Fundamentals;TRUE;"$20,00";1.867;19;8;All Levels;37 mins;2013-12-08;Web Development
380178;Web Hosting Introduction: How to Publish Your Website Online;FALSE;Free;5.533;137;11;Beginner Level;1 hour;2015-02-09;Web Development
188828;Web Hosting Set Up and WordPress Installation For Beginners;FALSE;Free;12.563;239;11;Beginner Level;34 mins;2014-04-09;Web Development
542254;Web Programming Course : Asp.Net MVC;TRUE;"$100,00";2.760;76;26;All Levels;3.5 hours;2015-07-13;Web Development
16646;Web Programming with Python;TRUE;"$50,00";35.267;217;53;All Levels;4 hours;2012-04-25;Web Development
574082;"Web Scraping with Python, Ruby & import. io";TRUE;"$75,00";973;50;46;All Levels;4.5 hours;2015-08-09;Web Development
904818;Web Security: Common Vulnerabilities And Their Mitigation;TRUE;"$50,00";1.547;30;56;All Levels;8 hours;2016-07-14;Web Development
920306;Web Site for Beginners - Learn Web Building like knitting;TRUE;"$20,00";9.425;147;14;Beginner Level;1.5 hours;2016-08-10;Web Development
1037666;Webpack 1 & 2 - The Complete Guide;TRUE;"$40,00";252;46;79;All Levels;6.5 hours;2017-03-10;Web Development
1039062;Webpack 2: The Complete Developer's Guide;TRUE;"$75,00";8.964;1.893;56;All Levels;5.5 hours;2017-01-03;Web Development
1026206;Website Builder Software Previews;TRUE;"$25,00";1.406;12;20;Beginner Level;1 hour;2016-12-15;Web Development
923616;Website Investing 101 - Buying & Selling Online Businesses;FALSE;Free;6.811;151;51;All Levels;2 hours;2016-08-05;Business Finance
217010;Website Secrets: Get a Gorgeous Website on the Cheap;TRUE;"$50,00";12.328;15;32;All Levels;2 hours;2014-07-04;Web Development
45136;Weekly Options and study of Options expiration dynamics;TRUE;"$60,00";779;56;6;Expert Level;1 hour;2013-03-08;Business Finance
834558;What Finance Job is for You? Explanation of 14 Finance Roles;TRUE;"$200,00";2.951;232;60;All Levels;4 hours;2016-05-04;Business Finance
537748;What is Bitcoin;TRUE;"$20,00";61;3;27;All Levels;5 hours;2015-07-09;Business Finance
592122;What you can learn before Piano Lessons;FALSE;Free;61;1;31;Beginner Level;1.5 hours;2015-09-01;Musical Instruments
968056;What You Should Know to Become a Trader;TRUE;"$125,00";17;2;14;All Levels;1.5 hours;2016-09-29;Business Finance
598970;What’s New in Bootstrap 4;TRUE;"$20,00";130;14;20;All Levels;37 mins;2015-09-07;Web Development
1131780;"Whiteboard Animation, Beginner To Expert - In 1 Hour!";TRUE;"$20,00";1.343;25;16;All Levels;1 hour;2017-03-14;Graphic Design
1039930;"Wie Du, Dir auch mit kleinen Beträgen ein Vermögen aufbaust";TRUE;"$70,00";187;3;53;All Levels;7 hours;2016-12-14;Business Finance
1210062;Wie funktionieren Bitcoin? Ein Einführungskurs.;TRUE;"$20,00";14;4;14;Beginner Level;37 mins;2017-05-10;Business Finance
1239206;"Win 90% of Trades; Quantitative Investments Models in Excel";TRUE;"$200,00";4;1;16;Beginner Level;1.5 hours;2017-06-28;Business Finance
1242604;Winning Forex Trading with Live Forex Trading Examples;TRUE;"$200,00";809;3;25;All Levels;2 hours;2017-06-06;Business Finance
100526;Winning Options Trading System;TRUE;"$105,00";367;11;24;All Levels;7.5 hours;2013-10-09;Business Finance
908664;Word Swag : Create Stunning Images with the Word Swag App;TRUE;"$100,00";2.416;19;14;All Levels;1 hour;2016-08-09;Graphic Design
651032;Wordpress - Create an Outstanding Website in 2 hours;TRUE;"$30,00";1.772;13;48;Beginner Level;2.5 hours;2015-10-28;Web Development
400280;WordPress : An Overview;TRUE;"$45,00";1.783;16;15;Beginner Level;36 mins;2015-02-02;Web Development
510784;WordPress 2016 for Beginners : Build awesome websites!;TRUE;"$20,00";2.177;13;43;All Levels;4 hours;2015-07-13;Web Development
859936;WordPress Academy: Learn WordPress step by step;TRUE;"$150,00";1.873;360;79;Beginner Level;7.5 hours;2016-07-12;Web Development
934570;Wordpress Backup & Restore;TRUE;"$95,00";478;37;18;All Levels;1.5 hours;2016-09-15;Web Development
226534;WordPress Backup And Restore Fundamentals;FALSE;Free;13.242;131;24;Intermediate Level;1 hour;2014-06-24;Web Development
814848;WordPress Basics to Business: Share and Sell your Expertise;TRUE;"$50,00";1.125;10;45;Beginner Level;3.5 hours;2016-04-07;Web Development
883706;Wordpress Beginner Tutorial: Build Your First Website;FALSE;Free;6.402;104;23;Beginner Level;1.5 hours;2016-06-21;Web Development
1121580;WordPress Blog : Create a WordPress Website for Beginners;TRUE;"$20,00";2.076;8;20;Beginner Level;2 hours;2017-02-26;Web Development
1178762;WordPress Development - Themes and Plugins Complete Guide;TRUE;"$200,00";103;11;72;All Levels;5.5 hours;2017-06-30;Web Development
576054;"WordPress Development - Themes, Plugins & Single Page Apps";TRUE;"$150,00";817;164;131;Intermediate Level;19.5 hours;2016-03-02;Web Development
610202;Wordpress Development : Create a Custom Wordpress Website;TRUE;"$120,00";885;3;13;All Levels;1.5 hours;2015-09-13;Web Development
722754;WordPress Development Crash Course: From Zero To Hero;TRUE;"$60,00";1.699;8;22;All Levels;2 hours;2016-02-01;Web Development
882488;WordPress Development For Beginners;TRUE;"$95,00";23.572;210;20;All Levels;2 hours;2016-06-20;Web Development
966794;"WordPress Development With NodeJS, Gulp, Composer & More";TRUE;"$25,00";289;30;30;Intermediate Level;4 hours;2016-10-25;Web Development
1034520;WordPress Domination #2: Leads & Scarcity;TRUE;"$95,00";2.362;4;13;Beginner Level;1 hour;2017-01-10;Web Development
579182;Wordpress Essentials: Useful Plugins;TRUE;"$25,00";1.087;7;24;Beginner Level;1 hour;2015-09-15;Web Development
604044;Wordpress for Beginners - Build a Live Website from Scratch;TRUE;"$20,00";3.877;92;15;Beginner Level;1.5 hours;2015-09-09;Web Development
384318;WordPress for Beginners - Build Your First Website in 2017;TRUE;"$100,00";1.701;125;88;Beginner Level;7 hours;2015-06-23;Web Development
566920;WordPress for Beginners - Tutorial - From Novice to Know-How;TRUE;"$20,00";3.694;48;39;Beginner Level;4 hours;2015-08-28;Web Development
602702;Wordpress for beginners :Build Websites Fast without Coding ;TRUE;"$50,00";1.658;72;68;All Levels;5 hours;2015-09-08;Web Development
1147064;WordPress For Beginners | No Coding Required;TRUE;"$20,00";3.106;31;13;All Levels;1 hour;2017-04-15;Web Development
1172166;WordPress for Beginners 2017 + Google AdSense Implementation;TRUE;"$195,00";2.225;14;64;All Levels;6.5 hours;2017-06-05;Web Development
507992;Wordpress For Beginners: Create a Professional Website;TRUE;"$200,00";5.129;183;35;Beginner Level;1.5 hours;2015-06-07;Web Development
977516;Wordpress for Non-Technical People;TRUE;"$150,00";2.346;10;65;Beginner Level;4.5 hours;2016-11-15;Web Development
552598;WordPress in under an hour - Create/manage your own website!;FALSE;Free;6.474;86;15;All Levels;1 hour;2015-07-15;Web Development
547298;WordPress LMS: E-Learning Website Made Easy;TRUE;"$20,00";2.382;22;16;All Levels;1.5 hours;2015-07-08;Web Development
1033686;WordPress local server setup and site migration online;TRUE;"$55,00";3.801;43;12;All Levels;1 hour;2017-01-03;Web Development
944886;WordPress Look and Feel with Themes;TRUE;"$25,00";2.371;10;12;Beginner Level;1 hour;2016-09-04;Web Development
469678;Wordpress on AWS: The Easy way to AWS for Free Fast hosting ;TRUE;"$40,00";245;23;36;All Levels;1 hour;2015-08-11;Web Development
570848;WordPress Plugin Development -> Deep dive discovery!;TRUE;"$40,00";2.650;19;39;All Levels;2 hours;2015-11-05;Web Development
529028;WordPress Plugin Development for 2017 - Build 14 Plugins;TRUE;"$50,00";3.770;108;72;All Levels;7 hours;2015-08-11;Web Development
494510;WordPress Plugin Tutorial;TRUE;"$40,00";1.588;8;15;Beginner Level;34 mins;2015-05-14;Web Development
944906;WordPress Plugins and Widgets;TRUE;"$40,00";8.711;29;12;Beginner Level;1 hour;2016-09-09;Web Development
568524;WordPress Plugins Treasure Chest;TRUE;"$25,00";1.655;10;44;Intermediate Level;3 hours;2015-08-06;Web Development
473338;Wordpress Security;TRUE;"$95,00";2.888;26;24;All Levels;2.5 hours;2015-04-13;Web Development
339086;WordPress Security - The Ultimate Security Guide;TRUE;"$60,00";2.267;17;29;All Levels;1.5 hours;2015-01-04;Web Development
911712;Wordpress Site Migration;TRUE;"$20,00";1.894;40;35;All Levels;1.5 hours;2016-07-28;Web Development
512000;WordPress Theme Academy with Bootstrap;TRUE;"$20,00";1.169;110;64;Intermediate Level;7.5 hours;2015-09-10;Web Development
520870;WordPress Theme Customization 101 (for beginners);TRUE;"$40,00";305;40;9;Beginner Level;2 hours;2015-06-05;Web Development
1211800;Wordpress Theme Development for Beginners;TRUE;"$20,00";1.052;14;47;All Levels;8 hours;2017-05-17;Web Development
1236746;WordPress Tips and Tricks;TRUE;"$200,00";1.117;10;37;Intermediate Level;2.5 hours;2017-06-08;Web Development
361620;Wordpress Tutorial   ;TRUE;"$200,00";2.311;8;44;All Levels;1.5 hours;2014-12-04;Web Development
1068590;Wordpress Website Mastery 2017;FALSE;Free;5.181;64;22;Beginner Level;2.5 hours;2017-01-18;Web Development
1122306;Wordpress: Comment utiliser le thème FABLE;TRUE;"$20,00";1;0;10;Beginner Level;39 mins;2017-03-07;Graphic Design
774910;WordPress: Create an Amazing Website With Ease;TRUE;"$200,00";1.109;13;24;All Levels;2.5 hours;2016-05-03;Web Development
941990;Work From Home Online (Part/Full) : Trade Forex 4 Beginners;TRUE;"$45,00";2.981;23;17;Beginner Level;1 hour;2016-10-09;Business Finance
1153854;"Working Capital assessment for bankers, credit analysts";TRUE;"$20,00";4;0;29;Beginner Level;7 hours;2017-04-06;Business Finance
326948;Working Capital Management for CA / CFA / CPA Exams;TRUE;"$25,00";2.342;9;33;Intermediate Level;3.5 hours;2014-10-25;Business Finance
221872;Working Capital Management for Entrepreneurs;TRUE;"$20,00";507;5;15;Expert Level;1 hour;2014-11-19;Business Finance
1271430;Workshop on Banking Credit Analysis Process;TRUE;"$100,00";0;0;7;All Levels;1.5 hours;2017-06-28;Business Finance
1003250;World Percussion: Complete Lessons for Everyone;TRUE;"$40,00";68;9;56;All Levels;4 hours;2016-11-14;Musical Instruments
40495;World's Fastest Piano Method - The Piano Revolution!;TRUE;"$95,00";1.199;58;31;Beginner Level;2 hours;2013-02-18;Musical Instruments
1108666;Worship Piano: From Beginner to Pro;TRUE;"$80,00";117;11;32;All Levels;3 hours;2017-02-18;Musical Instruments
1229274;WP Plugin Development - Build your own plugin!;TRUE;"$200,00";5.439;22;24;Beginner Level;4 hours;2017-06-13;Web Development
849632;Write a Successful Business Grant Proposal;TRUE;"$20,00";6;0;23;Beginner Level;2.5 hours;2016-07-10;Business Finance
424864;Write PHP Like a Pro: Build a PHP MVC Framework From Scratch;TRUE;"$70,00";1.703;435;65;All Levels;3 hours;2016-02-04;Web Development
752706;"Write quicker HTML5 and CSS 3; productivity hacks with emmet";FALSE;Free;13.016;286;15;All Levels;1.5 hours;2016-03-03;Web Development
113888;Writing CSS with {LESS} - Tutorial From Infinite Skills;TRUE;"$50,00";788;21;25;All Levels;2 hours;2013-11-01;Web Development
440006;X theme for WordPress: Responsive web design without code!;TRUE;"$20,00";1.318;81;55;All Levels;7 hours;2015-03-22;Web Development
1073430;Xero Bookkeeping Course & Certification by Accounting Firm;TRUE;"$20,00";7;3;15;Beginner Level;2 hours;2017-02-13;Business Finance
967410;XML :basics for beginners;TRUE;"$40,00";1.062;12;11;All Levels;39 mins;2016-09-26;Web Development
1115128;XML DOM - Crash Course for Beginners;TRUE;"$45,00";396;6;8;All Levels;34 mins;2017-02-19;Web Development
967422;XML DOM :basics for beginners;TRUE;"$35,00";920;1;7;All Levels;42 mins;2016-09-26;Web Development
1115064;XML DTD - Crash Course for Beginners;TRUE;"$45,00";944;1;10;All Levels;1 hour;2017-02-18;Web Development
967424;XML DTD :basics for beginners;TRUE;"$35,00";903;3;7;All Levels;33 mins;2016-09-26;Web Development
688872;XML For Absolute Beginners: Learn to create your own tags;TRUE;"$75,00";1.945;58;10;Beginner Level;1 hour;2015-12-17;Web Development
1115132;XML XQuery - Crash Course for Beginners;TRUE;"$45,00";426;4;10;All Levels;1 hour;2017-02-19;Web Development
1115126;XML XSLT - Crash Course for Beginners;TRUE;"$45,00";426;4;9;All Levels;1 hour;2017-02-19;Web Development
968292;XPATH :basics for beginners;TRUE;"$40,00";878;6;8;All Levels;37 mins;2016-09-27;Web Development
968304;XQUERY :basics for beginners;TRUE;"$40,00";937;2;6;All Levels;38 mins;2016-09-27;Web Development
969170;XSD :basics for beginners;TRUE;"$35,00";755;0;7;All Levels;42 mins;2016-09-27;Web Development
968278;XSLT :basics for beginners;TRUE;"$35,00";877;6;7;All Levels;32 mins;2016-09-27;Web Development
425126;Year-end QuickBooks Procedures;TRUE;"$20,00";51;2;10;Beginner Level;2 hours;2015-02-19;Business Finance
180384;Yield Curve Dynamics;TRUE;"$50,00";397;24;19;All Levels;3 hours;2014-03-12;Business Finance
560996;You can create Incredible Websites with HTML CSS learn how;TRUE;"$100,00";11.892;50;28;All Levels;2.5 hours;2015-09-12;Web Development
144222;"YOU can Draw, Shade and Paint a Mixed Media Girl...today!";TRUE;"$30,00";1.249;44;19;Beginner Level;3 hours;2014-01-28;Graphic Design
1031698;You Can Play Jazz Saxophone;TRUE;"$20,00";37;7;6;Beginner Level;1.5 hours;2017-03-15;Musical Instruments
79364;Your Business by the Numbers;TRUE;"$25,00";29;2;42;All Levels;3 hours;2013-09-26;Business Finance
1257976;Your First 10 Guitar Lessons - Learn how to play guitar;FALSE;Free;924;4;18;Beginner Level;1 hour;2017-06-29;Musical Instruments
551170;Your First Course on Piano;TRUE;"$70,00";2.002;34;33;Beginner Level;4 hours;2015-07-16;Musical Instruments
498488;Your First Successful Forex Trades - With Case Studies;TRUE;"$200,00";1.079;34;16;All Levels;2.5 hours;2015-05-26;Business Finance
328960;Your Own Site in 45 Min: The Complete Wordpress Course;TRUE;"$120,00";1.566;29;36;All Levels;4 hours;2015-04-20;Web Development
552700;Your Second Course on Piano: Two Handed Playing;TRUE;"$70,00";1.018;12;22;Beginner Level;5 hours;2015-10-26;Musical Instruments
631754;Zend Framework 2: Learn the PHP framework ZF2 from scratch;TRUE;"$40,00";723;130;37;All Levels;6.5 hours;2015-11-11;Web Development
1225194;Zoho Books Gestion Financière d'Entreprise pas à pas;FALSE;Free;229;0;33;All Levels;2 hours;2017-05-26;Business Finance
964478;Zombie Apocalypse Photoshop Actions;TRUE;"$50,00";12;1;15;All Levels;1.5 hours;2016-09-26;Graphic Design
